DAPR-2000--Digital_Audio_Essentials/Images/careers/careers-game-audio-pipeline-01.png	DAPR-2000--Digital_Audio_Essentials/Careers/Game_Audio_Pipeline.png
DAPR-2000--Digital_Audio_Essentials/Images/careers/careers-live-sound-roles-01.png	DAPR-2000--Digital_Audio_Essentials/Careers/Live_Sound_Roles.png
DAPR-2000--Digital_Audio_Essentials/Images/careers/careers-music-production-roles-01.png	DAPR-2000--Digital_Audio_Essentials/Careers/Music_Production_Roles.png
DAPR-2000--Digital_Audio_Essentials/Images/careers/careers-pathway-map-01.png	DAPR-2000--Digital_Audio_Essentials/Careers/Pathway_Map.png
DAPR-2000--Digital_Audio_Essentials/Images/careers/careers-post-production-roles-01.png	DAPR-2000--Digital_Audio_Essentials/Careers/Post_Production_Roles.png
DAPR-2000--Digital_Audio_Essentials/Images/course-info/course-info-mac-disk-utility-erase-button-01.png	DAPR-2000--Digital_Audio_Essentials/Course_Info/MAC_Disk_Utility_Erase_Button.png
DAPR-2000--Digital_Audio_Essentials/Images/course-info/course-info-mac-disk-utility-erase-menu-01.png	DAPR-2000--Digital_Audio_Essentials/Course_Info/MAC_Disk_Utility_Erase_Menu.png
DAPR-2000--Digital_Audio_Essentials/Images/course-info/course-info-mac-disk-utility-show-all-devices-01.png	DAPR-2000--Digital_Audio_Essentials/Course_Info/MAC_Disk_Utility_Show_All_Devices.png
DAPR-2000--Digital_Audio_Essentials/Images/course-info/course-info-mac-erase-exfat-01.png	DAPR-2000--Digital_Audio_Essentials/Course_Info/MAC_Erase_Exfat.png
DAPR-2000--Digital_Audio_Essentials/Images/course-orientation/course-orientation-uvu-digital-media-logo-01.png	DAPR-2000--Digital_Audio_Essentials/Course_Orientation/Uvu_Digital_Media_Logo.png
DAPR-2000--Digital_Audio_Essentials/Images/daw-eq-dynamics/daw-eq-dynamics-api-560-graphic-eq-01.png	DAPR-2000--Digital_Audio_Essentials/DAW__EQ_and_Dynamics/Api_560_Graphic_EQ.png
DAPR-2000--Digital_Audio_Essentials/Images/daw-eq-dynamics/daw-eq-dynamics-bell-eq-or-parametric-eq-gain-01.png	DAPR-2000--Digital_Audio_Essentials/DAW__EQ_and_Dynamics/Bell_EQ_or_Parametric_EQ_Gain.png
DAPR-2000--Digital_Audio_Essentials/Images/daw-eq-dynamics/daw-eq-dynamics-bell-eq-or-parametric-eq-plus-gain-01.png	DAPR-2000--Digital_Audio_Essentials/DAW__EQ_and_Dynamics/Bell_EQ_or_Parametric_EQ_Plus_Gain.png
DAPR-2000--Digital_Audio_Essentials/Images/daw-eq-dynamics/daw-eq-dynamics-edit-tools-tool-quiz-01.png	DAPR-2000--Digital_Audio_Essentials/DAW__EQ_and_Dynamics/Three_Tool_Group_Highlighted.png
DAPR-2000--Digital_Audio_Essentials/Images/daw-eq-dynamics/daw-eq-dynamics-edit-tools-tool-quiz-02.png	DAPR-2000--Digital_Audio_Essentials/DAW__EQ_and_Dynamics/Magnifier_Zoom_Icon_Highlighted.png
DAPR-2000--Digital_Audio_Essentials/Images/daw-eq-dynamics/daw-eq-dynamics-edit-tools-tool-quiz-03.png	DAPR-2000--Digital_Audio_Essentials/DAW__EQ_and_Dynamics/Trim_Arrows_Icon_Highlighted.png
DAPR-2000--Digital_Audio_Essentials/Images/daw-eq-dynamics/daw-eq-dynamics-edit-tools-tool-quiz-04.png	DAPR-2000--Digital_Audio_Essentials/DAW__EQ_and_Dynamics/Waveform_Select_Icon_Highlighted.png
DAPR-2000--Digital_Audio_Essentials/Images/daw-eq-dynamics/daw-eq-dynamics-edit-tools-tool-quiz-05.png	DAPR-2000--Digital_Audio_Essentials/DAW__EQ_and_Dynamics/Open_Hand_Icon_Highlighted.png
DAPR-2000--Digital_Audio_Essentials/Images/daw-eq-dynamics/daw-eq-dynamics-edit-tools-tool-quiz-06.png	DAPR-2000--Digital_Audio_Essentials/DAW__EQ_and_Dynamics/Speaker_Scrub_Icon_Highlighted.png
DAPR-2000--Digital_Audio_Essentials/Images/daw-eq-dynamics/daw-eq-dynamics-edit-tools-tool-quiz-07.png	DAPR-2000--Digital_Audio_Essentials/DAW__EQ_and_Dynamics/Pencil_Icon_Highlighted.png
DAPR-2000--Digital_Audio_Essentials/Images/daw-eq-dynamics/daw-eq-dynamics-eq-filter-slopes-01.svg	DAPR-2000--Digital_Audio_Essentials/DAW__EQ_and_Dynamics/EQ_Filter_Slopes.svg
DAPR-2000--Digital_Audio_Essentials/Images/daw-eq-dynamics/daw-eq-dynamics-frequency-chart-01.png	DAPR-2000--Digital_Audio_Essentials/DAW__EQ_and_Dynamics/Frequency_Chart.png
DAPR-2000--Digital_Audio_Essentials/Images/daw-eq-dynamics/daw-eq-dynamics-gml-8200-parametric-eq-01.png	DAPR-2000--Digital_Audio_Essentials/DAW__EQ_and_Dynamics/Gml_8200_Parametric_EQ.png
DAPR-2000--Digital_Audio_Essentials/Images/daw-eq-dynamics/daw-eq-dynamics-high-pass-filter-01.png	DAPR-2000--Digital_Audio_Essentials/DAW__EQ_and_Dynamics/High_Pass_Filter.png
DAPR-2000--Digital_Audio_Essentials/Images/daw-eq-dynamics/daw-eq-dynamics-high-shelving-eq-gain-01.png	DAPR-2000--Digital_Audio_Essentials/DAW__EQ_and_Dynamics/High_Shelving_EQ_Gain.png
DAPR-2000--Digital_Audio_Essentials/Images/daw-eq-dynamics/daw-eq-dynamics-high-shelving-eq-plus-gain-01.png	DAPR-2000--Digital_Audio_Essentials/DAW__EQ_and_Dynamics/High_Shelving_EQ_Plus_Gain.png
DAPR-2000--Digital_Audio_Essentials/Images/daw-eq-dynamics/daw-eq-dynamics-low-pass-filter-01.png	DAPR-2000--Digital_Audio_Essentials/DAW__EQ_and_Dynamics/Low_Pass_Filter.png
DAPR-2000--Digital_Audio_Essentials/Images/daw-eq-dynamics/daw-eq-dynamics-low-shelving-eq-gain-01.png	DAPR-2000--Digital_Audio_Essentials/DAW__EQ_and_Dynamics/Low_Shelving_EQ_Gain.png
DAPR-2000--Digital_Audio_Essentials/Images/daw-eq-dynamics/daw-eq-dynamics-low-shelving-eq-plus-gain-01.png	DAPR-2000--Digital_Audio_Essentials/DAW__EQ_and_Dynamics/Low_Shelving_EQ_Plus_Gain.png
DAPR-2000--Digital_Audio_Essentials/Images/daw-eq-dynamics/daw-eq-dynamics-maag-eq4-air-band-01.png	DAPR-2000--Digital_Audio_Essentials/DAW__EQ_and_Dynamics/Maag_Eq4_Air_Band.png
DAPR-2000--Digital_Audio_Essentials/Images/daw-eq-dynamics/daw-eq-dynamics-module-banner-01.png	DAPR-2000--Digital_Audio_Essentials/DAW__EQ_and_Dynamics/Module_Banner.png
DAPR-2000--Digital_Audio_Essentials/Images/daw-eq-dynamics/daw-eq-dynamics-pro-tools-blank-edit-window-01.png	DAPR-2000--Digital_Audio_Essentials/DAW__EQ_and_Dynamics/Pro_Tools_Blank_Edit_Window.png
DAPR-2000--Digital_Audio_Essentials/Images/daw-eq-dynamics/daw-eq-dynamics-pro-tools-blank-mix-window-01.png	DAPR-2000--Digital_Audio_Essentials/DAW__EQ_and_Dynamics/Pro_Tools_Blank_Mix_Window.png
DAPR-2000--Digital_Audio_Essentials/Images/daw-eq-dynamics/daw-eq-dynamics-pro-tools-dashboard-key-01.png	DAPR-2000--Digital_Audio_Essentials/DAW__EQ_and_Dynamics/Pro_Tools_Dashboard_Key.png
DAPR-2000--Digital_Audio_Essentials/Images/daw-eq-dynamics/daw-eq-dynamics-pro-tools-fader-and-meters-01.png	DAPR-2000--Digital_Audio_Essentials/DAW__EQ_and_Dynamics/Pro_Tools_Fader_and_Meters.png
DAPR-2000--Digital_Audio_Essentials/Images/daw-eq-dynamics/daw-eq-dynamics-pro-tools-i-o-01.png	DAPR-2000--Digital_Audio_Essentials/DAW__EQ_and_Dynamics/Pro_Tools_I-O.png
DAPR-2000--Digital_Audio_Essentials/Images/daw-eq-dynamics/daw-eq-dynamics-pro-tools-inserts-01.png	DAPR-2000--Digital_Audio_Essentials/DAW__EQ_and_Dynamics/Pro_Tools_Inserts.png
DAPR-2000--Digital_Audio_Essentials/Images/daw-eq-dynamics/daw-eq-dynamics-pro-tools-panner-01.png	DAPR-2000--Digital_Audio_Essentials/DAW__EQ_and_Dynamics/Pro_Tools_Panner.png
DAPR-2000--Digital_Audio_Essentials/Images/daw-eq-dynamics/daw-eq-dynamics-pro-tools-splash-screen-01.png	DAPR-2000--Digital_Audio_Essentials/DAW__EQ_and_Dynamics/Pro_Tools_Splash_Screen.png
DAPR-2000--Digital_Audio_Essentials/Images/daw-eq-dynamics/daw-eq-dynamics-pro-tools-track-with-clip-01.png	DAPR-2000--Digital_Audio_Essentials/DAW__EQ_and_Dynamics/Pro_Tools_Track_with_Clip.png
DAPR-2000--Digital_Audio_Essentials/Images/daw-eq-dynamics/daw-eq-dynamics-pro-tools-track-with-clip-labeled-01.png	DAPR-2000--Digital_Audio_Essentials/DAW__EQ_and_Dynamics/Pro_Tools_Track_with_Clip_Labeled.png
DAPR-2000--Digital_Audio_Essentials/Images/daw-eq-dynamics/daw-eq-dynamics-pro-tools-transport-controls-01.png	DAPR-2000--Digital_Audio_Essentials/DAW__EQ_and_Dynamics/Pro_Tools_Transport_Controls.png
DAPR-2000--Digital_Audio_Essentials/Images/daw-eq-dynamics/daw-eq-dynamics-the-anatomy-of-a-compressor-01.png	DAPR-2000--Digital_Audio_Essentials/DAW__EQ_and_Dynamics/The_Anatomy_of_a_Compressor.png
DAPR-2000--Digital_Audio_Essentials/Images/daw-first-mix/daw-first-mix-drum-routing-example-01.png	DAPR-2000--Digital_Audio_Essentials/DAW__First_Mix/Drum_Routing_Example.png
DAPR-2000--Digital_Audio_Essentials/Images/daw-first-mix/daw-first-mix-pro-tools-blank-mix-window-01.png	DAPR-2000--Digital_Audio_Essentials/DAW__First_Mix/Pro_Tools_Blank_Mix_Window.png
DAPR-2000--Digital_Audio_Essentials/Images/daw-first-mix/daw-first-mix-pro-tools-hard-panned-channel-01.png	DAPR-2000--Digital_Audio_Essentials/DAW__First_Mix/Pro_Tools_Hard_Panned_Channel.png
DAPR-2000--Digital_Audio_Essentials/Images/daw-first-mix/daw-first-mix-sends-aux-and-effects-01.png	DAPR-2000--Digital_Audio_Essentials/DAW__First_Mix/Sends_Aux_and_Effects.png
DAPR-2000--Digital_Audio_Essentials/Images/daw-first-mix/daw-first-mix-three-checks-01.png	DAPR-2000--Digital_Audio_Essentials/DAW__First_Mix/Three_Checks.png
DAPR-2000--Digital_Audio_Essentials/Images/digital-domain/digital-domain-bit-depth-ladder-01.png	DAPR-2000--Digital_Audio_Essentials/Digital_Domain/Bit_Depth_Ladder.png
DAPR-2000--Digital_Audio_Essentials/Images/digital-domain/digital-domain-module-banner-01.png	DAPR-2000--Digital_Audio_Essentials/Digital_Domain/Module_Banner.png
DAPR-2000--Digital_Audio_Essentials/Images/digital-domain/digital-domain-sampling-quantization-01.png	DAPR-2000--Digital_Audio_Essentials/Digital_Domain/Sampling_Quantization.png
DAPR-2000--Digital_Audio_Essentials/Images/exams/exams-final-topic-map-01.png	DAPR-2000--Digital_Audio_Essentials/Exams/Final_Topic_Map.png
DAPR-2000--Digital_Audio_Essentials/Images/microphones-characteristics/microphones-characteristics-mic-pattern-polar-chart-cardioid-labeled-01.png	DAPR-2000--Digital_Audio_Essentials/Microphones__Characteristics/Mic_Pattern_Polar_Chart_Cardioid_Labeled.png
DAPR-2000--Digital_Audio_Essentials/Images/microphones-characteristics/microphones-characteristics-module-banner-01.png	DAPR-2000--Digital_Audio_Essentials/Microphones__Characteristics/Module_Banner.png
DAPR-2000--Digital_Audio_Essentials/Images/microphones-characteristics/microphones-characteristics-polar-chart-supercardioid-labeled-01.png	DAPR-2000--Digital_Audio_Essentials/Microphones__Characteristics/Polar_Chart_Supercardioid_Labeled.png
DAPR-2000--Digital_Audio_Essentials/Images/microphones-characteristics/microphones-characteristics-polarpatterncomparison-01.jpg	DAPR-2000--Digital_Audio_Essentials/Microphones__Characteristics/Polarpatterncomparison.jpg
DAPR-2000--Digital_Audio_Essentials/Images/microphones-stereo-techniques/microphones-stereo-techniques-pro-tools-hard-panned-channel-01.png	DAPR-2000--Digital_Audio_Essentials/Microphones__Stereo_Techniques/Channel_Strip_with_Centered_Pan_Knobs.png
DAPR-2000--Digital_Audio_Essentials/Images/microphones-stereo-techniques/microphones-stereo-techniques-pro-tools-hard-panned-channel-02.png	DAPR-2000--Digital_Audio_Essentials/Microphones__Stereo_Techniques/Channel_Strip_with_Hard_Panned_Knobs.png
DAPR-2000--Digital_Audio_Essentials/Images/microphones-stereo-techniques/microphones-stereo-techniques-stereo-mic-techniques-01.jpg	DAPR-2000--Digital_Audio_Essentials/Microphones__Stereo_Techniques/Stereo_Mic_Techniques.jpg
DAPR-2000--Digital_Audio_Essentials/Images/microphones-stereo-techniques/microphones-stereo-techniques-stereo-recording-techniques-graphic4-01.jpg	DAPR-2000--Digital_Audio_Essentials/Microphones__Stereo_Techniques/Stereo_Recording_Techniques_Graphic4.jpg
DAPR-2000--Digital_Audio_Essentials/Images/microphones-stereo-techniques/microphones-stereo-techniques-xy-coincident-pair-01.jpeg	DAPR-2000--Digital_Audio_Essentials/Microphones__Stereo_Techniques/Xy_Coincident_Pair.jpg
DAPR-2000--Digital_Audio_Essentials/Images/mixing-mastering/mixing-mastering-automation-timeline-01.png	DAPR-2000--Digital_Audio_Essentials/Mixing_and_Mastering/Automation_Timeline.png
DAPR-2000--Digital_Audio_Essentials/Images/mixing-mastering/mixing-mastering-loudness-ceiling-01.png	DAPR-2000--Digital_Audio_Essentials/Mixing_and_Mastering/Loudness_Ceiling.png
DAPR-2000--Digital_Audio_Essentials/Images/mixing-mastering/mixing-mastering-mastering-chain-01.png	DAPR-2000--Digital_Audio_Essentials/Mixing_and_Mastering/Mastering_Chain.png
DAPR-2000--Digital_Audio_Essentials/Images/mixing-mastering/mixing-mastering-mix-arc-01.png	DAPR-2000--Digital_Audio_Essentials/Mixing_and_Mastering/Mix_Arc.png
DAPR-2000--Digital_Audio_Essentials/Images/mixing-mastering/mixing-mastering-module-banner-01.png	DAPR-2000--Digital_Audio_Essentials/Mixing_and_Mastering/Module_Banner.png
DAPR-2000--Digital_Audio_Essentials/Images/mixing-mastering/mixing-mastering-sample-vs-true-peak-01.png	DAPR-2000--Digital_Audio_Essentials/Mixing_and_Mastering/Sample_vs_True_Peak.png
DAPR-2000--Digital_Audio_Essentials/Images/monitoring-psychoacoustics/monitoring-psychoacoustics-equal-loudness-01.png	DAPR-2000--Digital_Audio_Essentials/Monitoring_and_Psychoacoustics/Equal_Loudness.png
DAPR-2000--Digital_Audio_Essentials/Images/monitoring-psychoacoustics/monitoring-psychoacoustics-module-banner-01.png	DAPR-2000--Digital_Audio_Essentials/Monitoring_and_Psychoacoustics/Module_Banner.png
DAPR-2000--Digital_Audio_Essentials/Images/monitoring-psychoacoustics/monitoring-psychoacoustics-monitor-triangle-01.jpg	DAPR-2000--Digital_Audio_Essentials/Monitoring_and_Psychoacoustics/Monitor_Triangle.jpg
DAPR-2000--Digital_Audio_Essentials/Images/monitoring-psychoacoustics/monitoring-psychoacoustics-sound-field-speaker-placement-01.png	DAPR-2000--Digital_Audio_Essentials/Monitoring_and_Psychoacoustics/Sound_Field_Speaker_Placement.png
DAPR-2000--Digital_Audio_Essentials/Images/pro-tools-introduction/pro-tools-introduction-dapr2000-protools-01-new-tracks-dialog-01.jpg	DAPR-2000--Digital_Audio_Essentials/Pro_Tools_Introduction/Dapr2000_Protools_01_New_Tracks_Dialog.jpg
DAPR-2000--Digital_Audio_Essentials/Images/pro-tools-introduction/pro-tools-introduction-dapr2000-protools-02-mix-window-sends-01.jpg	DAPR-2000--Digital_Audio_Essentials/Pro_Tools_Introduction/Dapr2000_Protools_02_Mix_Window_Sends.jpg
DAPR-2000--Digital_Audio_Essentials/Images/pro-tools-introduction/pro-tools-introduction-dapr2000-protools-02-mix-window-track-types-01.jpg	DAPR-2000--Digital_Audio_Essentials/Pro_Tools_Introduction/Dapr2000_Protools_02_Mix_Window_Track_Types.jpg
DAPR-2000--Digital_Audio_Essentials/Images/pro-tools-introduction/pro-tools-introduction-dapr2000-protools-03-edit-window-track-types-01.jpg	DAPR-2000--Digital_Audio_Essentials/Pro_Tools_Introduction/Dapr2000_Protools_03_Edit_Window_Track_Types.jpg
DAPR-2000--Digital_Audio_Essentials/Images/pro-tools-introduction/pro-tools-introduction-dapr2000-protools-04-io-setup-output-page-01.jpg	DAPR-2000--Digital_Audio_Essentials/Pro_Tools_Introduction/Dapr2000_Protools_04_IO_Setup_Output_Page.jpg
DAPR-2000--Digital_Audio_Essentials/Images/pro-tools-introduction/pro-tools-introduction-dapr2000-protools-05-io-setup-input-page-01.jpg	DAPR-2000--Digital_Audio_Essentials/Pro_Tools_Introduction/Dapr2000_Protools_05_IO_Setup_Input_Page.jpg
DAPR-2000--Digital_Audio_Essentials/Images/pro-tools-introduction/pro-tools-introduction-dapr2000-protools-06-io-setup-bus-page-01.jpg	DAPR-2000--Digital_Audio_Essentials/Pro_Tools_Introduction/Dapr2000_Protools_06_IO_Setup_Bus_Page.jpg
DAPR-2000--Digital_Audio_Essentials/Images/pro-tools-introduction/pro-tools-introduction-dapr2000-protools-07-window-menu-edit-and-mix-01.jpg	DAPR-2000--Digital_Audio_Essentials/Pro_Tools_Introduction/Dapr2000_Protools_07_Window_Menu_Edit_and_Mix.jpg
DAPR-2000--Digital_Audio_Essentials/Images/pro-tools-introduction/pro-tools-introduction-dapr2000-protools-08-edit-window-view-selector-01.jpg	DAPR-2000--Digital_Audio_Essentials/Pro_Tools_Introduction/Dapr2000_Protools_08_Edit_Window_View_Selector.jpg
DAPR-2000--Digital_Audio_Essentials/Images/pro-tools-introduction/pro-tools-introduction-dapr2000-protools-09-edit-modes-shuffle-slip-spot-grid-01.jpg	DAPR-2000--Digital_Audio_Essentials/Pro_Tools_Introduction/Dapr2000_Protools_09_Edit_Modes_Shuffle_Slip_Spot_Grid.jpg
DAPR-2000--Digital_Audio_Essentials/Images/pro-tools-introduction/pro-tools-introduction-dapr2000-protools-10-edit-toolbar-expanded-01.jpg	DAPR-2000--Digital_Audio_Essentials/Pro_Tools_Introduction/Dapr2000_Protools_10_Edit_Toolbar_Expanded.jpg
DAPR-2000--Digital_Audio_Essentials/Images/pro-tools-introduction/pro-tools-introduction-dapr2000-protools-11-edit-toolbar-standard-01.jpg	DAPR-2000--Digital_Audio_Essentials/Pro_Tools_Introduction/Dapr2000_Protools_11_Edit_Toolbar_Standard.jpg
DAPR-2000--Digital_Audio_Essentials/Images/pro-tools-introduction/pro-tools-introduction-dapr2000-protools-12-transport-window-controls-01.png	DAPR-2000--Digital_Audio_Essentials/Pro_Tools_Introduction/Dapr2000_Protools_12_Transport_Window_Controls.png
DAPR-2000--Digital_Audio_Essentials/Images/pro-tools-introduction/pro-tools-introduction-dapr2000-protools-13-record-enabled-audio-track-01.png	DAPR-2000--Digital_Audio_Essentials/Pro_Tools_Introduction/Dapr2000_Protools_13_Record_Enabled_Audio_Track.png
DAPR-2000--Digital_Audio_Essentials/Images/pro-tools-introduction/pro-tools-introduction-dapr2000-protools-15-input-monitoring-playback-example-01.png	DAPR-2000--Digital_Audio_Essentials/Pro_Tools_Introduction/Dapr2000_Protools_15_Input_Monitoring_Playback_Example.png
DAPR-2000--Digital_Audio_Essentials/Images/pro-tools-introduction/pro-tools-introduction-pro-tools-dashboard-1-01.png	DAPR-2000--Digital_Audio_Essentials/Pro_Tools_Introduction/Pro_Tools_Dashboard_1.png
DAPR-2000--Digital_Audio_Essentials/Images/processing-compression/processing-compression-attack-release-envelope-01.png	DAPR-2000--Digital_Audio_Essentials/Processing__Compression/Attack_Release_Envelope.png
DAPR-2000--Digital_Audio_Essentials/Images/processing-compression/processing-compression-bf-2a-plugin-window-01.png	DAPR-2000--Digital_Audio_Essentials/Processing__Compression/Bf_2a_Plugin_Window.png
DAPR-2000--Digital_Audio_Essentials/Images/processing-compression/processing-compression-bf-76-peak-limiter-01.png	DAPR-2000--Digital_Audio_Essentials/Processing__Compression/Bf_76_Peak_Limiter.png
DAPR-2000--Digital_Audio_Essentials/Images/processing-compression/processing-compression-compressor-limiter-iii-plugin-window-01.png	DAPR-2000--Digital_Audio_Essentials/Processing__Compression/Compressor_Limiter_Iii_Plugin_Window.png
DAPR-2000--Digital_Audio_Essentials/Images/processing-compression/processing-compression-la-2a-leveling-amplifier-01.png	DAPR-2000--Digital_Audio_Essentials/Processing__Compression/La_2a_Leveling_Amplifier.png
DAPR-2000--Digital_Audio_Essentials/Images/processing-compression/processing-compression-parallel-routing-01.png	DAPR-2000--Digital_Audio_Essentials/Processing__Compression/Parallel_Routing.png
DAPR-2000--Digital_Audio_Essentials/Images/processing-compression/processing-compression-the-anatomy-of-a-compressor-01.png	DAPR-2000--Digital_Audio_Essentials/Processing__Compression/The_Anatomy_of_a_Compressor.png
DAPR-2000--Digital_Audio_Essentials/Images/processing-time-based/processing-time-based-d-verb-plugin-window-01.png	DAPR-2000--Digital_Audio_Essentials/Processing__Time_Based/D_Verb_Plugin_Window.png
DAPR-2000--Digital_Audio_Essentials/Images/processing-time-based/processing-time-based-mod-delay-iii-plugin-window-01.png	DAPR-2000--Digital_Audio_Essentials/Processing__Time_Based/Mod_Delay_Iii_Plugin_Window.png
DAPR-2000--Digital_Audio_Essentials/Images/processing-time-based/processing-time-based-module-banner-01.png	DAPR-2000--Digital_Audio_Essentials/Processing__Time_Based/Module_Banner.png
DAPR-2000--Digital_Audio_Essentials/Images/processing-time-based/processing-time-based-pre-delay-01.png	DAPR-2000--Digital_Audio_Essentials/Processing__Time_Based/Pre_Delay.png
DAPR-2000--Digital_Audio_Essentials/Images/processing-time-based/processing-time-based-send-vs-insert-01.png	DAPR-2000--Digital_Audio_Essentials/Processing__Time_Based/Send_vs_Insert.png
DAPR-2000--Digital_Audio_Essentials/Images/quiz-questions/quiz-questions-pro-tools-pan-and-track-state-quiz-01.png	DAPR-2000--Digital_Audio_Essentials/Quiz_Questions/Pro_Tools_Pan_and_Track_State_Quiz.png
DAPR-2000--Digital_Audio_Essentials/Images/signal-flow-cables/signal-flow-cables-adam-audio-monitors-01.jpg	DAPR-2000--Digital_Audio_Essentials/Signal_Flow_and_Cables/Adam_Audio_Monitors.jpg
DAPR-2000--Digital_Audio_Essentials/Images/signal-flow-cables/signal-flow-cables-aes50-network-cable-01.png	DAPR-2000--Digital_Audio_Essentials/Signal_Flow_and_Cables/Aes50_Network_Cable.png
DAPR-2000--Digital_Audio_Essentials/Images/signal-flow-cables/signal-flow-cables-aes67-network-cable-01.png	DAPR-2000--Digital_Audio_Essentials/Signal_Flow_and_Cables/Aes67_Network_Cable.png
DAPR-2000--Digital_Audio_Essentials/Images/signal-flow-cables/signal-flow-cables-avb-network-cable-01.png	DAPR-2000--Digital_Audio_Essentials/Signal_Flow_and_Cables/AVB_Network_Cable.png
DAPR-2000--Digital_Audio_Essentials/Images/signal-flow-cables/signal-flow-cables-balanced-audio-01.webp	DAPR-2000--Digital_Audio_Essentials/Signal_Flow_and_Cables/Balanced_Audio.webp
DAPR-2000--Digital_Audio_Essentials/Images/signal-flow-cables/signal-flow-cables-banana-plug-01.png	DAPR-2000--Digital_Audio_Essentials/Signal_Flow_and_Cables/Banana_Plug.png
DAPR-2000--Digital_Audio_Essentials/Images/signal-flow-cables/signal-flow-cables-bedroom-studio-01.webp	DAPR-2000--Digital_Audio_Essentials/Signal_Flow_and_Cables/Bedroom_Studio.webp
DAPR-2000--Digital_Audio_Essentials/Images/signal-flow-cables/signal-flow-cables-binding-post-01.png	DAPR-2000--Digital_Audio_Essentials/Signal_Flow_and_Cables/Binding_Post.png
DAPR-2000--Digital_Audio_Essentials/Images/signal-flow-cables/signal-flow-cables-bnc-50-ohm-01.png	DAPR-2000--Digital_Audio_Essentials/Signal_Flow_and_Cables/Bnc_50_Ohm.png
DAPR-2000--Digital_Audio_Essentials/Images/signal-flow-cables/signal-flow-cables-bnc-75-ohm-01.png	DAPR-2000--Digital_Audio_Essentials/Signal_Flow_and_Cables/Bnc_75_Ohm.png
DAPR-2000--Digital_Audio_Essentials/Images/signal-flow-cables/signal-flow-cables-bnc-75-ohm-terminator-01.png	DAPR-2000--Digital_Audio_Essentials/Signal_Flow_and_Cables/Bnc_75_Ohm_Terminator.png
DAPR-2000--Digital_Audio_Essentials/Images/signal-flow-cables/signal-flow-cables-bnc-aes3id-01.png	DAPR-2000--Digital_Audio_Essentials/Signal_Flow_and_Cables/Bnc_Aes3id.png
DAPR-2000--Digital_Audio_Essentials/Images/signal-flow-cables/signal-flow-cables-bnc-barrel-01.png	DAPR-2000--Digital_Audio_Essentials/Signal_Flow_and_Cables/Bnc_Barrel.png
DAPR-2000--Digital_Audio_Essentials/Images/signal-flow-cables/signal-flow-cables-bnc-female-01.png	DAPR-2000--Digital_Audio_Essentials/Signal_Flow_and_Cables/Bnc_Female.png
DAPR-2000--Digital_Audio_Essentials/Images/signal-flow-cables/signal-flow-cables-bnc-madi-coax-01.png	DAPR-2000--Digital_Audio_Essentials/Signal_Flow_and_Cables/Bnc_Madi_Coax.png
DAPR-2000--Digital_Audio_Essentials/Images/signal-flow-cables/signal-flow-cables-bnc-male-01.png	DAPR-2000--Digital_Audio_Essentials/Signal_Flow_and_Cables/Bnc_Male.png
DAPR-2000--Digital_Audio_Essentials/Images/signal-flow-cables/signal-flow-cables-bnc-male-male-adapter-01.png	DAPR-2000--Digital_Audio_Essentials/Signal_Flow_and_Cables/Bnc_Male_Male_Adapter.png
DAPR-2000--Digital_Audio_Essentials/Images/signal-flow-cables/signal-flow-cables-bnc-tee-01.png	DAPR-2000--Digital_Audio_Essentials/Signal_Flow_and_Cables/Bnc_Tee.png
DAPR-2000--Digital_Audio_Essentials/Images/signal-flow-cables/signal-flow-cables-bnc-word-clock-01.png	DAPR-2000--Digital_Audio_Essentials/Signal_Flow_and_Cables/Bnc_Word_Clock.png
DAPR-2000--Digital_Audio_Essentials/Images/signal-flow-cables/signal-flow-cables-cat6-cable-01.png	DAPR-2000--Digital_Audio_Essentials/Signal_Flow_and_Cables/Cat6_Cable.png
DAPR-2000--Digital_Audio_Essentials/Images/signal-flow-cables/signal-flow-cables-connector-size-comparison-01.png	DAPR-2000--Digital_Audio_Essentials/Signal_Flow_and_Cables/Connector_Size_Comparison.png
DAPR-2000--Digital_Audio_Essentials/Images/signal-flow-cables/signal-flow-cables-dante-network-cable-01.png	DAPR-2000--Digital_Audio_Essentials/Signal_Flow_and_Cables/Dante_Network_Cable.png
DAPR-2000--Digital_Audio_Essentials/Images/signal-flow-cables/signal-flow-cables-db25-aes-digital-01.png	DAPR-2000--Digital_Audio_Essentials/Signal_Flow_and_Cables/Db25_AES_Digital.png
DAPR-2000--Digital_Audio_Essentials/Images/signal-flow-cables/signal-flow-cables-db25-analog-vs-aes-01.png	DAPR-2000--Digital_Audio_Essentials/Signal_Flow_and_Cables/Db25_Analog_vs_AES.png
DAPR-2000--Digital_Audio_Essentials/Images/signal-flow-cables/signal-flow-cables-db25-audio-breakout-01.png	DAPR-2000--Digital_Audio_Essentials/Signal_Flow_and_Cables/Db25_Audio_Breakout.png
DAPR-2000--Digital_Audio_Essentials/Images/signal-flow-cables/signal-flow-cables-db25-female-01.png	DAPR-2000--Digital_Audio_Essentials/Signal_Flow_and_Cables/Db25_Female.png
DAPR-2000--Digital_Audio_Essentials/Images/signal-flow-cables/signal-flow-cables-db25-male-01.png	DAPR-2000--Digital_Audio_Essentials/Signal_Flow_and_Cables/Db25_Male.png
DAPR-2000--Digital_Audio_Essentials/Images/signal-flow-cables/signal-flow-cables-dc-barrel-size-comparison-01.png	DAPR-2000--Digital_Audio_Essentials/Signal_Flow_and_Cables/DC_Barrel_Size_Comparison.png
DAPR-2000--Digital_Audio_Essentials/Images/signal-flow-cables/signal-flow-cables-edac-516-male-01.png	DAPR-2000--Digital_Audio_Essentials/Signal_Flow_and_Cables/Edac_516_Male.png
DAPR-2000--Digital_Audio_Essentials/Images/signal-flow-cables/signal-flow-cables-edac-516-mating-pair-01.png	DAPR-2000--Digital_Audio_Essentials/Signal_Flow_and_Cables/Edac_516_Mating_Pair.png
DAPR-2000--Digital_Audio_Essentials/Images/signal-flow-cables/signal-flow-cables-eighth-inch-to-quarter-inch-adapter-01.png	DAPR-2000--Digital_Audio_Essentials/Signal_Flow_and_Cables/Eighth_Inch_to_Quarter_Inch_Adapter.png
DAPR-2000--Digital_Audio_Essentials/Images/signal-flow-cables/signal-flow-cables-eighth-inch-trrs-01.png	DAPR-2000--Digital_Audio_Essentials/Signal_Flow_and_Cables/Eighth_Inch_Trrs.png
DAPR-2000--Digital_Audio_Essentials/Images/signal-flow-cables/signal-flow-cables-eighth-inch-trs-01.png	DAPR-2000--Digital_Audio_Essentials/Signal_Flow_and_Cables/Eighth_Inch_Trs.png
DAPR-2000--Digital_Audio_Essentials/Images/signal-flow-cables/signal-flow-cables-eighth-inch-ts-01.png	DAPR-2000--Digital_Audio_Essentials/Signal_Flow_and_Cables/Eighth_Inch_Ts.png
DAPR-2000--Digital_Audio_Essentials/Images/signal-flow-cables/signal-flow-cables-ethercon-01.png	DAPR-2000--Digital_Audio_Essentials/Signal_Flow_and_Cables/Ethercon.png
DAPR-2000--Digital_Audio_Essentials/Images/signal-flow-cables/signal-flow-cables-firewire-400-4-pin-01.png	DAPR-2000--Digital_Audio_Essentials/Signal_Flow_and_Cables/Firewire_400_4_Pin.png
DAPR-2000--Digital_Audio_Essentials/Images/signal-flow-cables/signal-flow-cables-firewire-400-6-pin-01.png	DAPR-2000--Digital_Audio_Essentials/Signal_Flow_and_Cables/Firewire_400_6_Pin.png
DAPR-2000--Digital_Audio_Essentials/Images/signal-flow-cables/signal-flow-cables-firewire-800-9-pin-01.png	DAPR-2000--Digital_Audio_Essentials/Signal_Flow_and_Cables/Firewire_800_9_Pin.png
DAPR-2000--Digital_Audio_Essentials/Images/signal-flow-cables/signal-flow-cables-focusrite-scarlett-01.webp	DAPR-2000--Digital_Audio_Essentials/Signal_Flow_and_Cables/Focusrite_Scarlett.webp
DAPR-2000--Digital_Audio_Essentials/Images/signal-flow-cables/signal-flow-cables-headphones-01.png	DAPR-2000--Digital_Audio_Essentials/Signal_Flow_and_Cables/Headphones.png
DAPR-2000--Digital_Audio_Essentials/Images/signal-flow-cables/signal-flow-cables-hirose-4-pin-dc-01.png	DAPR-2000--Digital_Audio_Essentials/Signal_Flow_and_Cables/Hirose_4_Pin_DC.png
DAPR-2000--Digital_Audio_Essentials/Images/signal-flow-cables/signal-flow-cables-home-studio-signal-flow-01.jpeg	DAPR-2000--Digital_Audio_Essentials/Signal_Flow_and_Cables/Home_Studio_Signal_Flow.jpg
DAPR-2000--Digital_Audio_Essentials/Images/signal-flow-cables/signal-flow-cables-iec-c13-01.png	DAPR-2000--Digital_Audio_Essentials/Signal_Flow_and_Cables/Iec_C13.png
DAPR-2000--Digital_Audio_Essentials/Images/signal-flow-cables/signal-flow-cables-iec-c14-01.png	DAPR-2000--Digital_Audio_Essentials/Signal_Flow_and_Cables/Iec_C14.png
DAPR-2000--Digital_Audio_Essentials/Images/signal-flow-cables/signal-flow-cables-instrument-vs-speaker-cable-01.png	DAPR-2000--Digital_Audio_Essentials/Signal_Flow_and_Cables/Instrument_vs_Speaker_Cable.png
DAPR-2000--Digital_Audio_Essentials/Images/signal-flow-cables/signal-flow-cables-laptop-01.webp	DAPR-2000--Digital_Audio_Essentials/Signal_Flow_and_Cables/Laptop.webp
DAPR-2000--Digital_Audio_Essentials/Images/signal-flow-cables/signal-flow-cables-latching-iec-inlet-01.png	DAPR-2000--Digital_Audio_Essentials/Signal_Flow_and_Cables/Latching_Iec_Inlet.png
DAPR-2000--Digital_Audio_Essentials/Images/signal-flow-cables/signal-flow-cables-locking-twist-connector-01.png	DAPR-2000--Digital_Audio_Essentials/Signal_Flow_and_Cables/Locking_Twist_Connector.png
DAPR-2000--Digital_Audio_Essentials/Images/signal-flow-cables/signal-flow-cables-midi-5-pin-din-female-01.png	DAPR-2000--Digital_Audio_Essentials/Signal_Flow_and_Cables/MIDI_5_Pin_Din_Female.png
DAPR-2000--Digital_Audio_Essentials/Images/signal-flow-cables/signal-flow-cables-midi-5-pin-din-male-01.png	DAPR-2000--Digital_Audio_Essentials/Signal_Flow_and_Cables/MIDI_5_Pin_Din_Male.png
DAPR-2000--Digital_Audio_Essentials/Images/signal-flow-cables/signal-flow-cables-mini-toslink-01.png	DAPR-2000--Digital_Audio_Essentials/Signal_Flow_and_Cables/Mini_Toslink.png
DAPR-2000--Digital_Audio_Essentials/Images/signal-flow-cables/signal-flow-cables-phone-plug-size-comparison-01.png	DAPR-2000--Digital_Audio_Essentials/Signal_Flow_and_Cables/Phone_Plug_Size_Comparison.png
DAPR-2000--Digital_Audio_Essentials/Images/signal-flow-cables/signal-flow-cables-quarter-inch-speaker-cable-01.png	DAPR-2000--Digital_Audio_Essentials/Signal_Flow_and_Cables/Quarter_Inch_Speaker_Cable.png
DAPR-2000--Digital_Audio_Essentials/Images/signal-flow-cables/signal-flow-cables-quarter-inch-to-eighth-inch-adapter-01.png	DAPR-2000--Digital_Audio_Essentials/Signal_Flow_and_Cables/Quarter_Inch_to_Eighth_Inch_Adapter.png
DAPR-2000--Digital_Audio_Essentials/Images/signal-flow-cables/signal-flow-cables-quarter-inch-trs-01.png	DAPR-2000--Digital_Audio_Essentials/Signal_Flow_and_Cables/Quarter_Inch_Trs.png
DAPR-2000--Digital_Audio_Essentials/Images/signal-flow-cables/signal-flow-cables-quarter-inch-ts-01.png	DAPR-2000--Digital_Audio_Essentials/Signal_Flow_and_Cables/Quarter_Inch_Ts.png
DAPR-2000--Digital_Audio_Essentials/Images/signal-flow-cables/signal-flow-cables-quarter-inch-ts-vs-trs-01.png	DAPR-2000--Digital_Audio_Essentials/Signal_Flow_and_Cables/Quarter_Inch_Ts_vs_Trs.png
DAPR-2000--Digital_Audio_Essentials/Images/signal-flow-cables/signal-flow-cables-rca-analog-audio-01.png	DAPR-2000--Digital_Audio_Essentials/Signal_Flow_and_Cables/Rca_Analog_Audio.png
DAPR-2000--Digital_Audio_Essentials/Images/signal-flow-cables/signal-flow-cables-rca-analog-vs-spdif-01.png	DAPR-2000--Digital_Audio_Essentials/Signal_Flow_and_Cables/Rca_Analog_vs_Spdif.png
DAPR-2000--Digital_Audio_Essentials/Images/signal-flow-cables/signal-flow-cables-rca-female-01.png	DAPR-2000--Digital_Audio_Essentials/Signal_Flow_and_Cables/Rca_Female.png
DAPR-2000--Digital_Audio_Essentials/Images/signal-flow-cables/signal-flow-cables-rca-male-01.png	DAPR-2000--Digital_Audio_Essentials/Signal_Flow_and_Cables/Rca_Male.png
DAPR-2000--Digital_Audio_Essentials/Images/signal-flow-cables/signal-flow-cables-rca-spdif-75-ohm-01.png	DAPR-2000--Digital_Audio_Essentials/Signal_Flow_and_Cables/Rca_Spdif_75_Ohm.png
DAPR-2000--Digital_Audio_Essentials/Images/signal-flow-cables/signal-flow-cables-rj45-8p8c-jack-01.png	DAPR-2000--Digital_Audio_Essentials/Signal_Flow_and_Cables/Rj45_8p8c_Jack.png
DAPR-2000--Digital_Audio_Essentials/Images/signal-flow-cables/signal-flow-cables-rj45-8p8c-plug-01.png	DAPR-2000--Digital_Audio_Essentials/Signal_Flow_and_Cables/Rj45_8p8c_Plug.png
DAPR-2000--Digital_Audio_Essentials/Images/signal-flow-cables/signal-flow-cables-rj45-vs-ethercon-01.png	DAPR-2000--Digital_Audio_Essentials/Signal_Flow_and_Cables/Rj45_vs_Ethercon.png
DAPR-2000--Digital_Audio_Essentials/Images/signal-flow-cables/signal-flow-cables-same-connector-different-impedance-bnc-01.png	DAPR-2000--Digital_Audio_Essentials/Signal_Flow_and_Cables/Same_Connector_Different_Impedance_Bnc.png
DAPR-2000--Digital_Audio_Essentials/Images/signal-flow-cables/signal-flow-cables-same-connector-different-protocol-usbc-01.png	DAPR-2000--Digital_Audio_Essentials/Signal_Flow_and_Cables/Same_Connector_Different_Protocol_Usbc.png
DAPR-2000--Digital_Audio_Essentials/Images/signal-flow-cables/signal-flow-cables-same-connector-different-signal-rca-01.png	DAPR-2000--Digital_Audio_Essentials/Signal_Flow_and_Cables/Same_Connector_Different_Signal_Rca.png
DAPR-2000--Digital_Audio_Essentials/Images/signal-flow-cables/signal-flow-cables-same-connector-different-signal-xlr-01.png	DAPR-2000--Digital_Audio_Essentials/Signal_Flow_and_Cables/Same_Connector_Different_Signal_Xlr.png
DAPR-2000--Digital_Audio_Essentials/Images/signal-flow-cables/signal-flow-cables-speakon-2-pole-01.png	DAPR-2000--Digital_Audio_Essentials/Signal_Flow_and_Cables/Speakon_2_Pole.png
DAPR-2000--Digital_Audio_Essentials/Images/signal-flow-cables/signal-flow-cables-speakon-4-pole-01.png	DAPR-2000--Digital_Audio_Essentials/Signal_Flow_and_Cables/Speakon_4_Pole.png
DAPR-2000--Digital_Audio_Essentials/Images/signal-flow-cables/signal-flow-cables-ta3-mini-xlr-01.png	DAPR-2000--Digital_Audio_Essentials/Signal_Flow_and_Cables/Ta3_Mini_Xlr.png
DAPR-2000--Digital_Audio_Essentials/Images/signal-flow-cables/signal-flow-cables-ta5-mini-xlr-01.png	DAPR-2000--Digital_Audio_Essentials/Signal_Flow_and_Cables/Ta5_Mini_Xlr.png
DAPR-2000--Digital_Audio_Essentials/Images/signal-flow-cables/signal-flow-cables-tfunk-mic-01.jpg	DAPR-2000--Digital_Audio_Essentials/Signal_Flow_and_Cables/Tfunk_Mic.jpg
DAPR-2000--Digital_Audio_Essentials/Images/signal-flow-cables/signal-flow-cables-thunderbolt-usb-c-01.png	DAPR-2000--Digital_Audio_Essentials/Signal_Flow_and_Cables/Thunderbolt_USB_C.png
DAPR-2000--Digital_Audio_Essentials/Images/signal-flow-cables/signal-flow-cables-toslink-optical-01.png	DAPR-2000--Digital_Audio_Essentials/Signal_Flow_and_Cables/Toslink_Optical.png
DAPR-2000--Digital_Audio_Essentials/Images/signal-flow-cables/signal-flow-cables-toslink-vs-mini-toslink-01.png	DAPR-2000--Digital_Audio_Essentials/Signal_Flow_and_Cables/Toslink_vs_Mini_Toslink.png
DAPR-2000--Digital_Audio_Essentials/Images/signal-flow-cables/signal-flow-cables-tt-bantam-patch-cable-01.png	DAPR-2000--Digital_Audio_Essentials/Signal_Flow_and_Cables/Tt_Bantam_Patch_Cable.png
DAPR-2000--Digital_Audio_Essentials/Images/signal-flow-cables/signal-flow-cables-tt-bantam-plug-01.png	DAPR-2000--Digital_Audio_Essentials/Signal_Flow_and_Cables/Tt_Bantam_Plug.png
DAPR-2000--Digital_Audio_Essentials/Images/signal-flow-cables/signal-flow-cables-tt-vs-eighth-inch-01.png	DAPR-2000--Digital_Audio_Essentials/Signal_Flow_and_Cables/Tt_vs_Eighth_Inch.png
DAPR-2000--Digital_Audio_Essentials/Images/signal-flow-cables/signal-flow-cables-usb-a-male-01.png	DAPR-2000--Digital_Audio_Essentials/Signal_Flow_and_Cables/USB_a_Male.png
DAPR-2000--Digital_Audio_Essentials/Images/signal-flow-cables/signal-flow-cables-usb-a-to-usb-c-adapter-01.png	DAPR-2000--Digital_Audio_Essentials/Signal_Flow_and_Cables/USB_a_to_USB_C_Adapter.png
DAPR-2000--Digital_Audio_Essentials/Images/signal-flow-cables/signal-flow-cables-usb-a-vs-b-vs-c-01.png	DAPR-2000--Digital_Audio_Essentials/Signal_Flow_and_Cables/USB_a_vs_B_vs_C.png
DAPR-2000--Digital_Audio_Essentials/Images/signal-flow-cables/signal-flow-cables-usb-b-male-01.png	DAPR-2000--Digital_Audio_Essentials/Signal_Flow_and_Cables/USB_B_Male.png
DAPR-2000--Digital_Audio_Essentials/Images/signal-flow-cables/signal-flow-cables-usb-c-plug-01.png	DAPR-2000--Digital_Audio_Essentials/Signal_Flow_and_Cables/USB_C_Plug.png
DAPR-2000--Digital_Audio_Essentials/Images/signal-flow-cables/signal-flow-cables-usb-c-to-hdmi-adapter-01.png	DAPR-2000--Digital_Audio_Essentials/Signal_Flow_and_Cables/USB_C_to_Hdmi_Adapter.png
DAPR-2000--Digital_Audio_Essentials/Images/signal-flow-cables/signal-flow-cables-usb-c-to-usb-a-adapter-01.png	DAPR-2000--Digital_Audio_Essentials/Signal_Flow_and_Cables/USB_C_to_USB_a_Adapter.png
DAPR-2000--Digital_Audio_Essentials/Images/signal-flow-cables/signal-flow-cables-usb-c-to-usb-b-interface-01.png	DAPR-2000--Digital_Audio_Essentials/Signal_Flow_and_Cables/USB_C_to_USB_B_Interface.png
DAPR-2000--Digital_Audio_Essentials/Images/signal-flow-cables/signal-flow-cables-usb-c-vs-thunderbolt-01.png	DAPR-2000--Digital_Audio_Essentials/Signal_Flow_and_Cables/USB_C_vs_Thunderbolt.png
DAPR-2000--Digital_Audio_Essentials/Images/signal-flow-cables/signal-flow-cables-usb-micro-b-01.png	DAPR-2000--Digital_Audio_Essentials/Signal_Flow_and_Cables/USB_Micro_B.png
DAPR-2000--Digital_Audio_Essentials/Images/signal-flow-cables/signal-flow-cables-usb-mini-b-01.png	DAPR-2000--Digital_Audio_Essentials/Signal_Flow_and_Cables/USB_Mini_B.png
DAPR-2000--Digital_Audio_Essentials/Images/signal-flow-cables/signal-flow-cables-usb-vs-firewire-01.png	DAPR-2000--Digital_Audio_Essentials/Signal_Flow_and_Cables/USB_vs_Firewire.png
DAPR-2000--Digital_Audio_Essentials/Images/signal-flow-cables/signal-flow-cables-xlr-3-pin-female-01.png	DAPR-2000--Digital_Audio_Essentials/Signal_Flow_and_Cables/Xlr_3_Pin_Female.png
DAPR-2000--Digital_Audio_Essentials/Images/signal-flow-cables/signal-flow-cables-xlr-3-pin-male-01.png	DAPR-2000--Digital_Audio_Essentials/Signal_Flow_and_Cables/Xlr_3_Pin_Male.png
DAPR-2000--Digital_Audio_Essentials/Images/signal-flow-cables/signal-flow-cables-xlr-4-pin-male-01.png	DAPR-2000--Digital_Audio_Essentials/Signal_Flow_and_Cables/Xlr_4_Pin_Male.png
DAPR-2000--Digital_Audio_Essentials/Images/signal-flow-cables/signal-flow-cables-xlr-5-pin-female-01.png	DAPR-2000--Digital_Audio_Essentials/Signal_Flow_and_Cables/Xlr_5_Pin_Female.png
DAPR-2000--Digital_Audio_Essentials/Images/signal-flow-cables/signal-flow-cables-xlr-5-pin-male-01.png	DAPR-2000--Digital_Audio_Essentials/Signal_Flow_and_Cables/Xlr_5_Pin_Male.png
DAPR-2000--Digital_Audio_Essentials/Images/signal-flow-cables/signal-flow-cables-xlr-aes3-110-ohm-01.png	DAPR-2000--Digital_Audio_Essentials/Signal_Flow_and_Cables/Xlr_Aes3_110_Ohm.png
DAPR-2000--Digital_Audio_Essentials/Images/signal-flow-cables/signal-flow-cables-xlr-analog-balanced-01.png	DAPR-2000--Digital_Audio_Essentials/Signal_Flow_and_Cables/Xlr_Analog_Balanced.png
DAPR-2000--Digital_Audio_Essentials/Images/signal-flow-cables/signal-flow-cables-xlr-analog-vs-aes3-01.png	DAPR-2000--Digital_Audio_Essentials/Signal_Flow_and_Cables/Xlr_Analog_vs_Aes3.png
DAPR-2000--Digital_Audio_Essentials/Images/signal-flow-cables/signal-flow-cables-xlr-trs-combo-jack-01.png	DAPR-2000--Digital_Audio_Essentials/Signal_Flow_and_Cables/Xlr_Trs_Combo_Jack.png
DAPR-2000--Digital_Audio_Essentials/Images/sound-hearing-frequency/sound-hearing-frequency-adsr-envelope-01.png	DAPR-2000--Digital_Audio_Essentials/Sound__Hearing_Frequency/Adsr_Envelope.png
DAPR-2000--Digital_Audio_Essentials/Images/sound-hearing-frequency/sound-hearing-frequency-amplitude-01.png	DAPR-2000--Digital_Audio_Essentials/Sound__Hearing_Frequency/Sine_Wave_with_Wavelength_and_Amplitude.png
DAPR-2000--Digital_Audio_Essentials/Images/sound-hearing-frequency/sound-hearing-frequency-amplitude-02.png	DAPR-2000--Digital_Audio_Essentials/Sound__Hearing_Frequency/High_and_Low_Frequency_Wave_Comparison.png
DAPR-2000--Digital_Audio_Essentials/Images/sound-hearing-frequency/sound-hearing-frequency-amplitude-change-01.png	DAPR-2000--Digital_Audio_Essentials/Sound__Hearing_Frequency/Amplitude_Change.png
DAPR-2000--Digital_Audio_Essentials/Images/sound-hearing-frequency/sound-hearing-frequency-audible-range-01.png	DAPR-2000--Digital_Audio_Essentials/Sound__Hearing_Frequency/Audible_Range.png
DAPR-2000--Digital_Audio_Essentials/Images/sound-hearing-frequency/sound-hearing-frequency-chorus-01.png	DAPR-2000--Digital_Audio_Essentials/Sound__Hearing_Frequency/Chorus.png
DAPR-2000--Digital_Audio_Essentials/Images/sound-hearing-frequency/sound-hearing-frequency-clipping-01.png	DAPR-2000--Digital_Audio_Essentials/Sound__Hearing_Frequency/Clipping.png
DAPR-2000--Digital_Audio_Essentials/Images/sound-hearing-frequency/sound-hearing-frequency-clipping-distortion-01.png	DAPR-2000--Digital_Audio_Essentials/Sound__Hearing_Frequency/Clipping_Distortion.png
DAPR-2000--Digital_Audio_Essentials/Images/sound-hearing-frequency/sound-hearing-frequency-fletcher-munson-curve-01.png	DAPR-2000--Digital_Audio_Essentials/Sound__Hearing_Frequency/Fletcher_Munson_Curve.png
DAPR-2000--Digital_Audio_Essentials/Images/sound-hearing-frequency/sound-hearing-frequency-frequency-01.png	DAPR-2000--Digital_Audio_Essentials/Sound__Hearing_Frequency/Frequency.png
DAPR-2000--Digital_Audio_Essentials/Images/sound-hearing-frequency/sound-hearing-frequency-module-banner-01.png	DAPR-2000--Digital_Audio_Essentials/Sound__Hearing_Frequency/Module_Banner.png
DAPR-2000--Digital_Audio_Essentials/Images/sound-hearing-frequency/sound-hearing-frequency-phase-01.png	DAPR-2000--Digital_Audio_Essentials/Sound__Hearing_Frequency/Phase.png
DAPR-2000--Digital_Audio_Essentials/Images/sound-hearing-frequency/sound-hearing-frequency-phase-shift-01.png	DAPR-2000--Digital_Audio_Essentials/Sound__Hearing_Frequency/Phase_Shift.png
DAPR-2000--Digital_Audio_Essentials/Images/sound-hearing-frequency/sound-hearing-frequency-reflection-absorption-diffusion-01.png	DAPR-2000--Digital_Audio_Essentials/Sound__Hearing_Frequency/Reflection_Absorption_and_Diffusion_Arrow_Panels.png
DAPR-2000--Digital_Audio_Essentials/Images/sound-hearing-frequency/sound-hearing-frequency-reflection-absorption-diffusion-02.png	DAPR-2000--Digital_Audio_Essentials/Sound__Hearing_Frequency/Threshold_Labeled_Loudness_Contour_Curves.png
DAPR-2000--Digital_Audio_Essentials/Images/sound-hearing-frequency/sound-hearing-frequency-waveform-basics-01.jpeg	DAPR-2000--Digital_Audio_Essentials/Sound__Hearing_Frequency/Waveform_Basics.jpg
DAPR-2000--Digital_Audio_Essentials/Images/sound-the-decibel/sound-the-decibel-krakatoa-header-01.png	DAPR-2000--Digital_Audio_Essentials/Sound__The_Decibel/Krakatoa_Header.png
DAPR-2000--Digital_Audio_Essentials/Images/sound-the-decibel/sound-the-decibel-reference-ladder-01.png	DAPR-2000--Digital_Audio_Essentials/Sound__The_Decibel/Reference_Ladder.png
DAPR-2000--Digital_Audio_Essentials/Images/sound-the-decibel/sound-the-decibel-series-parallel-01.png	DAPR-2000--Digital_Audio_Essentials/Sound__The_Decibel/Series_Parallel.png
DAPR-2000--Digital_Audio_Essentials/Images/sound-the-decibel/sound-the-decibel-the-decibel-01.jpeg	DAPR-2000--Digital_Audio_Essentials/Sound__The_Decibel/The_Decibel.jpg
DAPR-2000--Digital_Audio_Essentials/Images/sound-the-decibel/sound-the-decibel-the-uberschall-dream-meets-real-world-math-01.png	DAPR-2000--Digital_Audio_Essentials/Sound__The_Decibel/The_Uberschall_Dream_Meets_Real_World_Math.png
DAPR-2000--Digital_Audio_Essentials/Images/sound-the-speed-of-sound/sound-the-speed-of-sound-diagram-adiabatic-vs-isothermal-01.jpg	DAPR-2000--Digital_Audio_Essentials/Sound__The_Speed_of_Sound/Diagram_Adiabatic_vs_Isothermal.jpg
DAPR-2000--Digital_Audio_Essentials/Images/sound-the-speed-of-sound/sound-the-speed-of-sound-diagram-altitude-speed-constant-01.jpg	DAPR-2000--Digital_Audio_Essentials/Sound__The_Speed_of_Sound/Diagram_Altitude_Speed_Constant.jpg
DAPR-2000--Digital_Audio_Essentials/Images/sound-the-speed-of-sound/sound-the-speed-of-sound-diagram-collision-relay-01.jpg	DAPR-2000--Digital_Audio_Essentials/Sound__The_Speed_of_Sound/Diagram_Collision_Relay.jpg
DAPR-2000--Digital_Audio_Essentials/Images/sound-the-speed-of-sound/sound-the-speed-of-sound-diagram-delay-tower-drift-01.jpg	DAPR-2000--Digital_Audio_Essentials/Sound__The_Speed_of_Sound/Diagram_Delay_Tower_Drift.jpg
DAPR-2000--Digital_Audio_Essentials/Images/sound-the-speed-of-sound/sound-the-speed-of-sound-diagram-gamma-degrees-of-freedom-01.jpg	DAPR-2000--Digital_Audio_Essentials/Sound__The_Speed_of_Sound/Diagram_Gamma_Degrees_of_Freedom.jpg
DAPR-2000--Digital_Audio_Essentials/Images/sound-the-speed-of-sound/sound-the-speed-of-sound-diagram-gamma-piston-vs-box-01.jpg	DAPR-2000--Digital_Audio_Essentials/Sound__The_Speed_of_Sound/Diagram_Gamma_Piston_vs_Box.jpg
DAPR-2000--Digital_Audio_Essentials/Images/sound-the-speed-of-sound/sound-the-speed-of-sound-diagram-impedance-coupling-01.jpg	DAPR-2000--Digital_Audio_Essentials/Sound__The_Speed_of_Sound/Diagram_Impedance_Coupling.jpg
DAPR-2000--Digital_Audio_Essentials/Images/sound-the-speed-of-sound/sound-the-speed-of-sound-diagram-kelvin-ladder-phases-01.jpg	DAPR-2000--Digital_Audio_Essentials/Sound__The_Speed_of_Sound/Diagram_Kelvin_Ladder_Phases.jpg
DAPR-2000--Digital_Audio_Essentials/Images/sound-the-speed-of-sound/sound-the-speed-of-sound-diagram-nondispersive-arrival-01.jpg	DAPR-2000--Digital_Audio_Essentials/Sound__The_Speed_of_Sound/Diagram_Nondispersive_Arrival.jpg
DAPR-2000--Digital_Audio_Essentials/Images/sound-the-speed-of-sound/sound-the-speed-of-sound-diagram-sofar-channel-01.jpg	DAPR-2000--Digital_Audio_Essentials/Sound__The_Speed_of_Sound/Diagram_Sofar_Channel.jpg
DAPR-2000--Digital_Audio_Essentials/Images/sound-the-speed-of-sound/sound-the-speed-of-sound-diagram-sofar-channel-01.svg	DAPR-2000--Digital_Audio_Essentials/Sound__The_Speed_of_Sound/Diagram_Sofar_Channel.svg
DAPR-2000--Digital_Audio_Essentials/Images/sound-the-speed-of-sound/sound-the-speed-of-sound-diagram-speed-across-media-01.jpg	DAPR-2000--Digital_Audio_Essentials/Sound__The_Speed_of_Sound/Diagram_Speed_Across_Media.jpg
DAPR-2000--Digital_Audio_Essentials/Images/sound-the-speed-of-sound/sound-the-speed-of-sound-diagram-speed-across-media-01.svg	DAPR-2000--Digital_Audio_Essentials/Sound__The_Speed_of_Sound/Diagram_Speed_Across_Media.svg
DAPR-2000--Digital_Audio_Essentials/Images/sound-the-speed-of-sound/sound-the-speed-of-sound-diagram-speed-vs-temperature-curve-01.jpg	DAPR-2000--Digital_Audio_Essentials/Sound__The_Speed_of_Sound/Diagram_Speed_vs_Temperature_Curve.jpg
DAPR-2000--Digital_Audio_Essentials/Images/sound-the-speed-of-sound/sound-the-speed-of-sound-diagram-stiffness-vs-density-01.jpg	DAPR-2000--Digital_Audio_Essentials/Sound__The_Speed_of_Sound/Diagram_Stiffness_vs_Density.jpg
DAPR-2000--Digital_Audio_Essentials/Images/sound-the-speed-of-sound/sound-the-speed-of-sound-diagram-temperature-molecular-speed-01.jpg	DAPR-2000--Digital_Audio_Essentials/Sound__The_Speed_of_Sound/Diagram_Temperature_Molecular_Speed.jpg
DAPR-2000--Digital_Audio_Essentials/Images/sound-the-speed-of-sound/sound-the-speed-of-sound-diagram-temperature-refraction-01.jpg	DAPR-2000--Digital_Audio_Essentials/Sound__The_Speed_of_Sound/Diagram_Temperature_Refraction.jpg
DAPR-2000--Digital_Audio_Essentials/Images/sound-the-speed-of-sound/sound-the-speed-of-sound-diagram-wavelength-ruler-01.jpg	DAPR-2000--Digital_Audio_Essentials/Sound__The_Speed_of_Sound/Diagram_Wavelength_Ruler.jpg
DAPR-2000--Digital_Audio_Essentials/Images/sound-the-speed-of-sound/sound-the-speed-of-sound-diagram-wind-refraction-01.jpg	DAPR-2000--Digital_Audio_Essentials/Sound__The_Speed_of_Sound/Diagram_Wind_Refraction.jpg
DAPR-2000--Digital_Audio_Essentials/Images/sound-the-speed-of-sound/sound-the-speed-of-sound-photo-cold-winter-load-in-01.jpg	DAPR-2000--Digital_Audio_Essentials/Sound__The_Speed_of_Sound/Photo_Cold_Winter_Load_in.jpg
DAPR-2000--Digital_Audio_Essentials/Images/sound-the-speed-of-sound/sound-the-speed-of-sound-photo-dead-sea-shore-01.jpg	DAPR-2000--Digital_Audio_Essentials/Sound__The_Speed_of_Sound/Photo_Dead_Sea_Shore.jpg
DAPR-2000--Digital_Audio_Essentials/Images/sound-the-speed-of-sound/sound-the-speed-of-sound-photo-delay-tower-field-01.jpg	DAPR-2000--Digital_Audio_Essentials/Sound__The_Speed_of_Sound/Photo_Delay_Tower_Field.jpg
DAPR-2000--Digital_Audio_Essentials/Images/sound-the-speed-of-sound/sound-the-speed-of-sound-photo-hero-utah-valley-dawn-01.jpg	DAPR-2000--Digital_Audio_Essentials/Sound__The_Speed_of_Sound/Photo_Hero_Utah_Valley_Dawn.jpg
DAPR-2000--Digital_Audio_Essentials/Images/sound-the-speed-of-sound/sound-the-speed-of-sound-photo-high-altitude-summit-01.jpg	DAPR-2000--Digital_Audio_Essentials/Sound__The_Speed_of_Sound/Photo_High_Altitude_Summit.jpg
DAPR-2000--Digital_Audio_Essentials/Images/sound-the-speed-of-sound/sound-the-speed-of-sound-photo-outdoor-stage-dusk-01.jpg	DAPR-2000--Digital_Audio_Essentials/Sound__The_Speed_of_Sound/Photo_Outdoor_Stage_Dusk.jpg
DAPR-2000--Digital_Audio_Essentials/Images/sound-the-speed-of-sound/sound-the-speed-of-sound-photo-steel-structure-detail-01.jpg	DAPR-2000--Digital_Audio_Essentials/Sound__The_Speed_of_Sound/Photo_Steel_Structure_Detail.jpg
DAPR-2000--Digital_Audio_Essentials/Images/sound-the-speed-of-sound/sound-the-speed-of-sound-photo-underwater-light-shafts-01.jpg	DAPR-2000--Digital_Audio_Essentials/Sound__The_Speed_of_Sound/Photo_Underwater_Light_Shafts.jpg
DAPR-2000--Digital_Audio_Essentials/Images/sound-wave-properties/sound-wave-properties-anatomy-01.png	DAPR-2000--Digital_Audio_Essentials/Sound__Wave_Properties/Anatomy.png
DAPR-2010--Core_Recording/Images/acoustics/acoustics-early-reflections-01.png	DAPR-2010--Core_Recording/Acoustics/Room_Plan_with_Reflection_Points_Marked.png
DAPR-2010--Core_Recording/Images/acoustics/acoustics-early-reflections-02.png	DAPR-2010--Core_Recording/Acoustics/Room_Paths_with_Arrival_Time_Graph.png
DAPR-2010--Core_Recording/Images/acoustics/acoustics-reflection-absorption-diffusion-01.png	DAPR-2010--Core_Recording/Acoustics/Blue_Arrow_Panels_on_Flat_Surfaces.png
DAPR-2010--Core_Recording/Images/acoustics/acoustics-reflection-absorption-diffusion-02.png	DAPR-2010--Core_Recording/Acoustics/Blue_Arrow_Panels_with_Angle_Arc.png
DAPR-2010--Core_Recording/Images/acoustics/acoustics-standing-waves-modes-01.png	DAPR-2010--Core_Recording/Acoustics/Standing_Waves_Modes.png
DAPR-2010--Core_Recording/Images/console-operation/console-operation-asp4816-block-diagram-full-01.png	DAPR-2010--Core_Recording/Console_Operation/Asp4816_Block_Diagram_Full.png
DAPR-2010--Core_Recording/Images/console-operation/console-operation-asp4816-connector-panel-01.png	DAPR-2010--Core_Recording/Console_Operation/Asp4816_Connector_Panel.png
DAPR-2010--Core_Recording/Images/console-operation/console-operation-asp4816-typical-configuration-01.png	DAPR-2010--Core_Recording/Console_Operation/Asp4816_Typical_Configuration.png
DAPR-2010--Core_Recording/Images/console-operation/console-operation-headphone-mix-flow-02.png	DAPR-2010--Core_Recording/Console_Operation/Headphone_Mix_Flow.png
DAPR-2010--Core_Recording/Images/console-operation/console-operation-troubleshooting-order-02.png	DAPR-2010--Core_Recording/Console_Operation/Troubleshooting_Order.png
DAPR-2010--Core_Recording/Images/console-signal-flow/console-signal-flow-asp4816-block-diagram-01.png	DAPR-2010--Core_Recording/Console_Signal_Flow/Asp4816_Block_Diagram.png
DAPR-2010--Core_Recording/Images/console-signal-flow/console-signal-flow-asp4816-full-panel-01.png	DAPR-2010--Core_Recording/Console_Signal_Flow/Asp4816_Full_Panel.png
DAPR-2010--Core_Recording/Images/console-signal-flow/console-signal-flow-asp4816-strip-auxiliaries-02.png	DAPR-2010--Core_Recording/Console_Signal_Flow/Asp4816_Strip_Auxiliaries.png
DAPR-2010--Core_Recording/Images/console-signal-flow/console-signal-flow-asp4816-strip-equalizers-02.png	DAPR-2010--Core_Recording/Console_Signal_Flow/Asp4816_Strip_Equalizers.png
DAPR-2010--Core_Recording/Images/console-signal-flow/console-signal-flow-asp4816-strip-input-01.png	DAPR-2010--Core_Recording/Console_Signal_Flow/Asp4816_Strip_Input.png
DAPR-2010--Core_Recording/Images/console-signal-flow/console-signal-flow-asp4816-strip-long-fader-02.png	DAPR-2010--Core_Recording/Console_Signal_Flow/Asp4816_Strip_Long_Fader.png
DAPR-2010--Core_Recording/Images/console-signal-flow/console-signal-flow-asp4816-strip-routing-02.png	DAPR-2010--Core_Recording/Console_Signal_Flow/Asp4816_Strip_Routing.png
DAPR-2010--Core_Recording/Images/console-signal-flow/console-signal-flow-asp4816-strip-short-fader-02.png	DAPR-2010--Core_Recording/Console_Signal_Flow/Asp4816_Strip_Short_Fader.png
DAPR-2010--Core_Recording/Images/course-orientation/course-orientation-course-card-01.png	DAPR-2010--Core_Recording/Course_Orientation/Course_Card.png
DAPR-2010--Core_Recording/Images/digital-recording/digital-recording-air-to-file-02.png	DAPR-2010--Core_Recording/Digital_Recording/Air_to_File.png
DAPR-2010--Core_Recording/Images/digital-recording/digital-recording-pro-tools-playback-engine-01.png	DAPR-2010--Core_Recording/Digital_Recording/Pro_Tools_Playback_Engine.png
DAPR-2010--Core_Recording/Images/digital-recording/digital-recording-sample-rate-bit-depth-02.png	DAPR-2010--Core_Recording/Digital_Recording/Sample_Rate_Bit_Depth.png
DAPR-2010--Core_Recording/Images/digital-recording/digital-recording-session-folder-02.png	DAPR-2010--Core_Recording/Digital_Recording/Session_Folder.png
DAPR-2010--Core_Recording/Images/drums/drums-kit-preparation-02.png	DAPR-2010--Core_Recording/Drums/Kit_Preparation.png
DAPR-2010--Core_Recording/Images/drums/drums-microphone-placement-01.png	DAPR-2010--Core_Recording/Drums/Overhead_Kit_Plan_with_Red_Markers.png
DAPR-2010--Core_Recording/Images/drums/drums-microphone-placement-02.png	DAPR-2010--Core_Recording/Drums/Perspective_Kit_with_Numbered_Blue_Markers.png
DAPR-2010--Core_Recording/Images/drums/drums-overhead-techniques-01.png	DAPR-2010--Core_Recording/Drums/Spaced_Pair_versus_Coincident_Line_Drawing.png
DAPR-2010--Core_Recording/Images/drums/drums-overhead-techniques-02.png	DAPR-2010--Core_Recording/Drums/Drum_Kit_Panels_with_Overhead_Options.png
DAPR-2010--Core_Recording/Images/drums/drums-tuning-and-prep-01.png	DAPR-2010--Core_Recording/Drums/Tuning_and_Prep.png
DAPR-2010--Core_Recording/Images/gain-staging/gain-staging-decibel-scales-02.png	DAPR-2010--Core_Recording/Gain_Staging/Decibel_Scales_with_Headroom_Bracket.png
DAPR-2010--Core_Recording/Images/gain-staging/gain-staging-decibel-scales-03.png	DAPR-2010--Core_Recording/Gain_Staging/Decibel_Scales_Aligned_at_Nominal.png
DAPR-2010--Core_Recording/Images/gain-staging/gain-staging-headroom-noise-floor-02.png	DAPR-2010--Core_Recording/Gain_Staging/Headroom_Noise_Floor.png
DAPR-2010--Core_Recording/Images/guitar-bass/guitar-bass-di-and-amp-blend-01.png	DAPR-2010--Core_Recording/Guitar_and_Bass/Instrument_Split_to_DI_and_Amp.png
DAPR-2010--Core_Recording/Images/guitar-bass/guitar-bass-di-and-amp-blend-02.png	DAPR-2010--Core_Recording/Guitar_and_Bass/Detailed_Signal_Chain_with_Orange_Note.png
DAPR-2010--Core_Recording/Images/guitar-bass/guitar-bass-speaker-cone-positions-01.png	DAPR-2010--Core_Recording/Guitar_and_Bass/Speaker_Cone_Face_with_Red_Markers.png
DAPR-2010--Core_Recording/Images/guitar-bass/guitar-bass-speaker-cone-positions-02.png	DAPR-2010--Core_Recording/Guitar_and_Bass/Speaker_Cone_with_Numbered_Blue_Callouts.png
DAPR-2010--Core_Recording/Images/impedance/impedance-bridging-versus-matching-02.png	DAPR-2010--Core_Recording/Impedance/Bridging_versus_Matching.png
DAPR-2010--Core_Recording/Images/impedance/impedance-five-connection-cases-01.png	DAPR-2010--Core_Recording/Impedance/Five_Connection_Cases.png
DAPR-2010--Core_Recording/Images/impedance/impedance-voltage-divider-02.png	DAPR-2010--Core_Recording/Impedance/Source_and_Load_Circuit_with_Table.png
DAPR-2010--Core_Recording/Images/impedance/impedance-voltage-divider-03.png	DAPR-2010--Core_Recording/Impedance/Resistor_Divider_with_Blue_Header_Table.png
DAPR-2010--Core_Recording/Images/microphones/microphones-polar-patterns-02.png	DAPR-2010--Core_Recording/Microphones/Polar_Plots_with_Ring_Scale_Legend.png
DAPR-2010--Core_Recording/Images/microphones/microphones-polar-patterns-03.png	DAPR-2010--Core_Recording/Microphones/Dark_Green_Polar_Pattern_Row.png
DAPR-2010--Core_Recording/Images/microphones/microphones-pressure-vs-gradient-01.png	DAPR-2010--Core_Recording/Microphones/Pressure_vs_Gradient.png
DAPR-2010--Core_Recording/Images/microphones/microphones-proximity-effect-02.png	DAPR-2010--Core_Recording/Microphones/Proximity_Effect.png
DAPR-2010--Core_Recording/Images/microphones/microphones-spec-sheet-anatomy-02.png	DAPR-2010--Core_Recording/Microphones/Spec_Sheet_Anatomy.png
DAPR-2010--Core_Recording/Images/microphones/microphones-transducer-types-02.png	DAPR-2010--Core_Recording/Microphones/Transducer_Types.png
DAPR-2010--Core_Recording/Images/miking-techniques/miking-techniques-coincident-arrays-02.png	DAPR-2010--Core_Recording/Miking_Techniques/Coincident_Arrays.png
DAPR-2010--Core_Recording/Images/miking-techniques/miking-techniques-phase-versus-polarity-02.png	DAPR-2010--Core_Recording/Miking_Techniques/Phase_versus_Polarity.png
DAPR-2010--Core_Recording/Images/miking-techniques/miking-techniques-spaced-arrays-01.png	DAPR-2010--Core_Recording/Miking_Techniques/ORTF_versus_Spaced_Pair_Panels.png
DAPR-2010--Core_Recording/Images/miking-techniques/miking-techniques-spaced-arrays-02.png	DAPR-2010--Core_Recording/Miking_Techniques/Array_Panels_with_Drawn_Microphones.png
DAPR-2010--Core_Recording/Images/miking-techniques/miking-techniques-three-to-one-rule-02.png	DAPR-2010--Core_Recording/Miking_Techniques/Titled_Leakage_Path_Spacing_Diagram.png
DAPR-2010--Core_Recording/Images/miking-techniques/miking-techniques-three-to-one-rule-03.png	DAPR-2010--Core_Recording/Miking_Techniques/Untitled_Leakage_Path_Spacing_Diagram.png
DAPR-2010--Core_Recording/Images/patch-bays/patch-bays-normalling-types-02.png	DAPR-2010--Core_Recording/Patch_Bays/Normalling_Columns_with_Plain_Jack_Boxes.png
DAPR-2010--Core_Recording/Images/patch-bays/patch-bays-normalling-types-03.png	DAPR-2010--Core_Recording/Patch_Bays/Normalling_Grid_with_Blue_Patch_Cables.png
DAPR-2010--Core_Recording/Images/patch-bays/patch-bays-studio-b-bay-map-01.png	DAPR-2010--Core_Recording/Patch_Bays/Studio_B_Bay_Map.png
DAPR-2010--Core_Recording/Images/studio-business/studio-business-cost-breakdown-01.png	DAPR-2010--Core_Recording/Studio_Business/Cost_Breakdown.png
DAPR-2010--Core_Recording/Images/studio-business/studio-business-rate-structures-01.png	DAPR-2010--Core_Recording/Studio_Business/Rate_Structures.png
DAPR-2010--Core_Recording/Images/studio-care/studio-care-fragile-gear-02.png	DAPR-2010--Core_Recording/Studio_Care/Fragile_Gear.png
DAPR-2010--Core_Recording/Images/studio-care/studio-care-power-up-sequence-02.png	DAPR-2010--Core_Recording/Studio_Care/Power_Up_Sequence.png
DAPR-2010--Core_Recording/Images/studio-care/studio-care-studio-floor-plan-01.png	DAPR-2010--Core_Recording/Studio_Care/Studio_Floor_Plan.png
DAPR-2010--Core_Recording/Images/studio-etiquette/studio-etiquette-assistant-timeline-01.png	DAPR-2010--Core_Recording/Studio_Etiquette/Assistant_Timeline.png
DAPR-2010--Core_Recording/Images/studio-etiquette/studio-etiquette-session-roles-02.png	DAPR-2010--Core_Recording/Studio_Etiquette/Session_Roles.png
DAPR-2010--Core_Recording/Images/tracking/tracking-pro-tools-edit-window-01.png	DAPR-2010--Core_Recording/Tracking/Pro_Tools_Edit_Window.png
DAPR-2010--Core_Recording/Images/tracking/tracking-pro-tools-mix-window-01.png	DAPR-2010--Core_Recording/Tracking/Pro_Tools_Mix_Window.png
DAPR-2010--Core_Recording/Images/tracking/tracking-pro-tools-record-arm-controls-01.png	DAPR-2010--Core_Recording/Tracking/Pro_Tools_Record_Arm_Controls.png
DAPR-2010--Core_Recording/Images/tracking/tracking-punch-and-playlists-02.png	DAPR-2010--Core_Recording/Tracking/Punch_and_Playlists.png
DAPR-2010--Core_Recording/Images/vocals/vocals-comping-playlists-01.png	DAPR-2010--Core_Recording/Vocals/Comping_Playlists.png
DAPR-2010--Core_Recording/Images/vocals/vocals-recording-chain-01.png	DAPR-2010--Core_Recording/Vocals/Recording_Chain.png
DAPR-2020--Core_Mixing/Images/Balancing_and_Reverb/balancing-and-reverb-d-verb-algorithms-and-decay-01.png	DAPR-2020--Core_Mixing/Balancing_and_Reverb/D_Verb_Algorithms_and_Decay.png
DAPR-2020--Core_Mixing/Images/Balancing_and_Reverb/balancing-and-reverb-send-versus-insert-routing-01.png	DAPR-2020--Core_Mixing/Balancing_and_Reverb/Send_versus_Insert_Routing.png
DAPR-2020--Core_Mixing/Images/Balancing_and_Reverb/balancing-and-reverb-space-scale-comparison-01.png	DAPR-2020--Core_Mixing/Balancing_and_Reverb/Space_Scale_Comparison.png
DAPR-2020--Core_Mixing/Images/Calibration_and_Monitoring/calibration-and-monitoring-gain-stages-chain-01.png	DAPR-2020--Core_Mixing/Calibration_and_Monitoring/Gain_Stages_Chain.png
DAPR-2020--Core_Mixing/Images/Calibration_and_Monitoring/calibration-and-monitoring-gain-staging-chain-01.png	DAPR-2020--Core_Mixing/Calibration_and_Monitoring/Gain_Staging_Chain.png
DAPR-2020--Core_Mixing/Images/Calibration_and_Monitoring/calibration-and-monitoring-head-torso-measurement-01.png	DAPR-2020--Core_Mixing/Calibration_and_Monitoring/Head_Torso_Measurement.png
DAPR-2020--Core_Mixing/Images/Calibration_and_Monitoring/calibration-and-monitoring-headphone-seal-cross-section-01.png	DAPR-2020--Core_Mixing/Calibration_and_Monitoring/Headphone_Seal_Cross_Section.png
DAPR-2020--Core_Mixing/Images/Calibration_and_Monitoring/calibration-and-monitoring-metering-preferences-01.png	DAPR-2020--Core_Mixing/Calibration_and_Monitoring/Metering_Preferences.png
DAPR-2020--Core_Mixing/Images/Comping_and_Arrangement/comping-and-arrangement-crossfade-placement-01.png	DAPR-2020--Core_Mixing/Comping_and_Arrangement/Green_to_Blue_Waveform_Splice_Pair.png
DAPR-2020--Core_Mixing/Images/Comping_and_Arrangement/comping-and-arrangement-crossfade-placement-02.png	DAPR-2020--Core_Mixing/Comping_and_Arrangement/Gray_Clips_with_Star_and_Crossfade.png
DAPR-2020--Core_Mixing/Images/Comping_and_Arrangement/comping-and-arrangement-playlist-comp-lanes-01.png	DAPR-2020--Core_Mixing/Comping_and_Arrangement/Playlist_Comp_Lanes.png
DAPR-2020--Core_Mixing/Images/Comping_and_Arrangement/pro-tools-playlist-selector-new-playlist.png	DAPR-2020--Core_Mixing/Comping_and_Arrangement/Pro_Tools_Playlist_Selector_New_Playlist.png
DAPR-2020--Core_Mixing/Images/Course_Orientation_and_Feedback/Core_Mixing_-_DAPR_2020.png	DAPR-2020--Core_Mixing/Course_Orientation_and_Feedback/Core_Mixing_DAPR_2020.png
DAPR-2020--Core_Mixing/Images/Course_Orientation_and_Feedback/Core_Recording_-_DAPR_2010-002.png	DAPR-2020--Core_Mixing/Course_Orientation_and_Feedback/Core_Recording_DAPR_2010_002.png
DAPR-2020--Core_Mixing/Images/Course_Orientation_and_Feedback/Course_Outline.png	DAPR-2020--Core_Mixing/Course_Orientation_and_Feedback/Course_Outline.png
DAPR-2020--Core_Mixing/Images/Course_Orientation_and_Feedback/Gemini_Generated_Image_31wn4e31wn4e31wn.png	DAPR-2020--Core_Mixing/Course_Orientation_and_Feedback/Gemini_Generated_Image_31wn4e31wn4e31wn.png
DAPR-2020--Core_Mixing/Images/Course_Orientation_and_Feedback/Open_Canvas_Page_in_New_Tab.png	DAPR-2020--Core_Mixing/Course_Orientation_and_Feedback/Open_Canvas_Page_in_New_Tab.png
DAPR-2020--Core_Mixing/Images/Course_Orientation_and_Feedback/Please_Complete_Your_Course_Evaluations_.png	DAPR-2020--Core_Mixing/Course_Orientation_and_Feedback/Please_Complete_Your_Course_Evaluations.png
DAPR-2020--Core_Mixing/Images/Course_Orientation_and_Feedback/Screenshot_2026-04-29_at_8.20.14AM.jpg	DAPR-2020--Core_Mixing/Course_Orientation_and_Feedback/Dark_Purple_Course_Title_Card.jpg
DAPR-2020--Core_Mixing/Images/Course_Orientation_and_Feedback/Student_Course_Evaluations.png	DAPR-2020--Core_Mixing/Course_Orientation_and_Feedback/Student_Course_Evaluations.png
DAPR-2020--Core_Mixing/Images/Course_Orientation_and_Feedback/avtech-engage.jpg	DAPR-2020--Core_Mixing/Course_Orientation_and_Feedback/Avtech_Engage.jpg
DAPR-2020--Core_Mixing/Images/Course_Orientation_and_Feedback/course-orientation-and-feedback-grade-breakdown-01.png	DAPR-2020--Core_Mixing/Course_Orientation_and_Feedback/Grade_Breakdown.png
DAPR-2020--Core_Mixing/Images/Course_Orientation_and_Feedback/course-orientation-and-feedback-learning-outcomes-01.png	DAPR-2020--Core_Mixing/Course_Orientation_and_Feedback/Learning_Outcomes.png
DAPR-2020--Core_Mixing/Images/Course_Orientation_and_Feedback/course-orientation-and-feedback-weekly-rhythm-01.png	DAPR-2020--Core_Mixing/Course_Orientation_and_Feedback/Weekly_Rhythm.png
DAPR-2020--Core_Mixing/Images/Course_Orientation_and_Feedback/course-orientation-and-feedback-worksheet-to-pdf-flow-01.png	DAPR-2020--Core_Mixing/Course_Orientation_and_Feedback/Worksheet_to_Pdf_Flow.png
DAPR-2020--Core_Mixing/Images/Dynamic_Effects/Compression_Switch.png	DAPR-2020--Core_Mixing/Dynamic_Effects/Compression_Switch.png
DAPR-2020--Core_Mixing/Images/Dynamic_Effects/Six_Rules_of_Compression.png	DAPR-2020--Core_Mixing/Dynamic_Effects/Six_Rules_of_Compression.png
DAPR-2020--Core_Mixing/Images/Dynamic_Effects/dynamic-effects-attack-too-fast-transient-loss-01.png	DAPR-2020--Core_Mixing/Dynamic_Effects/Attack_Too_Fast_Transient_Loss.png
DAPR-2020--Core_Mixing/Images/Dynamic_Effects/dynamic-effects-dyn3-compressor-controls-01.png	DAPR-2020--Core_Mixing/Dynamic_Effects/Dyn3_Compressor_Controls.png
DAPR-2020--Core_Mixing/Images/Dynamic_Effects/dynamic-effects-pro-compressor-side-chain-key-input-01.png	DAPR-2020--Core_Mixing/Dynamic_Effects/Pro_Compressor_Side_Chain_Key_Input.png
DAPR-2020--Core_Mixing/Images/Dynamic_Effects/dynamic-effects-side-chain-filter-kick-pumping-01.png	DAPR-2020--Core_Mixing/Dynamic_Effects/Side_Chain_Filter_Kick_Pumping.png
DAPR-2020--Core_Mixing/Images/Focus_and_Balance/Owen_Peterson_-_Technical_Ear_Trainer.png	DAPR-2020--Core_Mixing/Focus_and_Balance/Owen_Peterson_Technical_Ear_Trainer.png
DAPR-2020--Core_Mixing/Images/Focus_and_Balance/Pro_Tools_-_Mix_Window.png	DAPR-2020--Core_Mixing/Focus_and_Balance/Pro_Tools_Mix_Window.png
DAPR-2020--Core_Mixing/Images/Focus_and_Balance/focus-and-balance-channel-strip-anatomy-01.png	DAPR-2020--Core_Mixing/Focus_and_Balance/Channel_Strip_Anatomy.png
DAPR-2020--Core_Mixing/Images/Focus_and_Balance/focus-and-balance-drum-mic-path-lengths-01.png	DAPR-2020--Core_Mixing/Focus_and_Balance/Drum_Mic_Path_Lengths.png
DAPR-2020--Core_Mixing/Images/Focus_and_Balance/focus-and-balance-five-pass-mix-order-01.png	DAPR-2020--Core_Mixing/Focus_and_Balance/Five_Pass_Mix_Order.png
DAPR-2020--Core_Mixing/Images/Focus_and_Balance/focus-and-balance-multi-system-playback-check-01.png	DAPR-2020--Core_Mixing/Focus_and_Balance/Multi_System_Playback_Check.png
DAPR-2020--Core_Mixing/Images/Focus_and_Balance/focus-and-balance-solo-versus-context-01.png	DAPR-2020--Core_Mixing/Focus_and_Balance/Single_Blue_Burst_beside_Stacked_Tracks.png
DAPR-2020--Core_Mixing/Images/Focus_and_Balance/focus-and-balance-solo-versus-context-02.png	DAPR-2020--Core_Mixing/Focus_and_Balance/Single_Clip_beside_Stacked_Track_Rows.png
DAPR-2020--Core_Mixing/Images/Focus_and_Balance/focus-and-balance-stereo-field-map-01.png	DAPR-2020--Core_Mixing/Focus_and_Balance/Stereo_Field_Map.png
DAPR-2020--Core_Mixing/Images/Mid_Side_Technique/mid-side-technique-figure-8-null-plane-01.png	DAPR-2020--Core_Mixing/Mid-Side_Technique/Figure_8_Null_Plane.png
DAPR-2020--Core_Mixing/Images/Mid_Side_Technique/mid-side-technique-ms-matrix-signal-flow-01.png	DAPR-2020--Core_Mixing/Mid-Side_Technique/Ms_Matrix_Signal_Flow.png
DAPR-2020--Core_Mixing/Images/Mix_Acoustics/mix-acoustics-first-reflection-points-01.png	DAPR-2020--Core_Mixing/Mix_Acoustics/First_Reflection_Points.png
DAPR-2020--Core_Mixing/Images/Mix_Acoustics/mix-acoustics-listening-triangle-overhead-01.png	DAPR-2020--Core_Mixing/Mix_Acoustics/Listening_Triangle_Overhead.png
DAPR-2020--Core_Mixing/Images/Mix_Acoustics/mix-acoustics-thin-foam-versus-broadband-01.png	DAPR-2020--Core_Mixing/Mix_Acoustics/Thin_Foam_versus_Broadband.png
DAPR-2020--Core_Mixing/Images/Mix_Acoustics/mix-acoustics-treatment-types-comparison-01.png	DAPR-2020--Core_Mixing/Mix_Acoustics/Treatment_Types_Comparison.png
DAPR-2020--Core_Mixing/Images/Pro_Tools_Fundamentals/PT_identify_beat_bar_beat_markers.jpg	DAPR-2020--Core_Mixing/Pro_Tools_Fundamentals/PT_Identify_Beat_Bar_Beat_Markers.jpg
DAPR-2020--Core_Mixing/Images/Pro_Tools_Fundamentals/pro-tools-fundamentals-dashboard-new-session-01.png	DAPR-2020--Core_Mixing/Pro_Tools_Fundamentals/Dashboard_New_Session.png
DAPR-2020--Core_Mixing/Images/Professional_Practice_Presentations_and_Sessions/Core_Mixing_Lab_-_DAPR_2020L.png	DAPR-2020--Core_Mixing/Professional_Practice_Presentations_and_Sessions/Core_Mixing_Lab_DAPR_2020L.png
DAPR-2020--Core_Mixing/Images/Professional_Practice_Presentations_and_Sessions/professional-practice-bounce-specification-01.png	DAPR-2020--Core_Mixing/Professional_Practice_Presentations_and_Sessions/Professional_Practice_Bounce_Specification.png
DAPR-2020--Core_Mixing/Images/Professional_Practice_Presentations_and_Sessions/professional-practice-bounce-truncation-01.png	DAPR-2020--Core_Mixing/Professional_Practice_Presentations_and_Sessions/Professional_Practice_Bounce_Truncation.png
DAPR-2020--Core_Mixing/Images/Professional_Practice_Presentations_and_Sessions/professional-practice-delivery-verification-checklist-01.png	DAPR-2020--Core_Mixing/Professional_Practice_Presentations_and_Sessions/Professional_Practice_Delivery_Verification_Checklist.png
DAPR-2020--Core_Mixing/Images/Professional_Practice_Presentations_and_Sessions/professional-practice-multitrack-download-flow-01.png	DAPR-2020--Core_Mixing/Professional_Practice_Presentations_and_Sessions/Professional_Practice_Multitrack_Download_Flow.png
DAPR-2020--Core_Mixing/Images/Professional_Practice_Presentations_and_Sessions/professional-practice-network-drive-path-01.png	DAPR-2020--Core_Mixing/Professional_Practice_Presentations_and_Sessions/Professional_Practice_Network_Drive_Path.png
DAPR-2020--Core_Mixing/Images/Professional_Practice_Presentations_and_Sessions/professional-practice-session-delivery-package-01.png	DAPR-2020--Core_Mixing/Professional_Practice_Presentations_and_Sessions/Professional_Practice_Session_Delivery_Package.png
DAPR-2020--Core_Mixing/Images/Spectral_Effects_and_EQ/VocalEQCheatSheet.JPG	DAPR-2020--Core_Mixing/Spectral_Effects_and_EQ/Vocal_EQ_Frequency_Band_Chart.jpg
DAPR-2020--Core_Mixing/Images/Spectral_Effects_and_EQ/spectral-effects-and-eq-304e-equalizer-window-01.png	DAPR-2020--Core_Mixing/Spectral_Effects_and_EQ/304e_Equalizer_Window.png
DAPR-2020--Core_Mixing/Images/Spectral_Effects_and_EQ/spectral-effects-and-eq-boost-wide-cut-narrow-01.png	DAPR-2020--Core_Mixing/Spectral_Effects_and_EQ/Boost_Wide_Cut_Narrow.png
DAPR-2020--Core_Mixing/Images/Timing/pro-tools-tce-plugin-preferences.png	DAPR-2020--Core_Mixing/Timing/Pro_Tools_Tce_Plugin_Preferences.png
DAPR-2020--Core_Mixing/Images/Timing/timing-elastic-audio-warp-markers-01.png	DAPR-2020--Core_Mixing/Timing/Elastic_Audio_Warp_Markers.png
DAPR-2020--Core_Mixing/Images/Timing/timing-quantize-strength-comparison-01.png	DAPR-2020--Core_Mixing/Timing/Waveform_Rows_against_Grid_Lines.png
DAPR-2020--Core_Mixing/Images/Timing/timing-quantize-strength-comparison-02.png	DAPR-2020--Core_Mixing/Timing/Marker_Rows_at_Varying_Offsets.png
DAPR-2020--Core_Mixing/Images/Timing/timing-tuning-correction-amount-comparison-02.png	DAPR-2020--Core_Mixing/Tuning/Correction_Amount_Comparison_Boxed.png
DAPR-2020--Core_Mixing/Images/Timing/timing-tuning-scale-and-target-notes-02.png	DAPR-2020--Core_Mixing/Tuning/Scale_and_Target_Notes_Boxed.png
DAPR-2020--Core_Mixing/Images/Timing/tuning-correction-amount-comparison-01.png	DAPR-2020--Core_Mixing/Tuning/Correction_Amount_Comparison_Curves.png
DAPR-2020--Core_Mixing/Images/Timing/tuning-correction-speed-scoop-01.png	DAPR-2020--Core_Mixing/Tuning/Correction_Speed_Scoop.png
DAPR-2020--Core_Mixing/Images/Timing/tuning-scale-and-target-notes-01.png	DAPR-2020--Core_Mixing/Tuning/Scale_and_Target_Notes_Curves.png
DAPR-2020--Core_Mixing/Images/delay-and-stereo-enhancements/delay-and-stereo-enhancements-mono-collapse-check-01.png	DAPR-2020--Core_Mixing/Delay_and_Stereo_Enhancements/Mono_Collapse_Check.png
DAPR-2020--Core_Mixing/Images/delay-and-stereo-enhancements/delay-and-stereo-enhancements-moogerfooger-analog-delay-01.png	DAPR-2020--Core_Mixing/Delay_and_Stereo_Enhancements/Moogerfooger_Analog_Delay.png
DAPR-2020--Core_Mixing/Images/macOS_Foundations/aax_plugins_folder.png	DAPR-2020--Core_Mixing/macOS_Foundations/Aax_Plugins_Folder.png
DAPR-2020--Core_Mixing/Images/macOS_Foundations/about_general_settings.png	DAPR-2020--Core_Mixing/macOS_Foundations/About_General_Settings.png
DAPR-2020--Core_Mixing/Images/macOS_Foundations/about_this_mac.png	DAPR-2020--Core_Mixing/macOS_Foundations/About_This_MAC.png
DAPR-2020--Core_Mixing/Images/macOS_Foundations/about_this_mac_m5.png	DAPR-2020--Core_Mixing/macOS_Foundations/About_This_MAC_M5.png
DAPR-2020--Core_Mixing/Images/macOS_Foundations/activity_monitor_cpu_tab.png	DAPR-2020--Core_Mixing/macOS_Foundations/Activity_Monitor_Cpu_Tab.png
DAPR-2020--Core_Mixing/Images/macOS_Foundations/air_effects_pkg_installer.png	DAPR-2020--Core_Mixing/macOS_Foundations/Air_Effects_Pkg_Installer.png
DAPR-2020--Core_Mixing/Images/macOS_Foundations/apogee_installer_example.png	DAPR-2020--Core_Mixing/macOS_Foundations/Apogee_Installer_Example.png
DAPR-2020--Core_Mixing/Images/macOS_Foundations/app_leftover_files.svg	DAPR-2020--Core_Mixing/macOS_Foundations/App_Leftover_Files.svg
DAPR-2020--Core_Mixing/Images/macOS_Foundations/application_support_folder.png	DAPR-2020--Core_Mixing/macOS_Foundations/Application_Support_Folder.png
DAPR-2020--Core_Mixing/Images/macOS_Foundations/audio_devices_window.png	DAPR-2020--Core_Mixing/macOS_Foundations/Audio_Devices_Window.png
DAPR-2020--Core_Mixing/Images/macOS_Foundations/audio_midi_setup_midi_studio.png	DAPR-2020--Core_Mixing/macOS_Foundations/Audio_MIDI_Setup_MIDI_Studio.png
DAPR-2020--Core_Mixing/Images/macOS_Foundations/cd_alias_icon.png	DAPR-2020--Core_Mixing/macOS_Foundations/Cd_Alias_Icon.png
DAPR-2020--Core_Mixing/Images/macOS_Foundations/cloud_status_icon.png	DAPR-2020--Core_Mixing/macOS_Foundations/Cloud_Status_Icon.png
DAPR-2020--Core_Mixing/Images/macOS_Foundations/cmd_opt_h_after.jpg	DAPR-2020--Core_Mixing/macOS_Foundations/Cmd_Opt_H_After.jpg
DAPR-2020--Core_Mixing/Images/macOS_Foundations/cmd_opt_h_before.jpg	DAPR-2020--Core_Mixing/macOS_Foundations/Cmd_Opt_H_Before.jpg
DAPR-2020--Core_Mixing/Images/macOS_Foundations/compress_context_menu.png	DAPR-2020--Core_Mixing/macOS_Foundations/Compress_Context_Menu.png
DAPR-2020--Core_Mixing/Images/macOS_Foundations/compressed_zip_result.png	DAPR-2020--Core_Mixing/macOS_Foundations/Compressed_Zip_Result.png
DAPR-2020--Core_Mixing/Images/macOS_Foundations/console_no_messages.png	DAPR-2020--Core_Mixing/macOS_Foundations/Console_No_Messages.png
DAPR-2020--Core_Mixing/Images/macOS_Foundations/cpu_architecture_timeline.svg	DAPR-2020--Core_Mixing/macOS_Foundations/Cpu_Architecture_Timeline.svg
DAPR-2020--Core_Mixing/Images/macOS_Foundations/disk_utility_erase_dialog.png	DAPR-2020--Core_Mixing/macOS_Foundations/Disk_Utility_Erase_Dialog.png
DAPR-2020--Core_Mixing/Images/macOS_Foundations/disk_utility_macintosh_hd.png	DAPR-2020--Core_Mixing/macOS_Foundations/Disk_Utility_Macintosh_Hd.png
DAPR-2020--Core_Mixing/Images/macOS_Foundations/dmg_pkg_exe_flow.svg	DAPR-2020--Core_Mixing/macOS_Foundations/Dmg_Pkg_Exe_Flow.svg
DAPR-2020--Core_Mixing/Images/macOS_Foundations/dolby_audio_bridge_speaker_config.png	DAPR-2020--Core_Mixing/macOS_Foundations/Dolby_Audio_Bridge_Speaker_Config.png
DAPR-2020--Core_Mixing/Images/macOS_Foundations/dropbox_installer.png	DAPR-2020--Core_Mixing/macOS_Foundations/Dropbox_Installer.png
DAPR-2020--Core_Mixing/Images/macOS_Foundations/external_drive_sidebar.png	DAPR-2020--Core_Mixing/macOS_Foundations/External_Drive_Sidebar.png
DAPR-2020--Core_Mixing/Images/macOS_Foundations/file_system_timeline.svg	DAPR-2020--Core_Mixing/macOS_Foundations/File_System_Timeline.svg
DAPR-2020--Core_Mixing/Images/macOS_Foundations/finder_settings_advanced.png	DAPR-2020--Core_Mixing/macOS_Foundations/Finder_Settings_Advanced.png
DAPR-2020--Core_Mixing/Images/macOS_Foundations/finder_settings_general.png	DAPR-2020--Core_Mixing/macOS_Foundations/Finder_Settings_General.png
DAPR-2020--Core_Mixing/Images/macOS_Foundations/finder_view_options.png	DAPR-2020--Core_Mixing/macOS_Foundations/Finder_View_Options.png
DAPR-2020--Core_Mixing/Images/macOS_Foundations/force_quit_window.png	DAPR-2020--Core_Mixing/macOS_Foundations/Force_Quit_Window.png
DAPR-2020--Core_Mixing/Images/macOS_Foundations/function_keys_panel.png	DAPR-2020--Core_Mixing/macOS_Foundations/Function_Keys_Panel.png
DAPR-2020--Core_Mixing/Images/macOS_Foundations/get_info_kind_architecture.png	DAPR-2020--Core_Mixing/macOS_Foundations/Get_Info_Kind_Architecture.png
DAPR-2020--Core_Mixing/Images/macOS_Foundations/go_to_folder_autocomplete.png	DAPR-2020--Core_Mixing/macOS_Foundations/Go_to_Folder_Autocomplete.png
DAPR-2020--Core_Mixing/Images/macOS_Foundations/hardware_software_firmware_stack.svg	DAPR-2020--Core_Mixing/macOS_Foundations/Hardware_Software_Firmware_Stack.svg
DAPR-2020--Core_Mixing/Images/macOS_Foundations/home_folder_contents.png	DAPR-2020--Core_Mixing/macOS_Foundations/Home_Folder_Contents.png
DAPR-2020--Core_Mixing/Images/macOS_Foundations/launch_agents_daemons_folders.png	DAPR-2020--Core_Mixing/macOS_Foundations/Launch_Agents_Daemons_Folders.png
DAPR-2020--Core_Mixing/Images/macOS_Foundations/launch_agents_vs_daemons.svg	DAPR-2020--Core_Mixing/macOS_Foundations/Launch_Agents_vs_Daemons.svg
DAPR-2020--Core_Mixing/Images/macOS_Foundations/launchctl_list_terminal.png	DAPR-2020--Core_Mixing/macOS_Foundations/Launchctl_List_Terminal.png
DAPR-2020--Core_Mixing/Images/macOS_Foundations/leftover_folder_diagram.svg	DAPR-2020--Core_Mixing/macOS_Foundations/Leftover_Folder_Diagram.svg
DAPR-2020--Core_Mixing/Images/macOS_Foundations/library_audio_folder.png	DAPR-2020--Core_Mixing/macOS_Foundations/Library_Audio_Folder.png
DAPR-2020--Core_Mixing/Images/macOS_Foundations/login_items_panel.png	DAPR-2020--Core_Mixing/macOS_Foundations/Login_Items_Panel.png
DAPR-2020--Core_Mixing/Images/macOS_Foundations/macintosh_hd_get_info.png	DAPR-2020--Core_Mixing/macOS_Foundations/Macintosh_Hd_Get_Info.png
DAPR-2020--Core_Mixing/Images/macOS_Foundations/mouse_settings_panel.png	DAPR-2020--Core_Mixing/macOS_Foundations/Mouse_Settings_Panel.png
DAPR-2020--Core_Mixing/Images/macOS_Foundations/new_smart_folder_menu.png	DAPR-2020--Core_Mixing/macOS_Foundations/New_Smart_Folder_Menu.png
DAPR-2020--Core_Mixing/Images/macOS_Foundations/package_contents_folder.png	DAPR-2020--Core_Mixing/macOS_Foundations/Package_Contents_Folder.png
DAPR-2020--Core_Mixing/Images/macOS_Foundations/package_contents_menu.png	DAPR-2020--Core_Mixing/macOS_Foundations/Package_Contents_Menu.png
DAPR-2020--Core_Mixing/Images/macOS_Foundations/privacy_security_pane.svg	DAPR-2020--Core_Mixing/macOS_Foundations/Privacy_Security_Pane.svg
DAPR-2020--Core_Mixing/Images/macOS_Foundations/quick_look_preview.png	DAPR-2020--Core_Mixing/macOS_Foundations/Quick_Look_Preview.png
DAPR-2020--Core_Mixing/Images/macOS_Foundations/root_folder_tree.svg	DAPR-2020--Core_Mixing/macOS_Foundations/Root_Folder_Tree.svg
DAPR-2020--Core_Mixing/Images/macOS_Foundations/screenshot_toolbar_diagram.svg	DAPR-2020--Core_Mixing/macOS_Foundations/Dark_Toolbar_with_Labeled_Capture_Buttons.svg
DAPR-2020--Core_Mixing/Images/macOS_Foundations/screenshot_toolbar_options.jpg	DAPR-2020--Core_Mixing/macOS_Foundations/Screenshot_Options_Menu_over_System_Settings.jpg
DAPR-2020--Core_Mixing/Images/macOS_Foundations/sharing_permissions.png	DAPR-2020--Core_Mixing/macOS_Foundations/Sharing_Permissions.png
DAPR-2020--Core_Mixing/Images/macOS_Foundations/skim_dmg_drag_to_applications.png	DAPR-2020--Core_Mixing/macOS_Foundations/Skim_Dmg_Drag_to_Applications.png
DAPR-2020--Core_Mixing/Images/macOS_Foundations/smart_folder_icon.png	DAPR-2020--Core_Mixing/macOS_Foundations/Smart_Folder_Icon.png
DAPR-2020--Core_Mixing/Images/macOS_Foundations/smart_folder_results.png	DAPR-2020--Core_Mixing/macOS_Foundations/Smart_Folder_Results.png
DAPR-2020--Core_Mixing/Images/macOS_Foundations/sound_output_list.png	DAPR-2020--Core_Mixing/macOS_Foundations/Sound_Output_List.png
DAPR-2020--Core_Mixing/Images/macOS_Foundations/spotlight_audio_midi_setup.jpg	DAPR-2020--Core_Mixing/macOS_Foundations/Spotlight_Audio_MIDI_Setup.jpg
DAPR-2020--Core_Mixing/Images/macOS_Foundations/spotlight_pro_tools.jpg	DAPR-2020--Core_Mixing/macOS_Foundations/Spotlight_Pro_Tools.jpg
DAPR-2020--Core_Mixing/Images/macOS_Foundations/system_info_memory.png	DAPR-2020--Core_Mixing/macOS_Foundations/System_Info_Memory.png
DAPR-2020--Core_Mixing/Images/macOS_Foundations/system_information_usb.png	DAPR-2020--Core_Mixing/macOS_Foundations/System_Information_USB.png
DAPR-2020--Core_Mixing/Images/macOS_Foundations/terminal_pwd_ls_cd.png	DAPR-2020--Core_Mixing/macOS_Foundations/Terminal_Pwd_Ls_Cd.png
DAPR-2020--Core_Mixing/Images/macOS_Foundations/time_machine_restore.jpg	DAPR-2020--Core_Mixing/macOS_Foundations/Time_Machine_Restore.jpg
DAPR-2020--Core_Mixing/Images/macOS_Foundations/turbotax_leftover_folder.png	DAPR-2020--Core_Mixing/macOS_Foundations/Turbotax_Leftover_Folder.png
DAPR-2020--Core_Mixing/Images/macOS_Foundations/utilities_folder.png	DAPR-2020--Core_Mixing/macOS_Foundations/Utilities_Folder.png
DAPR-2020--Core_Mixing/Images/master-buss-processing-and-endgame/master-buss-processing-and-endgame-channel-strip-full-window-01.png	DAPR-2020--Core_Mixing/Master_Bus_Processing_and_Endgame/Channel_Strip_Full_Window.png
DAPR-2020--Core_Mixing/Images/master-buss-processing-and-endgame/master-buss-processing-and-endgame-headroom-on-delivery-01.png	DAPR-2020--Core_Mixing/Master_Bus_Processing_and_Endgame/Headroom_on_Delivery.png
DAPR-2255--Audio_Hardware_I/Images/ac-dc-electricity/ac-dc-electricity-ac-vs-dc-traces.png	DAPR-2255--Audio_Hardware_I/AC-DC_Electricity/AC_vs_DC_Traces.png
DAPR-2255--Audio_Hardware_I/Images/ac-dc-electricity/ac-dc-electricity-ac-waveform.png	DAPR-2255--Audio_Hardware_I/AC-DC_Electricity/AC_Waveform.png
DAPR-2255--Audio_Hardware_I/Images/ac-dc-electricity/ac-dc-electricity-assignment-bench-01.jpg	DAPR-2255--Audio_Hardware_I/AC-DC_Electricity/Assignment_Bench.jpg
DAPR-2255--Audio_Hardware_I/Images/ac-dc-electricity/ac-dc-electricity-audio-ac-vs-power-ac.png	DAPR-2255--Audio_Hardware_I/AC-DC_Electricity/Audio_AC_vs_Power_AC.png
DAPR-2255--Audio_Hardware_I/Images/ac-dc-electricity/ac-dc-electricity-audio-signal-levels.png	DAPR-2255--Audio_Hardware_I/AC-DC_Electricity/Audio_Signal_Levels.png
DAPR-2255--Audio_Hardware_I/Images/ac-dc-electricity/ac-dc-electricity-battery-lamp-circuit-01.jpg	DAPR-2255--Audio_Hardware_I/AC-DC_Electricity/Battery_Lamp_Circuit.jpg
DAPR-2255--Audio_Hardware_I/Images/ac-dc-electricity/ac-dc-electricity-bench-psu.jpg	DAPR-2255--Audio_Hardware_I/AC-DC_Electricity/Bench_Psu.jpg
DAPR-2255--Audio_Hardware_I/Images/ac-dc-electricity/ac-dc-electricity-frequency-and-period.png	DAPR-2255--Audio_Hardware_I/AC-DC_Electricity/Frequency_and_Period.png
DAPR-2255--Audio_Hardware_I/Images/ac-dc-electricity/ac-dc-electricity-frequency-worked-examples.png	DAPR-2255--Audio_Hardware_I/AC-DC_Electricity/Frequency_Worked_Examples.png
DAPR-2255--Audio_Hardware_I/Images/ac-dc-electricity/ac-dc-electricity-nikola-tesla.jpg	DAPR-2255--Audio_Hardware_I/AC-DC_Electricity/Nikola_Tesla.jpg
DAPR-2255--Audio_Hardware_I/Images/ac-dc-electricity/ac-dc-electricity-outlet-and-battery-02.jpg	DAPR-2255--Audio_Hardware_I/AC-DC_Electricity/Outlet_and_Battery.jpg
DAPR-2255--Audio_Hardware_I/Images/ac-dc-electricity/ac-dc-electricity-peak-p2p-rms-voltage.png	DAPR-2255--Audio_Hardware_I/AC-DC_Electricity/Peak_P2p_RMS_Voltage.png
DAPR-2255--Audio_Hardware_I/Images/ac-dc-electricity/ac-dc-electricity-polarity-phase-delay.png	DAPR-2255--Audio_Hardware_I/AC-DC_Electricity/Polarity_Phase_Delay.png
DAPR-2255--Audio_Hardware_I/Images/ac-dc-electricity/ac-dc-electricity-power-sources-audio.png	DAPR-2255--Audio_Hardware_I/AC-DC_Electricity/Power_Sources_Audio.png
DAPR-2255--Audio_Hardware_I/Images/ac-dc-electricity/ac-dc-electricity-sine-wave-parts.png	DAPR-2255--Audio_Hardware_I/AC-DC_Electricity/Sine_Wave_Parts.png
DAPR-2255--Audio_Hardware_I/Images/ac-dc-electricity/ac-dc-electricity-thomas-edison.jpg	DAPR-2255--Audio_Hardware_I/AC-DC_Electricity/Thomas_Edison.jpg
DAPR-2255--Audio_Hardware_I/Images/ac-dc-electricity/ac-dc-electricity-why-this-matters.png	DAPR-2255--Audio_Hardware_I/AC-DC_Electricity/Why_This_Matters.png
DAPR-2255--Audio_Hardware_I/Images/batteries/batteries-assignment-bench-01.jpg	DAPR-2255--Audio_Hardware_I/Batteries/Assignment_Bench.jpg
DAPR-2255--Audio_Hardware_I/Images/batteries/batteries-car-battery.jpg	DAPR-2255--Audio_Hardware_I/Batteries/Car_Battery.jpg
DAPR-2255--Audio_Hardware_I/Images/batteries/batteries-chemistries-audio.png	DAPR-2255--Audio_Hardware_I/Batteries/Chemistries_Audio.png
DAPR-2255--Audio_Hardware_I/Images/batteries/batteries-coin-cell.jpg	DAPR-2255--Audio_Hardware_I/Batteries/Coin_Cell.jpg
DAPR-2255--Audio_Hardware_I/Images/batteries/batteries-disposal-recycling-guide.png	DAPR-2255--Audio_Hardware_I/Batteries/Disposal_Recycling_Guide.png
DAPR-2255--Audio_Hardware_I/Images/batteries/batteries-galvanic-cell.jpg	DAPR-2255--Audio_Hardware_I/Batteries/Galvanic_Cell.jpg
DAPR-2255--Audio_Hardware_I/Images/batteries/batteries-history-timeline.png	DAPR-2255--Audio_Hardware_I/Batteries/History_Timeline.png
DAPR-2255--Audio_Hardware_I/Images/batteries/batteries-lithium-ion.jpg	DAPR-2255--Audio_Hardware_I/Batteries/Lithium_Ion.jpg
DAPR-2255--Audio_Hardware_I/Images/batteries/batteries-primary-cell-diagram.jpg	DAPR-2255--Audio_Hardware_I/Batteries/Primary_Cell_Diagram.jpg
DAPR-2255--Audio_Hardware_I/Images/batteries/batteries-runtime-estimation.png	DAPR-2255--Audio_Hardware_I/Batteries/Runtime_Estimation.png
DAPR-2255--Audio_Hardware_I/Images/batteries/batteries-studio-backup-power-reference.png	DAPR-2255--Audio_Hardware_I/Batteries/Studio_Backup_Power_Reference.png
DAPR-2255--Audio_Hardware_I/Images/batteries/batteries-symbol.png	DAPR-2255--Audio_Hardware_I/Batteries/Symbol.png
DAPR-2255--Audio_Hardware_I/Images/batteries/batteries-types-assorted.jpg	DAPR-2255--Audio_Hardware_I/Batteries/Types_Assorted.jpg
DAPR-2255--Audio_Hardware_I/Images/batteries/batteries-volta-portrait.jpg	DAPR-2255--Audio_Hardware_I/Batteries/Volta_Portrait.jpg
DAPR-2255--Audio_Hardware_I/Images/batteries/batteries-voltaic-pile.jpg	DAPR-2255--Audio_Hardware_I/Batteries/Voltaic_Pile.jpg
DAPR-2255--Audio_Hardware_I/Images/batteries/batteries-zinc-carbon-diagram.jpg	DAPR-2255--Audio_Hardware_I/Batteries/Zinc_Carbon_Diagram.jpg
DAPR-2255--Audio_Hardware_I/Images/capacitors/capacitors-assignment-bench-01.jpg	DAPR-2255--Audio_Hardware_I/Capacitors/Assignment_Bench.jpg
DAPR-2255--Audio_Hardware_I/Images/capacitors/capacitors-axial.jpg	DAPR-2255--Audio_Hardware_I/Capacitors/Axial.jpg
DAPR-2255--Audio_Hardware_I/Images/capacitors/capacitors-ceramic-3-digit-code.png	DAPR-2255--Audio_Hardware_I/Capacitors/Ceramic_3_Digit_Code.png
DAPR-2255--Audio_Hardware_I/Images/capacitors/capacitors-ceramic.jpg	DAPR-2255--Audio_Hardware_I/Capacitors/Ceramic.jpg
DAPR-2255--Audio_Hardware_I/Images/capacitors/capacitors-charging-graph.jpg	DAPR-2255--Audio_Hardware_I/Capacitors/Charging_Graph.jpg
DAPR-2255--Audio_Hardware_I/Images/capacitors/capacitors-electrolytic-aluminum.png	DAPR-2255--Audio_Hardware_I/Capacitors/Electrolytic_Aluminum.png
DAPR-2255--Audio_Hardware_I/Images/capacitors/capacitors-film-cap.jpg	DAPR-2255--Audio_Hardware_I/Capacitors/Film_Cap.jpg
DAPR-2255--Audio_Hardware_I/Images/capacitors/capacitors-history-timeline.png	DAPR-2255--Audio_Hardware_I/Capacitors/History_Timeline.png
DAPR-2255--Audio_Hardware_I/Images/capacitors/capacitors-leyden-jar.png	DAPR-2255--Audio_Hardware_I/Capacitors/Leyden_Jar.png
DAPR-2255--Audio_Hardware_I/Images/capacitors/capacitors-pass-ac-frequency-dependent.png	DAPR-2255--Audio_Hardware_I/Capacitors/Pass_AC_Frequency_Dependent.png
DAPR-2255--Audio_Hardware_I/Images/capacitors/capacitors-rc-filter.jpg	DAPR-2255--Audio_Hardware_I/Capacitors/Rc_Filter.jpg
DAPR-2255--Audio_Hardware_I/Images/capacitors/capacitors-supercap.jpg	DAPR-2255--Audio_Hardware_I/Capacitors/Supercap.jpg
DAPR-2255--Audio_Hardware_I/Images/capacitors/capacitors-symbol.jpg	DAPR-2255--Audio_Hardware_I/Capacitors/Symbol.jpg
DAPR-2255--Audio_Hardware_I/Images/capacitors/capacitors-types-in-audio-circuits.png	DAPR-2255--Audio_Hardware_I/Capacitors/Types_in_Audio_Circuits.png
DAPR-2255--Audio_Hardware_I/Images/capacitors/capacitors-various-types.jpg	DAPR-2255--Audio_Hardware_I/Capacitors/Various_Types.jpg
DAPR-2255--Audio_Hardware_I/Images/diodes-leds/diodes-leds-1n4001-diode.jpg	DAPR-2255--Audio_Hardware_I/Diodes_and_LEDs/1n4001_Diode.jpg
DAPR-2255--Audio_Hardware_I/Images/diodes-leds/diodes-leds-assignment-bench-01.jpg	DAPR-2255--Audio_Hardware_I/Diodes_and_LEDs/Assignment_Bench.jpg
DAPR-2255--Audio_Hardware_I/Images/diodes-leds/diodes-leds-braun-portrait.jpg	DAPR-2255--Audio_Hardware_I/Diodes_and_LEDs/Braun_Portrait.jpg
DAPR-2255--Audio_Hardware_I/Images/diodes-leds/diodes-leds-bridge-rectifier.jpg	DAPR-2255--Audio_Hardware_I/Diodes_and_LEDs/Bridge_Rectifier.jpg
DAPR-2255--Audio_Hardware_I/Images/diodes-leds/diodes-leds-cathode-band-and-symbol.png	DAPR-2255--Audio_Hardware_I/Diodes_and_LEDs/Cathode_Band_and_Symbol.png
DAPR-2255--Audio_Hardware_I/Images/diodes-leds/diodes-leds-colors.png	DAPR-2255--Audio_Hardware_I/Diodes_and_LEDs/Colors.png
DAPR-2255--Audio_Hardware_I/Images/diodes-leds/diodes-leds-diode-symbol.jpg	DAPR-2255--Audio_Hardware_I/Diodes_and_LEDs/Diode_Symbol.jpg
DAPR-2255--Audio_Hardware_I/Images/diodes-leds/diodes-leds-led-circuit-01.png	DAPR-2255--Audio_Hardware_I/Diodes_and_LEDs/LED_Circuit.png
DAPR-2255--Audio_Hardware_I/Images/diodes-leds/diodes-leds-photodiode-symbol.jpg	DAPR-2255--Audio_Hardware_I/Diodes_and_LEDs/Photodiode_Symbol.jpg
DAPR-2255--Audio_Hardware_I/Images/diodes-leds/diodes-leds-protection-circuits-diagram.png	DAPR-2255--Audio_Hardware_I/Diodes_and_LEDs/Protection_Circuits_Diagram.png
DAPR-2255--Audio_Hardware_I/Images/diodes-leds/diodes-leds-rgb-led.jpg	DAPR-2255--Audio_Hardware_I/Diodes_and_LEDs/Rgb_LED.jpg
DAPR-2255--Audio_Hardware_I/Images/diodes-leds/diodes-leds-schottky-symbol.jpg	DAPR-2255--Audio_Hardware_I/Diodes_and_LEDs/Schottky_Symbol.jpg
DAPR-2255--Audio_Hardware_I/Images/diodes-leds/diodes-leds-zener-photo.jpg	DAPR-2255--Audio_Hardware_I/Diodes_and_LEDs/Zener_Photo.jpg
DAPR-2255--Audio_Hardware_I/Images/diodes-leds/diodes-leds-zener-symbol.jpg	DAPR-2255--Audio_Hardware_I/Diodes_and_LEDs/Zener_Symbol.jpg
DAPR-2255--Audio_Hardware_I/Images/inductors-transformers/inductors-transformers-air-coil.jpg	DAPR-2255--Audio_Hardware_I/Inductors_and_Transformers/Air_Coil.jpg
DAPR-2255--Audio_Hardware_I/Images/inductors-transformers/inductors-transformers-assignment-bench-01.jpg	DAPR-2255--Audio_Hardware_I/Inductors_and_Transformers/Assignment_Bench.jpg
DAPR-2255--Audio_Hardware_I/Images/inductors-transformers/inductors-transformers-assorted-inductors.png	DAPR-2255--Audio_Hardware_I/Inductors_and_Transformers/Assorted_Inductors.png
DAPR-2255--Audio_Hardware_I/Images/inductors-transformers/inductors-transformers-audio-voltage-current-impedance.png	DAPR-2255--Audio_Hardware_I/Inductors_and_Transformers/Audio_Voltage_Current_Impedance.png
DAPR-2255--Audio_Hardware_I/Images/inductors-transformers/inductors-transformers-chip-inductor-internal-structure.jpg	DAPR-2255--Audio_Hardware_I/Inductors_and_Transformers/Chip_Inductor_Internal_Structure.jpg
DAPR-2255--Audio_Hardware_I/Images/inductors-transformers/inductors-transformers-choke.jpg	DAPR-2255--Audio_Hardware_I/Inductors_and_Transformers/Choke.jpg
DAPR-2255--Audio_Hardware_I/Images/inductors-transformers/inductors-transformers-faraday-portrait.jpg	DAPR-2255--Audio_Hardware_I/Inductors_and_Transformers/Faraday_Portrait.jpg
DAPR-2255--Audio_Hardware_I/Images/inductors-transformers/inductors-transformers-ferrite-bead-cable.jpg	DAPR-2255--Audio_Hardware_I/Inductors_and_Transformers/Ferrite_Bead_Cable.jpg
DAPR-2255--Audio_Hardware_I/Images/inductors-transformers/inductors-transformers-ferrite-bead.jpg	DAPR-2255--Audio_Hardware_I/Inductors_and_Transformers/Ferrite_Bead.jpg
DAPR-2255--Audio_Hardware_I/Images/inductors-transformers/inductors-transformers-pcb-transformer.jpg	DAPR-2255--Audio_Hardware_I/Inductors_and_Transformers/Pcb_Transformer.jpg
DAPR-2255--Audio_Hardware_I/Images/inductors-transformers/inductors-transformers-power-xfmr.jpg	DAPR-2255--Audio_Hardware_I/Inductors_and_Transformers/Power_Xfmr.jpg
DAPR-2255--Audio_Hardware_I/Images/inductors-transformers/inductors-transformers-symbol.jpg	DAPR-2255--Audio_Hardware_I/Inductors_and_Transformers/Symbol.jpg
DAPR-2255--Audio_Hardware_I/Images/inductors-transformers/inductors-transformers-toroidal-xfmr.jpg	DAPR-2255--Audio_Hardware_I/Inductors_and_Transformers/Toroidal_Xfmr.jpg
DAPR-2255--Audio_Hardware_I/Images/inductors-transformers/inductors-transformers-toroidal.jpg	DAPR-2255--Audio_Hardware_I/Inductors_and_Transformers/Toroidal.jpg
DAPR-2255--Audio_Hardware_I/Images/midi/midi-1-vs-2-resolution-01.png	DAPR-2255--Audio_Hardware_I/MIDI/1_vs_2_Resolution.png
DAPR-2255--Audio_Hardware_I/Images/midi/midi-audio-midi-setup-midi-studio.png	DAPR-2255--Audio_Hardware_I/MIDI/Audio_MIDI_Setup_MIDI_Studio.png
DAPR-2255--Audio_Hardware_I/Images/midi/midi-cc-to-dmx-scaling-01.png	DAPR-2255--Audio_Hardware_I/MIDI/Cc_to_DMX_Scaling.png
DAPR-2255--Audio_Hardware_I/Images/midi/midi-clock-vs-mtc-02.png	DAPR-2255--Audio_Hardware_I/MIDI/Clock_vs_MTC.png
DAPR-2255--Audio_Hardware_I/Images/midi/midi-device-gm-mmc-properties-01.png	DAPR-2255--Audio_Hardware_I/MIDI/Device_GM_Mmc_Properties.png
DAPR-2255--Audio_Hardware_I/Images/midi/midi-din-5-pin-female-jack.png	DAPR-2255--Audio_Hardware_I/MIDI/Din_5_Pin_Female_Jack.png
DAPR-2255--Audio_Hardware_I/Images/midi/midi-din-5-pin-male-plug.png	DAPR-2255--Audio_Hardware_I/MIDI/Din_5_Pin_Male_Plug.png
DAPR-2255--Audio_Hardware_I/Images/midi/midi-din-cable-seated-in-jack-01.jpg	DAPR-2255--Audio_Hardware_I/MIDI/Din_Cable_Seated_in_Jack.jpg
DAPR-2255--Audio_Hardware_I/Images/midi/midi-din-connector-face-01.jpg	DAPR-2255--Audio_Hardware_I/MIDI/Din_Connector_Face.jpg
DAPR-2255--Audio_Hardware_I/Images/midi/midi-dmx-fixture-02.jpg	DAPR-2255--Audio_Hardware_I/MIDI/PAR_Fixture_Showing_DIP_Switch_Bank.jpg
DAPR-2255--Audio_Hardware_I/Images/midi/midi-dmx-fixture-03.jpg	DAPR-2255--Audio_Hardware_I/MIDI/PAR_Fixture_on_Double_Yoke_Bracket.jpg
DAPR-2255--Audio_Hardware_I/Images/midi/midi-gm-channel-10-01.png	DAPR-2255--Audio_Hardware_I/MIDI/GM_Channel_10.png
DAPR-2255--Audio_Hardware_I/Images/midi/midi-interface-rear-panel-01.jpg	DAPR-2255--Audio_Hardware_I/MIDI/Interface_Rear_Panel.jpg
DAPR-2255--Audio_Hardware_I/Images/midi/midi-jitter-buffer-tradeoff-02.png	DAPR-2255--Audio_Hardware_I/MIDI/Jitter_Buffer_Tradeoff.png
DAPR-2255--Audio_Hardware_I/Images/midi/midi-keyboard-controller-01.jpg	DAPR-2255--Audio_Hardware_I/MIDI/Keyboard_Controller.jpg
DAPR-2255--Audio_Hardware_I/Images/midi/midi-local-control-double-trigger-01.png	DAPR-2255--Audio_Hardware_I/MIDI/Local_Control_Double_Trigger.png
DAPR-2255--Audio_Hardware_I/Images/midi/midi-managed-switch-01.jpg	DAPR-2255--Audio_Hardware_I/MIDI/Managed_Switch.jpg
DAPR-2255--Audio_Hardware_I/Images/midi/midi-monitor-window-01.png	DAPR-2255--Audio_Hardware_I/MIDI/Monitor_Window.png
DAPR-2255--Audio_Hardware_I/Images/midi/midi-msc-device-id-01.png	DAPR-2255--Audio_Hardware_I/MIDI/Msc_Device_Id.png
DAPR-2255--Audio_Hardware_I/Images/midi/midi-network-midi-preferences-01.png	DAPR-2255--Audio_Hardware_I/MIDI/Network_MIDI_Preferences.png
DAPR-2255--Audio_Hardware_I/Images/midi/midi-note-on-note-off-timeline-01.png	DAPR-2255--Audio_Hardware_I/MIDI/Note_on_Note_Off_Timeline.png
DAPR-2255--Audio_Hardware_I/Images/midi/midi-osc-din-beside-ethernet-01.jpg	DAPR-2255--Audio_Hardware_I/MIDI/Osc_Din_Beside_Ethernet.jpg
DAPR-2255--Audio_Hardware_I/Images/midi/midi-qlab-cue-list-01.png	DAPR-2255--Audio_Hardware_I/MIDI/Qlab_Cue_List.png
DAPR-2255--Audio_Hardware_I/Images/midi/midi-rack-sound-module-01.jpg	DAPR-2255--Audio_Hardware_I/MIDI/Rack_Sound_Module.jpg
DAPR-2255--Audio_Hardware_I/Images/midi/midi-rtp-two-interfaces-one-cable-01.jpg	DAPR-2255--Audio_Hardware_I/MIDI/Rtp_Two_Interfaces_One_Cable.jpg
DAPR-2255--Audio_Hardware_I/Images/midi/midi-same-file-two-synths-02.png	DAPR-2255--Audio_Hardware_I/MIDI/Same_File_Two_Synths.png
DAPR-2255--Audio_Hardware_I/Images/midi/midi-serial-vs-network-transport-01.png	DAPR-2255--Audio_Hardware_I/MIDI/Serial_vs_Network_Transport.png
DAPR-2255--Audio_Hardware_I/Images/midi/midi-test-kit-layout-01.jpg	DAPR-2255--Audio_Hardware_I/MIDI/Test_Kit_Layout.jpg
DAPR-2255--Audio_Hardware_I/Images/midi/midi-thru-box-01.jpg	DAPR-2255--Audio_Hardware_I/MIDI/Thru_Box.jpg
DAPR-2255--Audio_Hardware_I/Images/midi/midi-thru-chain-vs-thru-box-01.png	DAPR-2255--Audio_Hardware_I/MIDI/Thru_Chain_vs_Thru_Box.png
DAPR-2255--Audio_Hardware_I/Images/midi/midi-troubleshooting-cable-pulled-01.jpg	DAPR-2255--Audio_Hardware_I/MIDI/Troubleshooting_Cable_Pulled.jpg
DAPR-2255--Audio_Hardware_I/Images/midi/midi-trs-type-a-vs-type-b-01.jpg	DAPR-2255--Audio_Hardware_I/MIDI/Trs_Type_a_vs_Type_B.jpg
DAPR-2255--Audio_Hardware_I/Images/midi/midi-usb-b-cable-end-01.jpg	DAPR-2255--Audio_Hardware_I/MIDI/USB_B_Cable_End.jpg
DAPR-2255--Audio_Hardware_I/Images/midi/midi-usb-c-instrument-rear-01.jpg	DAPR-2255--Audio_Hardware_I/MIDI/USB_C_Instrument_Rear.jpg
DAPR-2255--Audio_Hardware_I/Images/midi/midi-what-midi-carries-02.png	DAPR-2255--Audio_Hardware_I/MIDI/What_MIDI_Carries.png
DAPR-2255--Audio_Hardware_I/Images/multimeters/multimeters-analog-meter.jpg	DAPR-2255--Audio_Hardware_I/Multimeters/Analog_Meter.jpg
DAPR-2255--Audio_Hardware_I/Images/multimeters/multimeters-assignment-bench-01.jpg	DAPR-2255--Audio_Hardware_I/Multimeters/Assignment_Bench.jpg
DAPR-2255--Audio_Hardware_I/Images/multimeters/multimeters-clamp-meter.jpg	DAPR-2255--Audio_Hardware_I/Multimeters/Clamp_Meter.jpg
DAPR-2255--Audio_Hardware_I/Images/multimeters/multimeters-digital-meter.jpg	DAPR-2255--Audio_Hardware_I/Multimeters/Digital_Meter.jpg
DAPR-2255--Audio_Hardware_I/Images/multimeters/multimeters-jack-selection-01.jpg	DAPR-2255--Audio_Hardware_I/Multimeters/Jack_Selection.jpg
DAPR-2255--Audio_Hardware_I/Images/multimeters/multimeters-oersted-portrait.jpg	DAPR-2255--Audio_Hardware_I/Multimeters/Oersted_Portrait.jpg
DAPR-2255--Audio_Hardware_I/Images/multimeters/multimeters-oscilloscope.jpg	DAPR-2255--Audio_Hardware_I/Multimeters/Oscilloscope.jpg
DAPR-2255--Audio_Hardware_I/Images/multimeters/multimeters-overview-hero.png	DAPR-2255--Audio_Hardware_I/Multimeters/Overview_Hero.png
DAPR-2255--Audio_Hardware_I/Images/multimeters/multimeters-test-leads.jpg	DAPR-2255--Audio_Hardware_I/Multimeters/Test_Leads.jpg
DAPR-2255--Audio_Hardware_I/Images/multimeters/multimeters-wheatstone-bridge.jpg	DAPR-2255--Audio_Hardware_I/Multimeters/Wheatstone_Bridge.jpg
DAPR-2255--Audio_Hardware_I/Images/ohms-law/ohms-law-assignment-bench-01.jpg	DAPR-2255--Audio_Hardware_I/Ohms_Law/Assignment_Bench.jpg
DAPR-2255--Audio_Hardware_I/Images/ohms-law/ohms-law-circuit-diagram.png	DAPR-2255--Audio_Hardware_I/Ohms_Law/Circuit_Diagram.png
DAPR-2255--Audio_Hardware_I/Images/ohms-law/ohms-law-georg-ohm-portrait.jpg	DAPR-2255--Audio_Hardware_I/Ohms_Law/Georg_Ohm_Portrait.jpg
DAPR-2255--Audio_Hardware_I/Images/ohms-law/ohms-law-overview-hero.png	DAPR-2255--Audio_Hardware_I/Ohms_Law/Overview_Hero.png
DAPR-2255--Audio_Hardware_I/Images/ohms-law/ohms-law-potentiometer.jpg	DAPR-2255--Audio_Hardware_I/Ohms_Law/Potentiometer.jpg
DAPR-2255--Audio_Hardware_I/Images/ohms-law/ohms-law-voltage-divider.jpg	DAPR-2255--Audio_Hardware_I/Ohms_Law/Voltage_Divider.jpg
DAPR-2255--Audio_Hardware_I/Images/ohms-law/ohms-law-wheel-basic.png	DAPR-2255--Audio_Hardware_I/Ohms_Law/Wheel_Basic.png
DAPR-2255--Audio_Hardware_I/Images/ohms-law/ohms-law-wheel-colorcoded-numbers.png	DAPR-2255--Audio_Hardware_I/Ohms_Law/Wheel_Colorcoded_Numbers.png
DAPR-2255--Audio_Hardware_I/Images/ohms-law/ohms-law-wheel-colorcoded.png	DAPR-2255--Audio_Hardware_I/Ohms_Law/Wheel_Colorcoded.png
DAPR-2255--Audio_Hardware_I/Images/power/power-amplifier-specs-infographic.png	DAPR-2255--Audio_Hardware_I/Power/Amplifier_Specs_Infographic.png
DAPR-2255--Audio_Hardware_I/Images/power/power-assignment-bench-01.jpg	DAPR-2255--Audio_Hardware_I/Power/Assignment_Bench.jpg
DAPR-2255--Audio_Hardware_I/Images/power/power-doubling-is-3db-01.png	DAPR-2255--Audio_Hardware_I/Power/Doubling_is_3dB.png
DAPR-2255--Audio_Hardware_I/Images/power/power-heatsink-amplifier-chassis-01.jpg	DAPR-2255--Audio_Hardware_I/Power/Heatsink_Amplifier_Chassis.jpg
DAPR-2255--Audio_Hardware_I/Images/power/power-heatsink-cpu-cooler-01.jpg	DAPR-2255--Audio_Hardware_I/Power/Heatsink_Cpu_Cooler.jpg
DAPR-2255--Audio_Hardware_I/Images/power/power-heatsink-to220-pair.jpg	DAPR-2255--Audio_Hardware_I/Power/Heatsink_To220_Pair.jpg
DAPR-2255--Audio_Hardware_I/Images/power/power-heatsink-why-fins-work-02.png	DAPR-2255--Audio_Hardware_I/Power/Heatsink_Why_Fins_Work.png
DAPR-2255--Audio_Hardware_I/Images/power/power-heatsink.jpg	DAPR-2255--Audio_Hardware_I/Power/Heatsink.jpg
DAPR-2255--Audio_Hardware_I/Images/power/power-james-watt-portrait.jpg	DAPR-2255--Audio_Hardware_I/Power/James_Watt_Portrait.jpg
DAPR-2255--Audio_Hardware_I/Images/power/power-joule-portrait.jpg	DAPR-2255--Audio_Hardware_I/Power/Joule_Portrait.jpg
DAPR-2255--Audio_Hardware_I/Images/power/power-watt-steam-engine.jpg	DAPR-2255--Audio_Hardware_I/Power/Watt_Steam_Engine.jpg
DAPR-2255--Audio_Hardware_I/Images/power/power-wattmeter.jpg	DAPR-2255--Audio_Hardware_I/Power/Wattmeter.jpg
DAPR-2255--Audio_Hardware_I/Images/resistors/resistors-assignment-bench-01.jpg	DAPR-2255--Audio_Hardware_I/Resistors/Assignment_Bench.jpg
DAPR-2255--Audio_Hardware_I/Images/resistors/resistors-assorted-types.jpg	DAPR-2255--Audio_Hardware_I/Resistors/Assorted_Types.jpg
DAPR-2255--Audio_Hardware_I/Images/resistors/resistors-audio-applications-infographic.png	DAPR-2255--Audio_Hardware_I/Resistors/Audio_Applications_Infographic.png
DAPR-2255--Audio_Hardware_I/Images/resistors/resistors-color-code-png.png	DAPR-2255--Audio_Hardware_I/Resistors/Color_Code_Png.png
DAPR-2255--Audio_Hardware_I/Images/resistors/resistors-four-band-worked.png	DAPR-2255--Audio_Hardware_I/Resistors/Four_Band_Worked.png
DAPR-2255--Audio_Hardware_I/Images/resistors/resistors-in-circuit-parallel-path-01.jpg	DAPR-2255--Audio_Hardware_I/Resistors/In_Circuit_Parallel_Path.jpg
DAPR-2255--Audio_Hardware_I/Images/resistors/resistors-ldr.jpg	DAPR-2255--Audio_Hardware_I/Resistors/Ldr.jpg
DAPR-2255--Audio_Hardware_I/Images/resistors/resistors-pcb-resistor.jpg	DAPR-2255--Audio_Hardware_I/Resistors/Pcb_Resistor.jpg
DAPR-2255--Audio_Hardware_I/Images/resistors/resistors-potentiometer-symbol.jpg	DAPR-2255--Audio_Hardware_I/Resistors/Potentiometer_Symbol.jpg
DAPR-2255--Audio_Hardware_I/Images/resistors/resistors-power-ratings.jpg	DAPR-2255--Audio_Hardware_I/Resistors/Power_Ratings.jpg
DAPR-2255--Audio_Hardware_I/Images/resistors/resistors-smd-resistors.jpg	DAPR-2255--Audio_Hardware_I/Resistors/Smd_Resistors.jpg
DAPR-2255--Audio_Hardware_I/Images/resistors/resistors-symbol-ansi.jpg	DAPR-2255--Audio_Hardware_I/Resistors/Symbol_Ansi.jpg
DAPR-2255--Audio_Hardware_I/Images/resistors/resistors-symbol-iec.jpg	DAPR-2255--Audio_Hardware_I/Resistors/Symbol_Iec.jpg
DAPR-2255--Audio_Hardware_I/Images/schematics/schematics-assignment-bench-01.jpg	DAPR-2255--Audio_Hardware_I/Schematics/Assignment_Bench.jpg
DAPR-2255--Audio_Hardware_I/Images/schematics/schematics-breadboard-circuit.jpg	DAPR-2255--Audio_Hardware_I/Schematics/Breadboard_Circuit.jpg
DAPR-2255--Audio_Hardware_I/Images/schematics/schematics-circuit-board-detail.jpg	DAPR-2255--Audio_Hardware_I/Schematics/Circuit_Board_Detail.jpg
DAPR-2255--Audio_Hardware_I/Images/schematics/schematics-connector-jack-symbol-01.png	DAPR-2255--Audio_Hardware_I/Schematics/Connector_Jack_Symbol.png
DAPR-2255--Audio_Hardware_I/Images/schematics/schematics-fuse-symbol-01.png	DAPR-2255--Audio_Hardware_I/Schematics/Fuse_Symbol.png
DAPR-2255--Audio_Hardware_I/Images/schematics/schematics-ground-symbols.jpg	DAPR-2255--Audio_Hardware_I/Schematics/Ground_Symbols.jpg
DAPR-2255--Audio_Hardware_I/Images/schematics/schematics-loudspeaker-symbol-01.png	DAPR-2255--Audio_Hardware_I/Schematics/Loudspeaker_Symbol.png
DAPR-2255--Audio_Hardware_I/Images/schematics/schematics-microphone-symbol-01.png	DAPR-2255--Audio_Hardware_I/Schematics/Microphone_Symbol.png
DAPR-2255--Audio_Hardware_I/Images/schematics/schematics-opamp-symbol.jpg	DAPR-2255--Audio_Hardware_I/Schematics/Opamp_Symbol.jpg
DAPR-2255--Audio_Hardware_I/Images/schematics/schematics-pcb-photo.jpg	DAPR-2255--Audio_Hardware_I/Schematics/Pcb_Photo.jpg
DAPR-2255--Audio_Hardware_I/Images/schematics/schematics-reference-designators.png	DAPR-2255--Audio_Hardware_I/Schematics/Reference_Designators.png
DAPR-2255--Audio_Hardware_I/Images/schematics/schematics-voltage-source.jpg	DAPR-2255--Audio_Hardware_I/Schematics/Voltage_Source.jpg
DAPR-2255--Audio_Hardware_I/Images/schematics/schematics-wire-junction.png	DAPR-2255--Audio_Hardware_I/Schematics/Wire_Junction.png
DAPR-2255--Audio_Hardware_I/Images/series-parallel/series-parallel-assignment-bench-01.jpg	DAPR-2255--Audio_Hardware_I/Series-Parallel/Assignment_Bench.jpg
DAPR-2255--Audio_Hardware_I/Images/series-parallel/series-parallel-circuit-schematic.png	DAPR-2255--Audio_Hardware_I/Series-Parallel/Circuit_Schematic.png
DAPR-2255--Audio_Hardware_I/Images/series-parallel/series-parallel-kcl.png	DAPR-2255--Audio_Hardware_I/Series-Parallel/Kcl.png
DAPR-2255--Audio_Hardware_I/Images/series-parallel/series-parallel-kirchhoff-portrait.jpg	DAPR-2255--Audio_Hardware_I/Series-Parallel/Kirchhoff_Portrait.jpg
DAPR-2255--Audio_Hardware_I/Images/series-parallel/series-parallel-kirchhoffs-laws.png	DAPR-2255--Audio_Hardware_I/Series-Parallel/Kirchhoffs_Laws.png
DAPR-2255--Audio_Hardware_I/Images/series-parallel/series-parallel-kvl.png	DAPR-2255--Audio_Hardware_I/Series-Parallel/Kvl.png
DAPR-2255--Audio_Hardware_I/Images/series-parallel/series-parallel-loaded-voltage-divider.png	DAPR-2255--Audio_Hardware_I/Series-Parallel/Loaded_Voltage_Divider.png
DAPR-2255--Audio_Hardware_I/Images/series-parallel/series-parallel-parallel-formula.png	DAPR-2255--Audio_Hardware_I/Series-Parallel/Parallel_Formula.png
DAPR-2255--Audio_Hardware_I/Images/series-parallel/series-parallel-parallel-resistor-example.png	DAPR-2255--Audio_Hardware_I/Series-Parallel/Parallel_Resistor_Example.png
DAPR-2255--Audio_Hardware_I/Images/series-parallel/series-parallel-parallel.png	DAPR-2255--Audio_Hardware_I/Series-Parallel/Parallel.png
DAPR-2255--Audio_Hardware_I/Images/series-parallel/series-parallel-series-example.png	DAPR-2255--Audio_Hardware_I/Series-Parallel/Series_Example.png
DAPR-2255--Audio_Hardware_I/Images/series-parallel/series-parallel-series-voltage-drops.png	DAPR-2255--Audio_Hardware_I/Series-Parallel/Series_Voltage_Drops.png
DAPR-2255--Audio_Hardware_I/Images/series-parallel/series-parallel-voltage-divider-infographic.png	DAPR-2255--Audio_Hardware_I/Series-Parallel/Voltage_Divider_Infographic.png
DAPR-2255--Audio_Hardware_I/Images/switches/switches-3pdt-toggle-photo.jpg	DAPR-2255--Audio_Hardware_I/Switches/3pdt_Toggle_Photo.jpg
DAPR-2255--Audio_Hardware_I/Images/switches/switches-assignment-bench-01.jpg	DAPR-2255--Audio_Hardware_I/Switches/Assignment_Bench.jpg
DAPR-2255--Audio_Hardware_I/Images/switches/switches-dip-switch.jpg	DAPR-2255--Audio_Hardware_I/Switches/Dip_Switch.jpg
DAPR-2255--Audio_Hardware_I/Images/switches/switches-dpdt-symbol.jpg	DAPR-2255--Audio_Hardware_I/Switches/Dpdt_Symbol.jpg
DAPR-2255--Audio_Hardware_I/Images/switches/switches-dpst-symbol.jpg	DAPR-2255--Audio_Hardware_I/Switches/Dpst_Symbol.jpg
DAPR-2255--Audio_Hardware_I/Images/switches/switches-evolution-of-switching.png	DAPR-2255--Audio_Hardware_I/Switches/Evolution_of_Switching.png
DAPR-2255--Audio_Hardware_I/Images/switches/switches-push-button-box.jpg	DAPR-2255--Audio_Hardware_I/Switches/Push_Button_Box.jpg
DAPR-2255--Audio_Hardware_I/Images/switches/switches-pushbutton-sparkfun.jpg	DAPR-2255--Audio_Hardware_I/Switches/Pushbutton_Sparkfun.jpg
DAPR-2255--Audio_Hardware_I/Images/switches/switches-relay-schematic-symbols.png	DAPR-2255--Audio_Hardware_I/Switches/Relay_Schematic_Symbols.png
DAPR-2255--Audio_Hardware_I/Images/switches/switches-rocker-switch.jpg	DAPR-2255--Audio_Hardware_I/Switches/Rocker_Switch.jpg
DAPR-2255--Audio_Hardware_I/Images/switches/switches-rotary-switch.jpg	DAPR-2255--Audio_Hardware_I/Switches/Rotary_Switch.jpg
DAPR-2255--Audio_Hardware_I/Images/switches/switches-slide-switch.jpg	DAPR-2255--Audio_Hardware_I/Switches/Slide_Switch.jpg
DAPR-2255--Audio_Hardware_I/Images/switches/switches-spdt-symbol.jpg	DAPR-2255--Audio_Hardware_I/Switches/Spdt_Symbol.jpg
DAPR-2255--Audio_Hardware_I/Images/switches/switches-spst-symbol.jpg	DAPR-2255--Audio_Hardware_I/Switches/Spst_Symbol.jpg
DAPR-2255--Audio_Hardware_I/Images/switches/switches-talkback-box-switches.png	DAPR-2255--Audio_Hardware_I/Switches/Talkback_Box_Switches.png
DAPR-2255--Audio_Hardware_I/Images/switches/switches-throws-and-poles.png	DAPR-2255--Audio_Hardware_I/Switches/Throws_and_Poles.png
DAPR-2255--Audio_Hardware_I/Images/switches/switches-toggle-switch-photo.png	DAPR-2255--Audio_Hardware_I/Switches/Toggle_Switch_Photo.png
DAPR-2255--Audio_Hardware_I/Images/switches/switches-types-in-audio-equipment.png	DAPR-2255--Audio_Hardware_I/Switches/Types_in_Audio_Equipment.png
DAPR-2255--Audio_Hardware_I/Images/switches/switches-wiring-diagrams.jpg	DAPR-2255--Audio_Hardware_I/Switches/Wiring_Diagrams.jpg
DAPR-2255--Audio_Hardware_I/Images/syllabus/syllabus-bench-overview-01.jpg	DAPR-2255--Audio_Hardware_I/Syllabus/Bench_Overview.jpg
DAPR-2255--Audio_Hardware_I/Images/transistors/transistors-amplifier-circuit.jpg	DAPR-2255--Audio_Hardware_I/Transistors/Amplifier_Circuit.jpg
DAPR-2255--Audio_Hardware_I/Images/transistors/transistors-applications-in-audio.png	DAPR-2255--Audio_Hardware_I/Transistors/Applications_in_Audio.png
DAPR-2255--Audio_Hardware_I/Images/transistors/transistors-assignment-bench-01.jpg	DAPR-2255--Audio_Hardware_I/Transistors/Assignment_Bench.jpg
DAPR-2255--Audio_Hardware_I/Images/transistors/transistors-assorted-types.png	DAPR-2255--Audio_Hardware_I/Transistors/Assorted_Types.png
DAPR-2255--Audio_Hardware_I/Images/transistors/transistors-bell-labs-inventors.jpg	DAPR-2255--Audio_Hardware_I/Transistors/Bell_Labs_Inventors.jpg
DAPR-2255--Audio_Hardware_I/Images/transistors/transistors-bjt-vs-fet-audio.png	DAPR-2255--Audio_Hardware_I/Transistors/BJT_vs_Fet_Audio.png
DAPR-2255--Audio_Hardware_I/Images/transistors/transistors-fet-symbols.jpg	DAPR-2255--Audio_Hardware_I/Transistors/Fet_Symbols.jpg
DAPR-2255--Audio_Hardware_I/Images/transistors/transistors-first-transistor-replica.jpg	DAPR-2255--Audio_Hardware_I/Transistors/First_Transistor_Replica.jpg
DAPR-2255--Audio_Hardware_I/Images/transistors/transistors-first-transistor-to-microprocessor.png	DAPR-2255--Audio_Hardware_I/Transistors/First_Transistor_to_Microprocessor.png
DAPR-2255--Audio_Hardware_I/Images/transistors/transistors-heatsink.png	DAPR-2255--Audio_Hardware_I/Transistors/Heatsink.png
DAPR-2255--Audio_Hardware_I/Images/transistors/transistors-inside-integrated-circuits.png	DAPR-2255--Audio_Hardware_I/Transistors/Inside_Integrated_Circuits.png
DAPR-2255--Audio_Hardware_I/Images/transistors/transistors-npn-pnp-symbols.png	DAPR-2255--Audio_Hardware_I/Transistors/Npn_Pnp_Symbols.png
DAPR-2255--Audio_Hardware_I/Images/transistors/transistors-three-bjt-amplifier-configs.png	DAPR-2255--Audio_Hardware_I/Transistors/Three_BJT_Amplifier_Configs.png
DAPR-2255--Audio_Hardware_I/Images/transistors/transistors-to92-package.png	DAPR-2255--Audio_Hardware_I/Transistors/To92_Package.png
DAPR-2255--Audio_Hardware_I/Images/voltage-current/voltage-current-breadboard-circuit-01.jpg	DAPR-2255--Audio_Hardware_I/Voltage-Current/Breadboard_Circuit.jpg
DAPR-2255--Audio_Hardware_I/Images/voltage-current/voltage-current-complete-path-01.png	DAPR-2255--Audio_Hardware_I/Voltage-Current/Complete_Path.png
DAPR-2255--Audio_Hardware_I/Images/voltage-current/voltage-current-conventional-vs-electron-flow-01.png	DAPR-2255--Audio_Hardware_I/Voltage-Current/Conventional_vs_Electron_Flow.png
DAPR-2255--Audio_Hardware_I/Images/voltage-current/voltage-current-orders-of-magnitude-01.png	DAPR-2255--Audio_Hardware_I/Voltage-Current/Orders_of_Magnitude.png
DAPR-2255--Audio_Hardware_I/Images/voltage-current/voltage-current-reservoir-analogy-02.png	DAPR-2255--Audio_Hardware_I/Voltage-Current/Reservoir_Analogy.png
DAPR-2255--Audio_Hardware_I/Images/wiring-safety/wiring-safety-assignment-bench-01.jpg	DAPR-2255--Audio_Hardware_I/Wiring_Safety/Assignment_Bench.jpg
DAPR-2255--Audio_Hardware_I/Images/wiring-safety/wiring-safety-awg-wire-gauge-chart.png	DAPR-2255--Audio_Hardware_I/Wiring_Safety/AWG_Wire_Gauge_Chart.png
DAPR-2255--Audio_Hardware_I/Images/wiring-safety/wiring-safety-breadboard-photo.jpg	DAPR-2255--Audio_Hardware_I/Wiring_Safety/Breadboard_Photo.jpg
DAPR-2255--Audio_Hardware_I/Images/wiring-safety/wiring-safety-breadboard.png	DAPR-2255--Audio_Hardware_I/Wiring_Safety/Breadboard.png
DAPR-2255--Audio_Hardware_I/Images/wiring-safety/wiring-safety-cable-insulation-materials.png	DAPR-2255--Audio_Hardware_I/Wiring_Safety/Cable_Insulation_Materials.png
DAPR-2255--Audio_Hardware_I/Images/wiring-safety/wiring-safety-conductor-progression-01.jpg	DAPR-2255--Audio_Hardware_I/Wiring_Safety/Conductor_Progression.jpg
DAPR-2255--Audio_Hardware_I/Images/wiring-safety/wiring-safety-current-path-through-body-01.png	DAPR-2255--Audio_Hardware_I/Wiring_Safety/Current_Path_Through_Body.png
DAPR-2255--Audio_Hardware_I/Images/wiring-safety/wiring-safety-esd-wrist-strap.jpg	DAPR-2255--Audio_Hardware_I/Wiring_Safety/Esd_Wrist_Strap.jpg
DAPR-2255--Audio_Hardware_I/Images/wiring-safety/wiring-safety-flux.jpg	DAPR-2255--Audio_Hardware_I/Wiring_Safety/Flux.jpg
DAPR-2255--Audio_Hardware_I/Images/wiring-safety/wiring-safety-footswitch.jpg	DAPR-2255--Audio_Hardware_I/Wiring_Safety/Footswitch.jpg
DAPR-2255--Audio_Hardware_I/Images/wiring-safety/wiring-safety-good-vs-cold-solder-joint.png	DAPR-2255--Audio_Hardware_I/Wiring_Safety/Good_vs_Cold_Solder_Joint.png
DAPR-2255--Audio_Hardware_I/Images/wiring-safety/wiring-safety-heat-shrink.png	DAPR-2255--Audio_Hardware_I/Wiring_Safety/Heat_Shrink.png
DAPR-2255--Audio_Hardware_I/Images/wiring-safety/wiring-safety-helping-hands.jpg	DAPR-2255--Audio_Hardware_I/Wiring_Safety/Helping_Hands.jpg
DAPR-2255--Audio_Hardware_I/Images/wiring-safety/wiring-safety-overview-hero.png	DAPR-2255--Audio_Hardware_I/Wiring_Safety/Overview_Hero.png
DAPR-2255--Audio_Hardware_I/Images/wiring-safety/wiring-safety-solder-wire.jpg	DAPR-2255--Audio_Hardware_I/Wiring_Safety/Solder_Wire.jpg
DAPR-2255--Audio_Hardware_I/Images/wiring-safety/wiring-safety-soldering-iron.jpg	DAPR-2255--Audio_Hardware_I/Wiring_Safety/Soldering_Iron.jpg
DAPR-2255--Audio_Hardware_I/Images/wiring-safety/wiring-safety-wire-stripper-photo.jpg	DAPR-2255--Audio_Hardware_I/Wiring_Safety/Wire_Stripper_Photo.jpg
DAPR-2255--Audio_Hardware_I/Images/wiring-safety/wiring-safety-wire-stripper.jpg	DAPR-2255--Audio_Hardware_I/Wiring_Safety/Wire_Stripper.jpg
DAPR-3255--Audio_Hardware_II/Images/audio-protocols/audio-protocols-aes50-point-to-point-chain-01.png	DAPR-3255--Audio_Hardware_II/Audio_Protocols/Daisy_Chained_Boxes_and_No_Switch.png
DAPR-3255--Audio_Hardware_II/Images/audio-protocols/audio-protocols-aes50-point-to-point-chain-02.png	DAPR-3255--Audio_Hardware_II/Audio_Protocols/Four_Blue_Cubes_Linked_in_Line.png
DAPR-3255--Audio_Hardware_II/Images/audio-protocols/audio-protocols-aes67-interoperability-overlap-01.png	DAPR-3255--Audio_Hardware_II/Audio_Protocols/Three_Circle_Venn_With_Shared_Center.png
DAPR-3255--Audio_Hardware_II/Images/audio-protocols/audio-protocols-aes67-interoperability-overlap-02.png	DAPR-3255--Audio_Hardware_II/Audio_Protocols/Overlapping_Translucent_Colored_Spheres.png
DAPR-3255--Audio_Hardware_II/Images/audio-protocols/audio-protocols-avb-milan-reserved-bandwidth-01.png	DAPR-3255--Audio_Hardware_II/Audio_Protocols/Split_Bandwidth_Bar_Above_Switch_Row.png
DAPR-3255--Audio_Hardware_II/Images/audio-protocols/audio-protocols-avb-milan-reserved-bandwidth-02.png	DAPR-3255--Audio_Hardware_II/Audio_Protocols/Cutaway_Pipe_With_Green_Core.png
DAPR-3255--Audio_Hardware_II/Images/audio-protocols/audio-protocols-dante-network-topology-01.png	DAPR-3255--Audio_Hardware_II/Audio_Protocols/Star_Wired_Devices_With_Subscription_Arrows.png
DAPR-3255--Audio_Hardware_II/Images/audio-protocols/audio-protocols-dante-network-topology-02.png	DAPR-3255--Audio_Hardware_II/Audio_Protocols/Isometric_Hub_With_Glowing_Arcs.png
DAPR-3255--Audio_Hardware_II/Images/audio-protocols/audio-protocols-ndi-bandwidth-tiers-01.png	DAPR-3255--Audio_Hardware_II/Audio_Protocols/Descending_Labeled_Bandwidth_Bars.png
DAPR-3255--Audio_Hardware_II/Images/audio-protocols/audio-protocols-ndi-bandwidth-tiers-02.png	DAPR-3255--Audio_Hardware_II/Audio_Protocols/Three_Pipes_of_Decreasing_Diameter.png
DAPR-3255--Audio_Hardware_II/Images/audio-protocols/audio-protocols-protocol-comparison-matrix-01.png	DAPR-3255--Audio_Hardware_II/Audio_Protocols/Scatter_Plot_of_Latency_and_Channels.png
DAPR-3255--Audio_Hardware_II/Images/audio-protocols/audio-protocols-protocol-comparison-matrix-02.png	DAPR-3255--Audio_Hardware_II/Audio_Protocols/Colored_Spheres_on_Grid_Plane.png
DAPR-3255--Audio_Hardware_II/Images/audio-protocols/audio-protocols-protocol-osi-layer-map-01.png	DAPR-3255--Audio_Hardware_II/Audio_Protocols/Layer_Bars_With_Protocol_Pills.png
DAPR-3255--Audio_Hardware_II/Images/audio-protocols/audio-protocols-protocol-osi-layer-map-02.png	DAPR-3255--Audio_Hardware_II/Audio_Protocols/Exploded_Slabs_With_White_Markers.png
DAPR-3255--Audio_Hardware_II/Images/audio-protocols/audio-protocols-smpte-2110-essence-separation-01.png	DAPR-3255--Audio_Hardware_II/Audio_Protocols/Source_Splitting_into_Three_Streams.png
DAPR-3255--Audio_Hardware_II/Images/audio-protocols/audio-protocols-smpte-2110-essence-separation-02.png	DAPR-3255--Audio_Hardware_II/Audio_Protocols/Black_Block_With_Three_Segmented_Cables.png
DAPR-3255--Audio_Hardware_II/Images/electronics/electronics-ac-vs-dc-waveform-01.png	DAPR-3255--Audio_Hardware_II/Electronics/Flat_Line_and_Sine_Graphs.png
DAPR-3255--Audio_Hardware_II/Images/electronics/electronics-ac-vs-dc-waveform-02.png	DAPR-3255--Audio_Hardware_II/Electronics/Straight_and_Wavy_Extruded_Ribbons.png
DAPR-3255--Audio_Hardware_II/Images/electronics/electronics-bjt-voltage-divider-bias-01.png	DAPR-3255--Audio_Hardware_II/Electronics/Transistor_Schematic_With_Four_Resistors.png
DAPR-3255--Audio_Hardware_II/Images/electronics/electronics-bjt-voltage-divider-bias-02.png	DAPR-3255--Audio_Hardware_II/Electronics/Rendered_Resistors_and_Transistor_Disc.png
DAPR-3255--Audio_Hardware_II/Images/electronics/electronics-breadboard-internal-connections-01.png	DAPR-3255--Audio_Hardware_II/Electronics/Breadboard_Internal_Connections.png
DAPR-3255--Audio_Hardware_II/Images/electronics/electronics-capacitor-electrolytic-cutaway-01.jpg	DAPR-3255--Audio_Hardware_II/Electronics/Capacitor_Electrolytic_Cutaway.jpg
DAPR-3255--Audio_Hardware_II/Images/electronics/electronics-constant-q-against-proportional-q-01.png	DAPR-3255--Audio_Hardware_II/Electronics/Constant_Q_Against_Proportional_Q.png
DAPR-3255--Audio_Hardware_II/Images/electronics/electronics-current-path-through-body-01.jpg	DAPR-3255--Audio_Hardware_II/Electronics/Current_Path_Through_Body.jpg
DAPR-3255--Audio_Hardware_II/Images/electronics/electronics-electrical-safety-current-path-01.png	DAPR-3255--Audio_Hardware_II/Electronics/Body_Outlines_With_Current_Paths.png
DAPR-3255--Audio_Hardware_II/Images/electronics/electronics-electrical-safety-current-path-02.png	DAPR-3255--Audio_Hardware_II/Electronics/Grey_Mannequins_With_Glowing_Paths.png
DAPR-3255--Audio_Hardware_II/Images/electronics/electronics-filter-alignments-01.png	DAPR-3255--Audio_Hardware_II/Electronics/Sharp_Knee_Rolloff_Curve_Trio.png
DAPR-3255--Audio_Hardware_II/Images/electronics/electronics-filter-alignments-02.png	DAPR-3255--Audio_Hardware_II/Electronics/Early_Peaking_Gradual_Rolloff_Curves.png
DAPR-3255--Audio_Hardware_II/Images/electronics/electronics-filter-q-against-bandwidth-01.png	DAPR-3255--Audio_Hardware_II/Electronics/Filter_Q_Against_Bandwidth.png
DAPR-3255--Audio_Hardware_II/Images/electronics/electronics-frequency-scaling-01.png	DAPR-3255--Audio_Hardware_II/Electronics/Frequency_Scaling.png
DAPR-3255--Audio_Hardware_II/Images/electronics/electronics-good-vs-cold-solder-joint-01.jpg	DAPR-3255--Audio_Hardware_II/Electronics/Good_vs_Cold_Solder_Joint.jpg
DAPR-3255--Audio_Hardware_II/Images/electronics/electronics-opamp-inverting-vs-noninverting-01.png	DAPR-3255--Audio_Hardware_II/Electronics/Two_Labeled_Amplifier_Schematics.png
DAPR-3255--Audio_Hardware_II/Images/electronics/electronics-opamp-inverting-vs-noninverting-02.png	DAPR-3255--Audio_Hardware_II/Electronics/Rendered_Triangles_With_Banded_Resistors.png
DAPR-3255--Audio_Hardware_II/Images/electronics/electronics-opamp-inverting-vs-noninverting-03.png	DAPR-3255--Audio_Hardware_II/Electronics/Rendered_Triangles_With_Tan_Resistors.png
DAPR-3255--Audio_Hardware_II/Images/electronics/electronics-opamp-summing-amplifier-01.png	DAPR-3255--Audio_Hardware_II/Electronics/Virtual_Ground_Node_and_Three_Inputs.png
DAPR-3255--Audio_Hardware_II/Images/electronics/electronics-opamp-summing-amplifier-02.png	DAPR-3255--Audio_Hardware_II/Electronics/Red_Node_Merging_Rendered_Resistor_Inputs.png
DAPR-3255--Audio_Hardware_II/Images/electronics/electronics-parametric-eq-boost-and-cut-01.png	DAPR-3255--Audio_Hardware_II/Electronics/Parametric_EQ_Boost_and_Cut.png
DAPR-3255--Audio_Hardware_II/Images/electronics/electronics-peak-p2p-rms-voltage-01.jpg	DAPR-3255--Audio_Hardware_II/Electronics/Peak_P2p_RMS_Voltage.jpg
DAPR-3255--Audio_Hardware_II/Images/electronics/electronics-resistors-assorted-types-01.jpg	DAPR-3255--Audio_Hardware_II/Electronics/Resistors_Assorted_Types.jpg
DAPR-3255--Audio_Hardware_II/Images/electronics/electronics-rms-peak-peak-to-peak-01.png	DAPR-3255--Audio_Hardware_II/Electronics/Sine_Wave_With_Amplitude_Reference_Lines.png
DAPR-3255--Audio_Hardware_II/Images/electronics/electronics-rms-peak-peak-to-peak-02.png	DAPR-3255--Audio_Hardware_II/Electronics/Wave_Ribbon_With_Measurement_Arrows.png
DAPR-3255--Audio_Hardware_II/Images/electronics/electronics-semiconductor-pn-junction-01.png	DAPR-3255--Audio_Hardware_II/Electronics/Doped_Blocks_and_Depletion_Gap.png
DAPR-3255--Audio_Hardware_II/Images/electronics/electronics-semiconductor-pn-junction-02.png	DAPR-3255--Audio_Hardware_II/Electronics/Rendered_Slab_With_Bubbles_and_Spheres.png
DAPR-3255--Audio_Hardware_II/Images/electronics/electronics-solder-joint-macro-01.jpg	DAPR-3255--Audio_Hardware_II/Electronics/Solder_Joint_Macro.jpg
DAPR-3255--Audio_Hardware_II/Images/electronics/electronics-symbol-battery-01.png	DAPR-3255--Audio_Hardware_II/Electronics/Symbol_Battery.png
DAPR-3255--Audio_Hardware_II/Images/electronics/electronics-symbol-capacitor-01.png	DAPR-3255--Audio_Hardware_II/Electronics/Symbol_Capacitor.png
DAPR-3255--Audio_Hardware_II/Images/electronics/electronics-symbol-diode-01.png	DAPR-3255--Audio_Hardware_II/Electronics/Symbol_Diode.png
DAPR-3255--Audio_Hardware_II/Images/electronics/electronics-symbol-fet-01.png	DAPR-3255--Audio_Hardware_II/Electronics/Symbol_Fet.png
DAPR-3255--Audio_Hardware_II/Images/electronics/electronics-symbol-ground-01.png	DAPR-3255--Audio_Hardware_II/Electronics/Symbol_Ground.png
DAPR-3255--Audio_Hardware_II/Images/electronics/electronics-symbol-inductor-01.png	DAPR-3255--Audio_Hardware_II/Electronics/Symbol_Inductor.png
DAPR-3255--Audio_Hardware_II/Images/electronics/electronics-symbol-opamp-01.png	DAPR-3255--Audio_Hardware_II/Electronics/Symbol_Opamp.png
DAPR-3255--Audio_Hardware_II/Images/electronics/electronics-symbol-resistor-01.png	DAPR-3255--Audio_Hardware_II/Electronics/Symbol_Resistor.png
DAPR-3255--Audio_Hardware_II/Images/electronics/electronics-symbol-switch-spst-01.png	DAPR-3255--Audio_Hardware_II/Electronics/Symbol_Switch_Spst.png
DAPR-3255--Audio_Hardware_II/Images/electronics/electronics-symbol-transformer-01.png	DAPR-3255--Audio_Hardware_II/Electronics/Symbol_Transformer.png
DAPR-3255--Audio_Hardware_II/Images/electronics/electronics-talkback-box-assembled-01.jpg	DAPR-3255--Audio_Hardware_II/Electronics/Talkback_Box_Assembled.jpg
DAPR-3255--Audio_Hardware_II/Images/electronics/electronics-talkback-box-din-solder-joints-01.jpg	DAPR-3255--Audio_Hardware_II/Electronics/Talkback_Box_Din_Solder_Joints.jpg
DAPR-3255--Audio_Hardware_II/Images/electronics/electronics-talkback-box-internal-wiring-01.jpg	DAPR-3255--Audio_Hardware_II/Electronics/Close_Up_of_Soldered_Connector_Lugs.jpg
DAPR-3255--Audio_Hardware_II/Images/electronics/electronics-talkback-box-internal-wiring-02.jpg	DAPR-3255--Audio_Hardware_II/Electronics/Aluminum_Panel_With_Three_Connectors.jpg
DAPR-3255--Audio_Hardware_II/Images/electronics/electronics-talkback-box-kit-contents-01.jpg	DAPR-3255--Audio_Hardware_II/Electronics/Talkback_Box_Kit_Contents.jpg
DAPR-3255--Audio_Hardware_II/Images/electronics/electronics-talkback-box-panel-connectors-01.jpg	DAPR-3255--Audio_Hardware_II/Electronics/Talkback_Box_Panel_Connectors.jpg
DAPR-3255--Audio_Hardware_II/Images/electronics/electronics-three-bjt-amplifier-configs-01.jpg	DAPR-3255--Audio_Hardware_II/Electronics/Three_BJT_Amplifier_Configs.jpg
DAPR-3255--Audio_Hardware_II/Images/electronics/electronics-xlr-female-pin-numbering-01.jpg	DAPR-3255--Audio_Hardware_II/Electronics/Xlr_Female_Pin_Numbering.jpg
DAPR-3255--Audio_Hardware_II/Images/ip-addressing/ip-addressing-cidr-block-sizes-01.png	DAPR-3255--Audio_Hardware_II/IP_Addressing/Prefix_Table_and_Tapering_Triangle.png
DAPR-3255--Audio_Hardware_II/Images/ip-addressing/ip-addressing-cidr-block-sizes-02.png	DAPR-3255--Audio_Hardware_II/IP_Addressing/Row_of_Shrinking_Blue_Cubes.png
DAPR-3255--Audio_Hardware_II/Images/ip-addressing/ip-addressing-ipv4-address-anatomy-01.png	DAPR-3255--Audio_Hardware_II/IP_Addressing/Octet_Boxes_With_Network_Host_Braces.png
DAPR-3255--Audio_Hardware_II/Images/ip-addressing/ip-addressing-ipv4-address-anatomy-02.png	DAPR-3255--Audio_Hardware_II/IP_Addressing/Three_Blue_Blocks_and_One_Green.png
DAPR-3255--Audio_Hardware_II/Images/ip-addressing/ip-addressing-ipv6-address-anatomy-01.png	DAPR-3255--Audio_Hardware_II/IP_Addressing/Segmented_Bar_Over_Hexadecimal_Address.png
DAPR-3255--Audio_Hardware_II/Images/ip-addressing/ip-addressing-ipv6-address-anatomy-02.png	DAPR-3255--Audio_Hardware_II/IP_Addressing/Three_Segment_Extruded_Bar.png
DAPR-3255--Audio_Hardware_II/Images/ip-addressing/ip-addressing-nat-translation-flow-01.png	DAPR-3255--Audio_Hardware_II/IP_Addressing/Host_and_Cloud_Across_Translation_Box.png
DAPR-3255--Audio_Hardware_II/Images/ip-addressing/ip-addressing-nat-translation-flow-02.png	DAPR-3255--Audio_Hardware_II/IP_Addressing/Rendered_Packets_Changing_Color_Midstream.png
DAPR-3255--Audio_Hardware_II/Images/ip-addressing/ip-addressing-private-address-ranges-01.png	DAPR-3255--Audio_Hardware_II/IP_Addressing/Labeled_Range_Bars_of_Increasing_Length.png
DAPR-3255--Audio_Hardware_II/Images/ip-addressing/ip-addressing-private-address-ranges-02.png	DAPR-3255--Audio_Hardware_II/IP_Addressing/Three_Extruded_Bars_Increasing_in_Length.png
DAPR-3255--Audio_Hardware_II/Images/ip-addressing/ip-addressing-subnet-mask-bit-boundary-01.png	DAPR-3255--Audio_Hardware_II/IP_Addressing/Stacked_Bars_Split_into_Usable_Halves.png
DAPR-3255--Audio_Hardware_II/Images/ip-addressing/ip-addressing-subnet-mask-bit-boundary-02.png	DAPR-3255--Audio_Hardware_II/IP_Addressing/Rendered_Bars_Divided_into_Equal_Pieces.png
DAPR-3255--Audio_Hardware_II/Images/network-architecture/network-architecture-igmp-snooping-effect-01.png	DAPR-3255--Audio_Hardware_II/Network__Architecture/Flooded_Versus_Selective_Port_Delivery.png
DAPR-3255--Audio_Hardware_II/Images/network-architecture/network-architecture-igmp-snooping-effect-02.png	DAPR-3255--Audio_Hardware_II/Network__Architecture/Red_and_Green_Columns_Under_Bars.png
DAPR-3255--Audio_Hardware_II/Images/network-architecture/network-architecture-multicast-vs-unicast-flow-01.png	DAPR-3255--Audio_Hardware_II/Network__Architecture/Four_Copies_Versus_One_Branch.png
DAPR-3255--Audio_Hardware_II/Images/network-architecture/network-architecture-multicast-vs-unicast-flow-02.png	DAPR-3255--Audio_Hardware_II/Network__Architecture/Tube_Bundle_Beside_Branching_Stem.png
DAPR-3255--Audio_Hardware_II/Images/network-architecture/network-architecture-ptp-clock-hierarchy-01.png	DAPR-3255--Audio_Hardware_II/Network__Architecture/Three_Tier_Clock_Tree.png
DAPR-3255--Audio_Hardware_II/Images/network-architecture/network-architecture-ptp-clock-hierarchy-02.png	DAPR-3255--Audio_Hardware_II/Network__Architecture/Red_Cube_Above_Orange_and_Grey.png
DAPR-3255--Audio_Hardware_II/Images/network-architecture/network-architecture-qos-dscp-priority-queue-01.png	DAPR-3255--Audio_Hardware_II/Network__Architecture/Funnel_Sorting_Packets_into_Queues.png
DAPR-3255--Audio_Hardware_II/Images/network-architecture/network-architecture-qos-dscp-priority-queue-02.png	DAPR-3255--Audio_Hardware_II/Network__Architecture/Wedge_Merging_Four_Cube_Rows.png
DAPR-3255--Audio_Hardware_II/Images/network-architecture/network-architecture-trunk-port-tagging-01.png	DAPR-3255--Audio_Hardware_II/Network__Architecture/Tagged_Frames_on_Link_Between_Switches.png
DAPR-3255--Audio_Hardware_II/Images/network-architecture/network-architecture-trunk-port-tagging-02.png	DAPR-3255--Audio_Hardware_II/Network__Architecture/Cube_Chain_With_Yellow_Tags.png
DAPR-3255--Audio_Hardware_II/Images/network-architecture/network-architecture-vlan-segmentation-01.png	DAPR-3255--Audio_Hardware_II/Network__Architecture/One_Switch_and_Dashed_Divider.png
DAPR-3255--Audio_Hardware_II/Images/network-architecture/network-architecture-vlan-segmentation-02.png	DAPR-3255--Audio_Hardware_II/Network__Architecture/Red_Wall_Separating_Green_and_Blue.png
DAPR-3255--Audio_Hardware_II/Images/network-configuration/network-configuration-dhcp-four-step-handshake-01.png	DAPR-3255--Audio_Hardware_II/Network__Configuration/Client_and_Server_Four_Message_Exchange.png
DAPR-3255--Audio_Hardware_II/Images/network-configuration/network-configuration-dhcp-four-step-handshake-02.png	DAPR-3255--Audio_Hardware_II/Network__Configuration/Alternating_Arrows_Between_Two_Posts.png
DAPR-3255--Audio_Hardware_II/Images/network-configuration/network-configuration-dns-resolution-chain-01.png	DAPR-3255--Audio_Hardware_II/Network__Configuration/Box_Chain_With_Return_Arc.png
DAPR-3255--Audio_Hardware_II/Images/network-configuration/network-configuration-dns-resolution-chain-02.png	DAPR-3255--Audio_Hardware_II/Network__Configuration/Rounded_Cubes_and_Orange_Arrows.png
DAPR-3255--Audio_Hardware_II/Images/network-configuration/network-configuration-managed-vs-unmanaged-switch-01.png	DAPR-3255--Audio_Hardware_II/Network__Configuration/Managed_vs_Unmanaged_Switch.png
DAPR-3255--Audio_Hardware_II/Images/network-configuration/network-configuration-static-vs-dhcp-assignment-01.png	DAPR-3255--Audio_Hardware_II/Network__Configuration/Hand_Labeled_Devices_Versus_Central_Server.png
DAPR-3255--Audio_Hardware_II/Images/network-configuration/network-configuration-static-vs-dhcp-assignment-02.png	DAPR-3255--Audio_Hardware_II/Network__Configuration/Separate_Knobs_Versus_Shared_Manifold.png
DAPR-3255--Audio_Hardware_II/Images/network-diagnostics/network-diagnostics-arp-resolution-sequence-01.png	DAPR-3255--Audio_Hardware_II/Network__Diagnostics/Broadcast_Question_and_Single_Reply.png
DAPR-3255--Audio_Hardware_II/Images/network-diagnostics/network-diagnostics-arp-resolution-sequence-02.png	DAPR-3255--Audio_Hardware_II/Network__Diagnostics/Fanned_Orange_Arrows_and_Green_Return.png
DAPR-3255--Audio_Hardware_II/Images/network-diagnostics/network-diagnostics-arp-resolution-sequence-03.png	DAPR-3255--Audio_Hardware_II/Network__Diagnostics/Wide_Source_Block_With_Converging_Arrows.png
DAPR-3255--Audio_Hardware_II/Images/network-diagnostics/network-diagnostics-capture-point-placement-01.png	DAPR-3255--Audio_Hardware_II/Network__Diagnostics/Inline_Tap_and_Mirror_Port_Wiring.png
DAPR-3255--Audio_Hardware_II/Images/network-diagnostics/network-diagnostics-capture-point-placement-02.png	DAPR-3255--Audio_Hardware_II/Network__Diagnostics/Block_Clusters_With_Tube_Junctions.png
DAPR-3255--Audio_Hardware_II/Images/network-diagnostics/network-diagnostics-diagnostic-ladder-01.png	DAPR-3255--Audio_Hardware_II/Network__Diagnostics/Six_Rung_Ladder_With_Tool_Labels.png
DAPR-3255--Audio_Hardware_II/Images/network-diagnostics/network-diagnostics-diagnostic-ladder-02.png	DAPR-3255--Audio_Hardware_II/Network__Diagnostics/Staircase_of_Six_Colored_Slabs.png
DAPR-3255--Audio_Hardware_II/Images/network-diagnostics/network-diagnostics-mirror-against-tap-01.png	DAPR-3255--Audio_Hardware_II/Network__Diagnostics/Mirror_Against_Tap.png
DAPR-3255--Audio_Hardware_II/Images/network-diagnostics/network-diagnostics-ping-round-trip-01.png	DAPR-3255--Audio_Hardware_II/Network__Diagnostics/Echo_Request_and_Reply_Timing.png
DAPR-3255--Audio_Hardware_II/Images/network-diagnostics/network-diagnostics-ping-round-trip-02.png	DAPR-3255--Audio_Hardware_II/Network__Diagnostics/Opposing_Arrows_and_Vertical_Measure.png
DAPR-3255--Audio_Hardware_II/Images/network-diagnostics/network-diagnostics-traceroute-hop-discovery-01.png	DAPR-3255--Audio_Hardware_II/Network__Diagnostics/Expanding_Arrows_Halting_Along_Hop_Chain.png
DAPR-3255--Audio_Hardware_II/Images/network-diagnostics/network-diagnostics-traceroute-hop-discovery-02.png	DAPR-3255--Audio_Hardware_II/Network__Diagnostics/Green_Arrows_Bursting_Against_Posts.png
DAPR-3255--Audio_Hardware_II/Images/network-diagnostics/network-diagnostics-troubleshooting-decision-tree-01.png	DAPR-3255--Audio_Hardware_II/Network__Diagnostics/Flowchart_of_Diamonds_and_Outcomes.png
DAPR-3255--Audio_Hardware_II/Images/network-diagnostics/network-diagnostics-troubleshooting-decision-tree-02.png	DAPR-3255--Audio_Hardware_II/Network__Diagnostics/Blue_Diamonds_Branching_to_Grey_Blocks.png
DAPR-3255--Audio_Hardware_II/Images/network-foundations/network-foundations-analog-snake-vs-network-01.png	DAPR-3255--Audio_Hardware_II/Network__Foundations/Analog_Snake_vs_Network.png
DAPR-3255--Audio_Hardware_II/Images/network-foundations/network-foundations-layer2-switch-frame-forwarding-01.png	DAPR-3255--Audio_Hardware_II/Network__Foundations/Switch_Table_and_Forwarded_Path.png
DAPR-3255--Audio_Hardware_II/Images/network-foundations/network-foundations-layer2-switch-frame-forwarding-02.png	DAPR-3255--Audio_Hardware_II/Network__Foundations/Green_Pipe_Arching_Between_Cubes.png
DAPR-3255--Audio_Hardware_II/Images/network-foundations/network-foundations-layer3-router-between-subnets-01.png	DAPR-3255--Audio_Hardware_II/Network__Foundations/Two_Subnet_Groups_and_Central_Router.png
DAPR-3255--Audio_Hardware_II/Images/network-foundations/network-foundations-layer3-router-between-subnets-02.png	DAPR-3255--Audio_Hardware_II/Network__Foundations/Orange_Sphere_Bridging_Two_Plates.png
DAPR-3255--Audio_Hardware_II/Images/network-foundations/network-foundations-osi-seven-layer-stack-01.png	DAPR-3255--Audio_Hardware_II/Network__Foundations/Seven_Colored_Layers_Labeled_in_Order.png
DAPR-3255--Audio_Hardware_II/Images/network-foundations/network-foundations-osi-seven-layer-stack-02.png	DAPR-3255--Audio_Hardware_II/Network__Foundations/Exploded_Stack_of_Seven_Slabs.png
DAPR-3255--Audio_Hardware_II/Images/network-foundations/network-foundations-straight-through-vs-crossover-01.png	DAPR-3255--Audio_Hardware_II/Network__Foundations/Straight_Through_vs_Crossover.png
DAPR-3255--Audio_Hardware_II/Images/network-foundations/network-foundations-t568a-t568b-pin-order-01.png	DAPR-3255--Audio_Hardware_II/Network__Foundations/T568a_T568b_Pin_Order.png
DAPR-3255--Audio_Hardware_II/Images/network-foundations/network-foundations-tcp-vs-udp-comparison-01.png	DAPR-3255--Audio_Hardware_II/Network__Foundations/Two_Arrow_Ladders_With_Dropped_Packet.png
DAPR-3255--Audio_Hardware_II/Images/network-foundations/network-foundations-tcp-vs-udp-comparison-02.png	DAPR-3255--Audio_Hardware_II/Network__Foundations/Cube_Tray_With_Missing_Piece.png
DAPR-3255--Audio_Hardware_II/Images/wireless/wireless-antenna-patterns-01.png	DAPR-3255--Audio_Hardware_II/Wireless/Antenna_Patterns.png
DAPR-3255--Audio_Hardware_II/Images/wireless/wireless-microphone-against-iem-direction-01.png	DAPR-3255--Audio_Hardware_II/Wireless/Microphone_Against_Iem_Direction.png
DAPR-3255--Audio_Hardware_II/Images/wireless/wireless-multipath-null-and-diversity-01.png	DAPR-3255--Audio_Hardware_II/Wireless/Multipath_Null_and_Diversity.png
DAPR-3255--Audio_Hardware_II/Images/wireless/wireless-third-order-intermodulation-01.png	DAPR-3255--Audio_Hardware_II/Wireless/Third_Order_Intermodulation.png
DAPR-3340--Spatial_Audio_I/Images/ambisonics-and-binaural/ambisonics-ambisonics-versus-binaural-01.png	DAPR-3340--Spatial_Audio_I/Ambisonics_and_Binaural/Ambisonics_Ambisonics_versus_Binaural.png
DAPR-3340--Spatial_Audio_I/Images/ambisonics-and-binaural/ambisonics-ambix-versus-fuma-channel-order-01.png	DAPR-3340--Spatial_Audio_I/Ambisonics_and_Binaural/Ambisonics_Ambix_versus_Fuma_Channel_Order.png
DAPR-3340--Spatial_Audio_I/Images/ambisonics-and-binaural/ambisonics-and-binaural-audio-360-control-and-spatialiser-01.png	DAPR-3340--Spatial_Audio_I/Ambisonics_and_Binaural/Audio_360_Control_and_Spatialiser.png
DAPR-3340--Spatial_Audio_I/Images/ambisonics-and-binaural/ambisonics-and-binaural-exercise-music-01.png	DAPR-3340--Spatial_Audio_I/Ambisonics_and_Binaural/Ambisonic_Strings_Clip_Track_List.png
DAPR-3340--Spatial_Audio_I/Images/ambisonics-and-binaural/ambisonics-and-binaural-exercise-music-02.png	DAPR-3340--Spatial_Audio_I/Ambisonics_and_Binaural/Spot_Dialog_With_Timecode_Fields.png
DAPR-3340--Spatial_Audio_I/Images/ambisonics-and-binaural/ambisonics-and-binaural-exercise-music-03.png	DAPR-3340--Spatial_Audio_I/Ambisonics_and_Binaural/Ambisonic_Input_Format_Menu.png
DAPR-3340--Spatial_Audio_I/Images/ambisonics-and-binaural/ambisonics-and-binaural-exercise-post-01.png	DAPR-3340--Spatial_Audio_I/Ambisonics_and_Binaural/Exercise_Post.png
DAPR-3340--Spatial_Audio_I/Images/ambisonics-and-binaural/ambisonics-and-binaural-pt-atmos-binaural-mode-menu-01.png	DAPR-3340--Spatial_Audio_I/Ambisonics_and_Binaural/Pt_Atmos_Binaural_Mode_Menu.png
DAPR-3340--Spatial_Audio_I/Images/ambisonics-and-binaural/ambisonics-and-binaural-pt-immersive-panner-lcr-object-01.png	DAPR-3340--Spatial_Audio_I/Ambisonics_and_Binaural/Pt_Immersive_Panner_Lcr_Object.png
DAPR-3340--Spatial_Audio_I/Images/ambisonics-and-binaural/ambisonics-and-binaural-pt-immersive-panner-mpegh-speaker-layout-01.png	DAPR-3340--Spatial_Audio_I/Ambisonics_and_Binaural/Pt_Immersive_Panner_Mpegh_Speaker_Layout.png
DAPR-3340--Spatial_Audio_I/Images/ambisonics-and-binaural/ambisonics-and-binaural-render-mode-near-mid-far-01.png	DAPR-3340--Spatial_Audio_I/Ambisonics_and_Binaural/Render_Mode_Near_Mid_Far.png
DAPR-3340--Spatial_Audio_I/Images/ambisonics-and-binaural/ambisonics-basics-01.png	DAPR-3340--Spatial_Audio_I/Ambisonics_and_Binaural/Ambisonics_Basics.png
DAPR-3340--Spatial_Audio_I/Images/ambisonics-and-binaural/ambisonics-nine-zero-four-speaker-layout-01.png	DAPR-3340--Spatial_Audio_I/Ambisonics_and_Binaural/Ambisonics_Nine_Zero_Four_Speaker_Layout.png
DAPR-3340--Spatial_Audio_I/Images/ambisonics-and-binaural/ambisonics-paths-in-i-slash-o-setup-01.png	DAPR-3340--Spatial_Audio_I/Ambisonics_and_Binaural/New_Path_Format_Menu_With_Ambisonics.png
DAPR-3340--Spatial_Audio_I/Images/ambisonics-and-binaural/ambisonics-paths-in-i-slash-o-setup-02.png	DAPR-3340--Spatial_Audio_I/Ambisonics_and_Binaural/Ambisonic_Bus_Rows_in_Bus_Tab.png
DAPR-3340--Spatial_Audio_I/Images/ambisonics-and-binaural/binaural-basics-01.png	DAPR-3340--Spatial_Audio_I/Ambisonics_and_Binaural/Dummy_Head_Binaural_Microphone.png
DAPR-3340--Spatial_Audio_I/Images/ambisonics-and-binaural/binaural-basics-02.png	DAPR-3340--Spatial_Audio_I/Ambisonics_and_Binaural/In_Ear_Binaural_Microphone_Photo.png
DAPR-3340--Spatial_Audio_I/Images/ambisonics-and-binaural/binaural-basics-03.jpg	DAPR-3340--Spatial_Audio_I/Ambisonics_and_Binaural/Hexagon_Grid_Speaker_Layout_Editor.jpg
DAPR-3340--Spatial_Audio_I/Images/ambisonics-and-binaural/binaural-basics-04.jpg	DAPR-3340--Spatial_Audio_I/Ambisonics_and_Binaural/AirPods_and_iPhone_Spatial_Audio_Setup.jpg
DAPR-3340--Spatial_Audio_I/Images/ambisonics-and-binaural/decoding-ambisonics-01.png	DAPR-3340--Spatial_Audio_I/Ambisonics_and_Binaural/SoundField_Decoder_Plugin_Window.png
DAPR-3340--Spatial_Audio_I/Images/ambisonics-and-binaural/decoding-ambisonics-02.png	DAPR-3340--Spatial_Audio_I/Ambisonics_and_Binaural/Ambisonic_Decoder_Plugin_Insert_Menu.png
DAPR-3340--Spatial_Audio_I/Images/ambisonics-and-binaural/decoding-ambisonics-03.png	DAPR-3340--Spatial_Audio_I/Ambisonics_and_Binaural/Ambisonic_Track_Strip_Routed_to_Bus.png
DAPR-3340--Spatial_Audio_I/Images/ambisonics-and-binaural/decoding-ambisonics-04.png	DAPR-3340--Spatial_Audio_I/Ambisonics_and_Binaural/Ambisonic_Input_Format_Dropdown_Open.png
DAPR-3340--Spatial_Audio_I/Images/ambisonics-and-binaural/importing-ambisonics-files-in-pro-tools-01.png	DAPR-3340--Spatial_Audio_I/Ambisonics_and_Binaural/Clips_List_With_Ambisonic_Files.png
DAPR-3340--Spatial_Audio_I/Images/ambisonics-and-binaural/importing-ambisonics-files-in-pro-tools-02.png	DAPR-3340--Spatial_Audio_I/Ambisonics_and_Binaural/B_Format_Clips_List_Expanded.png
DAPR-3340--Spatial_Audio_I/Images/ambisonics-and-binaural/importing-ambisonics-files-in-pro-tools-03.png	DAPR-3340--Spatial_Audio_I/Ambisonics_and_Binaural/Clip_List_of_Ambisonic_Component_Channels.png
DAPR-3340--Spatial_Audio_I/Images/ambisonics-and-binaural/importing-ambisonics-files-in-pro-tools-04.png	DAPR-3340--Spatial_Audio_I/Ambisonics_and_Binaural/Ambisonic_and_Quad_Tracks_With_Waveforms.png
DAPR-3340--Spatial_Audio_I/Images/ambisonics-and-binaural/recording-ambisonics-01.jpeg	DAPR-3340--Spatial_Audio_I/Ambisonics_and_Binaural/Recording_Ambisonics.jpg
DAPR-3340--Spatial_Audio_I/Images/ambisonics-and-binaural/recording-ambisonics-02.jpg	DAPR-3340--Spatial_Audio_I/Ambisonics_and_Binaural/Tetrahedral_Ambisonic_Microphone_Capsules.jpg
DAPR-3340--Spatial_Audio_I/Images/ambisonics-and-binaural/recording-ambisonics-03.jpg	DAPR-3340--Spatial_Audio_I/Ambisonics_and_Binaural/Handheld_Ambisonic_Recorder_Photo.jpg
DAPR-3340--Spatial_Audio_I/Images/ambisonics-and-binaural/working-with-binaural-in-pro-tools-01.png	DAPR-3340--Spatial_Audio_I/Ambisonics_and_Binaural/Binaural_Encoder_Plugin_Window.png
DAPR-3340--Spatial_Audio_I/Images/ambisonics-and-binaural/working-with-binaural-in-pro-tools-02.png	DAPR-3340--Spatial_Audio_I/Ambisonics_and_Binaural/Sound_Field_Plugin_Menu_Showing_HEar.png
DAPR-3340--Spatial_Audio_I/Images/ambisonics-and-binaural/working-with-binaural-in-pro-tools-03.png	DAPR-3340--Spatial_Audio_I/Ambisonics_and_Binaural/Channel_Strip_With_Binaural_Insert.png
DAPR-3340--Spatial_Audio_I/Images/ambisonics-and-binaural/working-with-binaural-in-pro-tools-04.png	DAPR-3340--Spatial_Audio_I/Ambisonics_and_Binaural/Binaural_Renderer_Channel_Strip.png
DAPR-3340--Spatial_Audio_I/Images/ambisonics-and-binaural/working-with-binaural-in-pro-tools-05.png	DAPR-3340--Spatial_Audio_I/Ambisonics_and_Binaural/Routing_Matrix_Grid_Close_Up.png
DAPR-3340--Spatial_Audio_I/Images/ambisonics-and-binaural/working-with-binaural-in-pro-tools-06.png	DAPR-3340--Spatial_Audio_I/Ambisonics_and_Binaural/Channel_Order_Matrix_and_Format_Menu.png
DAPR-3340--Spatial_Audio_I/Images/boaa-lab/boaa-lab-path-selector-search-bus-01.png	DAPR-3340--Spatial_Audio_I/BOAA_Lab/Path_Selector_Search_Bus.png
DAPR-3340--Spatial_Audio_I/Images/boaa-lab/boaa-lab-room-layout-01.png	DAPR-3340--Spatial_Audio_I/BOAA_Lab/Room_Layout.png
DAPR-3340--Spatial_Audio_I/Images/boaa-lab/boaa-lab-send-assign-menu-bus-or-track-01.png	DAPR-3340--Spatial_Audio_I/BOAA_Lab/Send_Assign_Menu_Bus_or_Track.png
DAPR-3340--Spatial_Audio_I/Images/boaa-lab/lesson-02-understanding-output-paths-and-monitoring-01.png	DAPR-3340--Spatial_Audio_I/BOAA_Lab/Annotated_Audio_Interface_Front_Panel.png
DAPR-3340--Spatial_Audio_I/Images/boaa-lab/lesson-02-understanding-output-paths-and-monitoring-02.png	DAPR-3340--Spatial_Audio_I/BOAA_Lab/Interface_and_Headphone_Amp_Routing_Diagram.png
DAPR-3340--Spatial_Audio_I/Images/boaa-lab/lesson-03-first-launch-of-pro-tools-01.png	DAPR-3340--Spatial_Audio_I/BOAA_Lab/Mac_Desktop_With_Dock_and_Notification.png
DAPR-3340--Spatial_Audio_I/Images/boaa-lab/lesson-03-first-launch-of-pro-tools-02.png	DAPR-3340--Spatial_Audio_I/BOAA_Lab/Pro_Tools_Splash_With_Microphone_Alert.png
DAPR-3340--Spatial_Audio_I/Images/boaa-lab/lesson-03-first-launch-of-pro-tools-03.png	DAPR-3340--Spatial_Audio_I/BOAA_Lab/Microphone_Access_Alert_at_Startup.png
DAPR-3340--Spatial_Audio_I/Images/boaa-lab/lesson-03-first-launch-of-pro-tools-04.png	DAPR-3340--Spatial_Audio_I/BOAA_Lab/Microphone_Access_Permission_Dialog.png
DAPR-3340--Spatial_Audio_I/Images/boaa-lab/lesson-03-first-launch-of-pro-tools-05.png	DAPR-3340--Spatial_Audio_I/BOAA_Lab/Local_Network_Permission_Dialog.png
DAPR-3340--Spatial_Audio_I/Images/boaa-lab/lesson-03-first-launch-of-pro-tools-06.png	DAPR-3340--Spatial_Audio_I/BOAA_Lab/Prompt_to_Select_Playback_Engine_Device.png
DAPR-3340--Spatial_Audio_I/Images/boaa-lab/lesson-03-first-launch-of-pro-tools-07.png	DAPR-3340--Spatial_Audio_I/BOAA_Lab/Playback_Engine_Set_to_Aggregate_I-O.png
DAPR-3340--Spatial_Audio_I/Images/boaa-lab/lesson-03-first-launch-of-pro-tools-08.png	DAPR-3340--Spatial_Audio_I/BOAA_Lab/Playback_Engine_Device_List.png
DAPR-3340--Spatial_Audio_I/Images/boaa-lab/lesson-03-first-launch-of-pro-tools-09.png	DAPR-3340--Spatial_Audio_I/BOAA_Lab/Playback_Engine_Set_to_Volt_Interface.png
DAPR-3340--Spatial_Audio_I/Images/boaa-lab/lesson-03-first-launch-of-pro-tools-10.png	DAPR-3340--Spatial_Audio_I/BOAA_Lab/Avid_Diagnostic_Data_Consent_Prompt.png
DAPR-3340--Spatial_Audio_I/Images/boaa-lab/lesson-03-first-launch-of-pro-tools-11.png	DAPR-3340--Spatial_Audio_I/BOAA_Lab/Session_Dashboard_With_Welcome_Popup.png
DAPR-3340--Spatial_Audio_I/Images/boaa-lab/lesson-03-first-launch-of-pro-tools-12.png	DAPR-3340--Spatial_Audio_I/BOAA_Lab/New_Session_Dashboard_Settings.png
DAPR-3340--Spatial_Audio_I/Images/boaa-lab/lesson-03-first-launch-of-pro-tools-13.png	DAPR-3340--Spatial_Audio_I/BOAA_Lab/Dashboard_New_Session_Location_Menu.png
DAPR-3340--Spatial_Audio_I/Images/boaa-lab/lesson-03-first-launch-of-pro-tools-14.png	DAPR-3340--Spatial_Audio_I/BOAA_Lab/Dashboard_New_Session_Configuration_Panel.png
DAPR-3340--Spatial_Audio_I/Images/boaa-lab/lesson-03-first-launch-of-pro-tools-15.png	DAPR-3340--Spatial_Audio_I/BOAA_Lab/Dashboard_Interleaved_Option_Tooltip.png
DAPR-3340--Spatial_Audio_I/Images/boaa-lab/lesson-03-first-launch-of-pro-tools-16.png	DAPR-3340--Spatial_Audio_I/BOAA_Lab/Dolby_Atmos_Template_List_Expanded.png
DAPR-3340--Spatial_Audio_I/Images/boaa-lab/lesson-03-first-launch-of-pro-tools-17.png	DAPR-3340--Spatial_Audio_I/BOAA_Lab/Finder_Window_Showing_New_Folder.png
DAPR-3340--Spatial_Audio_I/Images/boaa-lab/lesson-03-first-launch-of-pro-tools-18.png	DAPR-3340--Spatial_Audio_I/BOAA_Lab/Finder_Window_With_Session_Template_File.png
DAPR-3340--Spatial_Audio_I/Images/boaa-lab/lesson-03-first-launch-of-pro-tools-19.png	DAPR-3340--Spatial_Audio_I/BOAA_Lab/Save_New_Session_As_Dialog.png
DAPR-3340--Spatial_Audio_I/Images/boaa-lab/lesson-03-first-launch-of-pro-tools-20.png	DAPR-3340--Spatial_Audio_I/BOAA_Lab/Empty_Edit_Window_Single_Track.png
DAPR-3340--Spatial_Audio_I/Images/boaa-lab/lesson-06-optional-presonus-faderport-8-configuration-01.png	DAPR-3340--Spatial_Audio_I/BOAA_Lab/Setup_Menu_Open_in_Edit_Window.png
DAPR-3340--Spatial_Audio_I/Images/boaa-lab/lesson-06-optional-presonus-faderport-8-configuration-02.png	DAPR-3340--Spatial_Audio_I/BOAA_Lab/Peripherals_MIDI_Controllers_Predefined_Menu.png
DAPR-3340--Spatial_Audio_I/Images/boaa-lab/lesson-1-studio-login-and-file-access-01.png	DAPR-3340--Spatial_Audio_I/BOAA_Lab/Empty_Desktop_Finder_Window.png
DAPR-3340--Spatial_Audio_I/Images/boaa-lab/lesson-1-studio-login-and-file-access-02.png	DAPR-3340--Spatial_Audio_I/BOAA_Lab/Finder_Menu_Settings_Highlighted.png
DAPR-3340--Spatial_Audio_I/Images/boaa-lab/lesson-1-studio-login-and-file-access-03.png	DAPR-3340--Spatial_Audio_I/BOAA_Lab/Finder_Settings_General_Pane.png
DAPR-3340--Spatial_Audio_I/Images/boaa-lab/lesson-1-studio-login-and-file-access-04.png	DAPR-3340--Spatial_Audio_I/BOAA_Lab/Finder_Settings_General_Pane_Open.png
DAPR-3340--Spatial_Audio_I/Images/boaa-lab/lesson-1-studio-login-and-file-access-05.png	DAPR-3340--Spatial_Audio_I/BOAA_Lab/Finder_Settings_Sidebar_Preferences.png
DAPR-3340--Spatial_Audio_I/Images/boaa-lab/lesson-1-studio-login-and-file-access-06.png	DAPR-3340--Spatial_Audio_I/BOAA_Lab/Macintosh_HD_Root_Folders.png
DAPR-3340--Spatial_Audio_I/Images/boaa-lab/lesson-1-studio-login-and-file-access-08.png	DAPR-3340--Spatial_Audio_I/BOAA_Lab/Macintosh_HD_Root_Folders_in_Finder.png
DAPR-3340--Spatial_Audio_I/Images/boaa-lab/lesson-1-studio-login-and-file-access-10.png	DAPR-3340--Spatial_Audio_I/BOAA_Lab/Users_Folder_With_Shared_Selected.png
DAPR-3340--Spatial_Audio_I/Images/boaa-lab/lesson-1-studio-login-and-file-access-11.png	DAPR-3340--Spatial_Audio_I/BOAA_Lab/Shared_Folder_With_Lab_Files.png
DAPR-3340--Spatial_Audio_I/Images/boaa-lab/lesson-1-studio-login-and-file-access-12.png	DAPR-3340--Spatial_Audio_I/BOAA_Lab/Shared_Template_File_in_Finder.png
DAPR-3340--Spatial_Audio_I/Images/configuring-pro-tools-for-atmos/configuring-audio-and-network-settings-01.png	DAPR-3340--Spatial_Audio_I/Configuring_Pro_Tools_for_Atmos/Renderer_Preferences_Devices_and_Monitoring.png
DAPR-3340--Spatial_Audio_I/Images/configuring-pro-tools-for-atmos/configuring-audio-and-network-settings-02.png	DAPR-3340--Spatial_Audio_I/Configuring_Pro_Tools_for_Atmos/Playback_Engine_Set_to_Dolby_Bridge.png
DAPR-3340--Spatial_Audio_I/Images/configuring-pro-tools-for-atmos/configuring-audio-and-network-settings-03.png	DAPR-3340--Spatial_Audio_I/Configuring_Pro_Tools_for_Atmos/Red_Arrow_Pointing_to_Atmos_Tab.png
DAPR-3340--Spatial_Audio_I/Images/configuring-pro-tools-for-atmos/configuring-audio-and-network-settings-04.png	DAPR-3340--Spatial_Audio_I/Configuring_Pro_Tools_for_Atmos/Renderer_Host_Address_Field_Arrow.png
DAPR-3340--Spatial_Audio_I/Images/configuring-pro-tools-for-atmos/configuring-pro-tools-for-atmos-bed-versus-object-decision-01.png	DAPR-3340--Spatial_Audio_I/Configuring_Pro_Tools_for_Atmos/Bed_versus_Object_Decision.png
DAPR-3340--Spatial_Audio_I/Images/configuring-pro-tools-for-atmos/configuring-pro-tools-for-atmos-exercise-music-01.png	DAPR-3340--Spatial_Audio_I/Configuring_Pro_Tools_for_Atmos/Input_Configuration_List_of_Object_Assignments.png
DAPR-3340--Spatial_Audio_I/Images/configuring-pro-tools-for-atmos/configuring-pro-tools-for-atmos-exercise-music-02.png	DAPR-3340--Spatial_Audio_I/Configuring_Pro_Tools_for_Atmos/Renderer_Groups_List_Window.png
DAPR-3340--Spatial_Audio_I/Images/configuring-pro-tools-for-atmos/configuring-pro-tools-for-atmos-exercise-music-03.png	DAPR-3340--Spatial_Audio_I/Configuring_Pro_Tools_for_Atmos/Input_Configuration_Object_Group_Assignments.png
DAPR-3340--Spatial_Audio_I/Images/configuring-pro-tools-for-atmos/configuring-pro-tools-for-atmos-exercise-music-04.png	DAPR-3340--Spatial_Audio_I/Configuring_Pro_Tools_for_Atmos/Atmos_Submix_Channel_Strip_Bank.png
DAPR-3340--Spatial_Audio_I/Images/configuring-pro-tools-for-atmos/configuring-pro-tools-for-atmos-exercise-music-05.png	DAPR-3340--Spatial_Audio_I/Configuring_Pro_Tools_for_Atmos/Mixer_Strips_Assigned_to_Objects.png
DAPR-3340--Spatial_Audio_I/Images/configuring-pro-tools-for-atmos/configuring-pro-tools-for-atmos-exercise-post-01.png	DAPR-3340--Spatial_Audio_I/Configuring_Pro_Tools_for_Atmos/Input_Configuration_Bed_and_Object_Rows.png
DAPR-3340--Spatial_Audio_I/Images/configuring-pro-tools-for-atmos/configuring-pro-tools-for-atmos-exercise-post-02.png	DAPR-3340--Spatial_Audio_I/Configuring_Pro_Tools_for_Atmos/Groups_Window_With_Group_List.png
DAPR-3340--Spatial_Audio_I/Images/configuring-pro-tools-for-atmos/configuring-pro-tools-for-atmos-exercise-post-03.png	DAPR-3340--Spatial_Audio_I/Configuring_Pro_Tools_for_Atmos/Input_Assignment_List_With_Groups.png
DAPR-3340--Spatial_Audio_I/Images/configuring-pro-tools-for-atmos/configuring-pro-tools-for-atmos-exercise-post-04.png	DAPR-3340--Spatial_Audio_I/Configuring_Pro_Tools_for_Atmos/Dolby_Atmos_Tab_Bed_and_Object_List.png
DAPR-3340--Spatial_Audio_I/Images/configuring-pro-tools-for-atmos/configuring-pro-tools-for-atmos-exercise-post-05.png	DAPR-3340--Spatial_Audio_I/Configuring_Pro_Tools_for_Atmos/Bus_List_of_Atmos_Stems.png
DAPR-3340--Spatial_Audio_I/Images/configuring-pro-tools-for-atmos/configuring-pro-tools-for-atmos-exercise-post-06.png	DAPR-3340--Spatial_Audio_I/Configuring_Pro_Tools_for_Atmos/Green_Submix_and_Reverb_Strips.png
DAPR-3340--Spatial_Audio_I/Images/configuring-pro-tools-for-atmos/configuring-pro-tools-for-atmos-exercise-post-07.png	DAPR-3340--Spatial_Audio_I/Configuring_Pro_Tools_for_Atmos/Object_Assigned_Post_Mixer_Strips.png
DAPR-3340--Spatial_Audio_I/Images/configuring-pro-tools-for-atmos/configuring-pro-tools-for-atmos-pt-atmos-object-assignment-dropdown-01.png	DAPR-3340--Spatial_Audio_I/Configuring_Pro_Tools_for_Atmos/Pt_Atmos_Object_Assignment_Dropdown.png
DAPR-3340--Spatial_Audio_I/Images/configuring-pro-tools-for-atmos/configuring-pro-tools-for-atmos-pt-atmos-object-group-menu-01.png	DAPR-3340--Spatial_Audio_I/Configuring_Pro_Tools_for_Atmos/Pt_Atmos_Object_Group_Menu.png
DAPR-3340--Spatial_Audio_I/Images/configuring-pro-tools-for-atmos/configuring-pro-tools-for-atmos-renderer-selector-01.png	DAPR-3340--Spatial_Audio_I/Configuring_Pro_Tools_for_Atmos/Renderer_Selector.png
DAPR-3340--Spatial_Audio_I/Images/configuring-pro-tools-for-atmos/configuring-pro-tools-i-slash-o-for-dolby-atmos-mixing-01.png	DAPR-3340--Spatial_Audio_I/Configuring_Pro_Tools_for_Atmos/Create_Stereo_Objects_Menu.png
DAPR-3340--Spatial_Audio_I/Images/configuring-pro-tools-for-atmos/configuring-pro-tools-i-slash-o-for-dolby-atmos-mixing-02.png	DAPR-3340--Spatial_Audio_I/Configuring_Pro_Tools_for_Atmos/Bed_and_Object_Path_Creation_Dialog.png
DAPR-3340--Spatial_Audio_I/Images/configuring-pro-tools-for-atmos/configuring-pro-tools-i-slash-o-for-dolby-atmos-mixing-03.png	DAPR-3340--Spatial_Audio_I/Configuring_Pro_Tools_for_Atmos/Atmos_Tab_With_Object_Paths.png
DAPR-3340--Spatial_Audio_I/Images/configuring-pro-tools-for-atmos/configuring-pro-tools-i-slash-o-for-dolby-atmos-mixing-04.png	DAPR-3340--Spatial_Audio_I/Configuring_Pro_Tools_for_Atmos/Default_Format_Path_Order_Menu.png
DAPR-3340--Spatial_Audio_I/Images/configuring-pro-tools-for-atmos/configuring-pro-tools-i-slash-o-for-dolby-atmos-mixing-05.png	DAPR-3340--Spatial_Audio_I/Configuring_Pro_Tools_for_Atmos/New_Paths_Dialog_for_Bed_and_Objects.png
DAPR-3340--Spatial_Audio_I/Images/configuring-pro-tools-for-atmos/configuring-pro-tools-i-slash-o-for-dolby-atmos-mixing-06.png	DAPR-3340--Spatial_Audio_I/Configuring_Pro_Tools_for_Atmos/Output_Paths_for_Bed_and_Objects.png
DAPR-3340--Spatial_Audio_I/Images/configuring-pro-tools-for-atmos/configuring-pro-tools-i-slash-o-for-dolby-atmos-mixing-07.png	DAPR-3340--Spatial_Audio_I/Configuring_Pro_Tools_for_Atmos/Object_Paths_Mapped_to_Outputs.png
DAPR-3340--Spatial_Audio_I/Images/configuring-pro-tools-for-atmos/configuring-pro-tools-i-slash-o-for-dolby-atmos-mixing-08.png	DAPR-3340--Spatial_Audio_I/Configuring_Pro_Tools_for_Atmos/Playback_Engine_Focusrite_Selection.png
DAPR-3340--Spatial_Audio_I/Images/configuring-pro-tools-for-atmos/configuring-pro-tools-i-slash-o-for-dolby-atmos-mixing-09.png	DAPR-3340--Spatial_Audio_I/Configuring_Pro_Tools_for_Atmos/Aux_Device_List_Window.png
DAPR-3340--Spatial_Audio_I/Images/configuring-pro-tools-for-atmos/configuring-pro-tools-i-slash-o-for-dolby-atmos-mixing-10.png	DAPR-3340--Spatial_Audio_I/Configuring_Pro_Tools_for_Atmos/Audio_Device_List_With_Bridge_Checked.png
DAPR-3340--Spatial_Audio_I/Images/configuring-pro-tools-for-atmos/configuring-pro-tools-i-slash-o-for-dolby-atmos-mixing-11.png	DAPR-3340--Spatial_Audio_I/Configuring_Pro_Tools_for_Atmos/Output_Tab_Channel_Grid_Assignments.png
DAPR-3340--Spatial_Audio_I/Images/configuring-pro-tools-for-atmos/configuring-the-dolby-atmos-renderers-input-configuration-01.png	DAPR-3340--Spatial_Audio_I/Configuring_Pro_Tools_for_Atmos/Bed_Channels_and_Object_Rows.png
DAPR-3340--Spatial_Audio_I/Images/configuring-pro-tools-for-atmos/configuring-the-dolby-atmos-renderers-input-configuration-02.png	DAPR-3340--Spatial_Audio_I/Configuring_Pro_Tools_for_Atmos/Renaming_an_Object_Input_Row.png
DAPR-3340--Spatial_Audio_I/Images/configuring-pro-tools-for-atmos/configuring-the-dolby-atmos-renderers-input-configuration-03.gif	DAPR-3340--Spatial_Audio_I/Configuring_Pro_Tools_for_Atmos/Configuring_the_Dolby_Atmos_Renderers_Input_Configuration.gif
DAPR-3340--Spatial_Audio_I/Images/configuring-pro-tools-for-atmos/configuring-the-dolby-atmos-renderers-input-configuration-04.png	DAPR-3340--Spatial_Audio_I/Configuring_Pro_Tools_for_Atmos/Close_Up_of_Groups_Button.png
DAPR-3340--Spatial_Audio_I/Images/configuring-pro-tools-for-atmos/configuring-the-dolby-atmos-renderers-input-configuration-05.png	DAPR-3340--Spatial_Audio_I/Configuring_Pro_Tools_for_Atmos/Typing_a_New_Group_Name.png
DAPR-3340--Spatial_Audio_I/Images/configuring-pro-tools-for-atmos/configuring-the-dolby-atmos-renderers-input-configuration-06.png	DAPR-3340--Spatial_Audio_I/Configuring_Pro_Tools_for_Atmos/Object_Group_Assignment_Dropdown.png
DAPR-3340--Spatial_Audio_I/Images/configuring-pro-tools-for-atmos/routing-tracks-to-beds-01.png	DAPR-3340--Spatial_Audio_I/Configuring_Pro_Tools_for_Atmos/Output_Menu_Listing_Bed_Formats.png
DAPR-3340--Spatial_Audio_I/Images/configuring-pro-tools-for-atmos/routing-tracks-to-beds-02.png	DAPR-3340--Spatial_Audio_I/Configuring_Pro_Tools_for_Atmos/Track_Output_Assigned_to_Bed_Bus.png
DAPR-3340--Spatial_Audio_I/Images/configuring-pro-tools-for-atmos/routing-tracks-to-objects-01.png	DAPR-3340--Spatial_Audio_I/Configuring_Pro_Tools_for_Atmos/Track_Output_Selector_Showing_Object.png
DAPR-3340--Spatial_Audio_I/Images/configuring-pro-tools-for-atmos/routing-tracks-to-objects-02.png	DAPR-3340--Spatial_Audio_I/Configuring_Pro_Tools_for_Atmos/Object_Output_Selection_Menu.png
DAPR-3340--Spatial_Audio_I/Images/configuring-pro-tools-for-atmos/routing-tracks-to-objects-03.png	DAPR-3340--Spatial_Audio_I/Configuring_Pro_Tools_for_Atmos/Narrow_Strip_With_Object_Output.png
DAPR-3340--Spatial_Audio_I/Images/configuring-pro-tools-for-atmos/routing-tracks-to-objects-04.png	DAPR-3340--Spatial_Audio_I/Configuring_Pro_Tools_for_Atmos/Annotated_Object_Panel_Controls.png
DAPR-3340--Spatial_Audio_I/Images/configuring-pro-tools-for-atmos/routing-tracks-to-objects-05.png	DAPR-3340--Spatial_Audio_I/Configuring_Pro_Tools_for_Atmos/Green_Triangle_Output_Button.png
DAPR-3340--Spatial_Audio_I/Images/configuring-pro-tools-for-atmos/routing-tracks-to-objects-06.png	DAPR-3340--Spatial_Audio_I/Configuring_Pro_Tools_for_Atmos/Red_Record_Enable_Button_Icon.png
DAPR-3340--Spatial_Audio_I/Images/configuring-pro-tools-for-atmos/routing-tracks-to-objects-07.png	DAPR-3340--Spatial_Audio_I/Configuring_Pro_Tools_for_Atmos/Tiny_Right_Arrow_Button_Icon.png
DAPR-3340--Spatial_Audio_I/Images/course-orientation/syllabus-3-01.jpg	DAPR-3340--Spatial_Audio_I/Course_Orientation/Campus_Waterfall_Behind_Concrete_Beams.jpg
DAPR-3340--Spatial_Audio_I/Images/dolby-atmos-deliverables/binaural-settings-01.png	DAPR-3340--Spatial_Audio_I/Dolby_Atmos_Deliverables/Binaural_Settings.png
DAPR-3340--Spatial_Audio_I/Images/dolby-atmos-deliverables/creating-re-renders-01.png	DAPR-3340--Spatial_Audio_I/Dolby_Atmos_Deliverables/Rerender_Window_With_Live_Layouts.png
DAPR-3340--Spatial_Audio_I/Images/dolby-atmos-deliverables/creating-re-renders-02.png	DAPR-3340--Spatial_Audio_I/Dolby_Atmos_Deliverables/Re_Render_Layout_Dropdown_Menu.png
DAPR-3340--Spatial_Audio_I/Images/dolby-atmos-deliverables/creating-re-renders-03.png	DAPR-3340--Spatial_Audio_I/Dolby_Atmos_Deliverables/Re_Render_Properties_Dialog.png
DAPR-3340--Spatial_Audio_I/Images/dolby-atmos-deliverables/dolby-atmos-deliverables-audio-vivid-renderer-select-01.png	DAPR-3340--Spatial_Audio_I/Dolby_Atmos_Deliverables/Audio_Vivid_Renderer_Select.png
DAPR-3340--Spatial_Audio_I/Images/dolby-atmos-deliverables/dolby-atmos-deliverables-bounce-mix-adm-bwf-01.png	DAPR-3340--Spatial_Audio_I/Dolby_Atmos_Deliverables/Bounce_Mix_ADM_Bwf.png
DAPR-3340--Spatial_Audio_I/Images/dolby-atmos-deliverables/dolby-atmos-deliverables-deliverable-tree-01.png	DAPR-3340--Spatial_Audio_I/Dolby_Atmos_Deliverables/Deliverable_Tree.png
DAPR-3340--Spatial_Audio_I/Images/dolby-atmos-deliverables/dolby-atmos-deliverables-mpeg-h-renderer-bed-assign-01.png	DAPR-3340--Spatial_Audio_I/Dolby_Atmos_Deliverables/Mpeg_H_Renderer_Bed_Assign.png
DAPR-3340--Spatial_Audio_I/Images/dolby-atmos-deliverables/dolby-atmos-deliverables-walkmix-360ra-headphone-view-01.png	DAPR-3340--Spatial_Audio_I/Dolby_Atmos_Deliverables/Walkmix_360ra_Headphone_View.png
DAPR-3340--Spatial_Audio_I/Images/dolby-atmos-deliverables/dolby-atmos-deliverables-walkmix-360ra-speaker-view-01.png	DAPR-3340--Spatial_Audio_I/Dolby_Atmos_Deliverables/Walkmix_360ra_Speaker_View.png
DAPR-3340--Spatial_Audio_I/Images/dolby-atmos-deliverables/exporting-deliverables-01.png	DAPR-3340--Spatial_Audio_I/Dolby_Atmos_Deliverables/Export_Master_to_ADM_Dialog.png
DAPR-3340--Spatial_Audio_I/Images/dolby-atmos-deliverables/exporting-deliverables-02.png	DAPR-3340--Spatial_Audio_I/Dolby_Atmos_Deliverables/Export_Master_to_IMF_IAB_Dialog.png
DAPR-3340--Spatial_Audio_I/Images/dolby-atmos-deliverables/exporting-deliverables-03.png	DAPR-3340--Spatial_Audio_I/Dolby_Atmos_Deliverables/Export_Master_to_MP_Four_Dialog.png
DAPR-3340--Spatial_Audio_I/Images/dolby-atmos-deliverables/exporting-deliverables-04.png	DAPR-3340--Spatial_Audio_I/Dolby_Atmos_Deliverables/Export_Re_Renders_Dialog.png
DAPR-3340--Spatial_Audio_I/Images/dolby-atmos-deliverables/loudness-analysis-01.png	DAPR-3340--Spatial_Audio_I/Dolby_Atmos_Deliverables/Loudness_Analysis_Window_Before_Measuring.png
DAPR-3340--Spatial_Audio_I/Images/dolby-atmos-deliverables/loudness-analysis-02.png	DAPR-3340--Spatial_Audio_I/Dolby_Atmos_Deliverables/Loudness_Analysis_Results_Window.png
DAPR-3340--Spatial_Audio_I/Images/dolby-atmos-deliverables/recording-a-dolby-atmos-master-01.png	DAPR-3340--Spatial_Audio_I/Dolby_Atmos_Deliverables/Recording_a_Dolby_Atmos_Master.png
DAPR-3340--Spatial_Audio_I/Images/dolby-atmos-deliverables/unlocking-and-modifying-a-master-01.png	DAPR-3340--Spatial_Audio_I/Dolby_Atmos_Deliverables/Unlock_Master_File_Button.png
DAPR-3340--Spatial_Audio_I/Images/dolby-atmos-deliverables/unlocking-and-modifying-a-master-02.png	DAPR-3340--Spatial_Audio_I/Dolby_Atmos_Deliverables/Record_In_and_Out_Toggle.png
DAPR-3340--Spatial_Audio_I/Images/dolby-atmos-renderer/dolby-atmos-renderer-dolby-atomos-01.png	DAPR-3340--Spatial_Audio_I/Dolby_Atmos_Renderer/Dolby_Atomos.png
DAPR-3340--Spatial_Audio_I/Images/dolby-atmos-renderer/dolby-atmos-renderer-input-configuration-groups-01.png	DAPR-3340--Spatial_Audio_I/Dolby_Atmos_Renderer/Input_Configuration_Groups.png
DAPR-3340--Spatial_Audio_I/Images/dolby-atmos-renderer/dolby-atmos-renderer-interface-overview-01.png	DAPR-3340--Spatial_Audio_I/Dolby_Atmos_Renderer/Renderer_Window_With_Meters_and_Room.png
DAPR-3340--Spatial_Audio_I/Images/dolby-atmos-renderer/dolby-atmos-renderer-interface-overview-02.png	DAPR-3340--Spatial_Audio_I/Dolby_Atmos_Renderer/Monitoring_Selector_Set_to_Physical.png
DAPR-3340--Spatial_Audio_I/Images/dolby-atmos-renderer/dolby-atmos-renderer-interface-overview-03.png	DAPR-3340--Spatial_Audio_I/Dolby_Atmos_Renderer/Source_Input_and_Master_Toggle.png
DAPR-3340--Spatial_Audio_I/Images/dolby-atmos-renderer/dolby-atmos-renderer-interface-overview-04.png	DAPR-3340--Spatial_Audio_I/Dolby_Atmos_Renderer/Timecode_Counter_and_Transport_Buttons.png
DAPR-3340--Spatial_Audio_I/Images/dolby-atmos-renderer/dolby-atmos-renderer-interface-overview-05.png	DAPR-3340--Spatial_Audio_I/Dolby_Atmos_Renderer/Record_In_and_Out_Toggle_Close_Up.png
DAPR-3340--Spatial_Audio_I/Images/dolby-atmos-renderer/dolby-atmos-renderer-interface-overview-06.png	DAPR-3340--Spatial_Audio_I/Dolby_Atmos_Renderer/Output_Gain_With_DIM_and_MUTE.png
DAPR-3340--Spatial_Audio_I/Images/dolby-atmos-renderer/dolby-atmos-renderer-interface-overview-07.png	DAPR-3340--Spatial_Audio_I/Dolby_Atmos_Renderer/Master_File_Timecode_Header_Bar.png
DAPR-3340--Spatial_Audio_I/Images/dolby-atmos-renderer/dolby-atmos-renderer-interface-overview-08.png	DAPR-3340--Spatial_Audio_I/Dolby_Atmos_Renderer/Master_File_FFOA_Dialog.png
DAPR-3340--Spatial_Audio_I/Images/dolby-atmos-renderer/dolby-atmos-renderer-interface-overview-09.png	DAPR-3340--Spatial_Audio_I/Dolby_Atmos_Renderer/Input_Channel_Status_Grid.png
DAPR-3340--Spatial_Audio_I/Images/dolby-atmos-renderer/dolby-atmos-renderer-interface-overview-10.png	DAPR-3340--Spatial_Audio_I/Dolby_Atmos_Renderer/Row_of_Input_Status_Indicator_Circles.png
DAPR-3340--Spatial_Audio_I/Images/dolby-atmos-renderer/dolby-atmos-renderer-interface-overview-11.png	DAPR-3340--Spatial_Audio_I/Dolby_Atmos_Renderer/Numbered_Input_Indicator_Circles.png
DAPR-3340--Spatial_Audio_I/Images/dolby-atmos-renderer/dolby-atmos-renderer-interface-overview-12.png	DAPR-3340--Spatial_Audio_I/Dolby_Atmos_Renderer/Input_Signal_Indicator_Lights.png
DAPR-3340--Spatial_Audio_I/Images/dolby-atmos-renderer/dolby-atmos-renderer-interface-overview-13.png	DAPR-3340--Spatial_Audio_I/Dolby_Atmos_Renderer/Bed_Channel_Meter_Bank.png
DAPR-3340--Spatial_Audio_I/Images/dolby-atmos-renderer/dolby-atmos-renderer-interface-overview-14.png	DAPR-3340--Spatial_Audio_I/Dolby_Atmos_Renderer/Channel_Level_Meters_for_Bed_Speakers.png
DAPR-3340--Spatial_Audio_I/Images/dolby-atmos-renderer/dolby-atmos-renderer-interface-overview-15.png	DAPR-3340--Spatial_Audio_I/Dolby_Atmos_Renderer/Vertical_Limiter_Meter_Pair.png
DAPR-3340--Spatial_Audio_I/Images/dolby-atmos-renderer/dolby-atmos-renderer-interface-overview-16.png	DAPR-3340--Spatial_Audio_I/Dolby_Atmos_Renderer/Binaural_and_Limiter_Meters.png
DAPR-3340--Spatial_Audio_I/Images/dolby-atmos-renderer/dolby-atmos-renderer-interface-overview-17.png	DAPR-3340--Spatial_Audio_I/Dolby_Atmos_Renderer/Binaural_Output_Meter_Close_Up.png
DAPR-3340--Spatial_Audio_I/Images/dolby-atmos-renderer/dolby-atmos-renderer-interface-overview-18.png	DAPR-3340--Spatial_Audio_I/Dolby_Atmos_Renderer/Speaker_Layout_Map_With_Flagged_Speaker.png
DAPR-3340--Spatial_Audio_I/Images/dolby-atmos-renderer/dolby-atmos-renderer-interface-overview-19.png	DAPR-3340--Spatial_Audio_I/Dolby_Atmos_Renderer/Room_View_With_Object_Spheres.png
DAPR-3340--Spatial_Audio_I/Images/dolby-atmos-renderer/dolby-atmos-renderer-interface-overview-20.png	DAPR-3340--Spatial_Audio_I/Dolby_Atmos_Renderer/Room_View_With_Object_Trajectory.png
DAPR-3340--Spatial_Audio_I/Images/dolby-atmos-renderer/dolby-atmos-renderer-interface-overview-21.png	DAPR-3340--Spatial_Audio_I/Dolby_Atmos_Renderer/Three_Dimensional_Room_View_With_Objects.png
DAPR-3340--Spatial_Audio_I/Images/dolby-atmos-renderer/dolby-atmos-renderer-interface-overview-22.png	DAPR-3340--Spatial_Audio_I/Dolby_Atmos_Renderer/Room_View_With_Single_Object_Sphere.png
DAPR-3340--Spatial_Audio_I/Images/dolby-atmos-renderer/dolby-atmos-renderer-interface-overview-23.png	DAPR-3340--Spatial_Audio_I/Dolby_Atmos_Renderer/View_and_Show_Options_Menu.png
DAPR-3340--Spatial_Audio_I/Images/dolby-atmos-renderer/dolby-atmos-renderer-interface-overview-24.png	DAPR-3340--Spatial_Audio_I/Dolby_Atmos_Renderer/Room_View_With_Listener_Silhouette.png
DAPR-3340--Spatial_Audio_I/Images/dolby-atmos-renderer/dolby-atmos-renderer-interface-overview-25.png	DAPR-3340--Spatial_Audio_I/Dolby_Atmos_Renderer/Front_View_of_Object_Position_Dots.png
DAPR-3340--Spatial_Audio_I/Images/dolby-atmos-renderer/dolby-atmos-renderer-interface-overview-26.png	DAPR-3340--Spatial_Audio_I/Dolby_Atmos_Renderer/Room_View_of_Many_Object_Spheres.png
DAPR-3340--Spatial_Audio_I/Images/dolby-atmos-renderer/dolby-atmos-renderer-main-window-room-view-01.png	DAPR-3340--Spatial_Audio_I/Dolby_Atmos_Renderer/Main_Window_Room_View.png
DAPR-3340--Spatial_Audio_I/Images/dolby-atmos-renderer/dolby-atmos-renderer-person-view-01.png	DAPR-3340--Spatial_Audio_I/Dolby_Atmos_Renderer/Person_View.png
DAPR-3340--Spatial_Audio_I/Images/dolby-atmos-renderer/dolby-atmos-renderer-renderer-system-topology-01.png	DAPR-3340--Spatial_Audio_I/Dolby_Atmos_Renderer/Renderer_System_Topology.png
DAPR-3340--Spatial_Audio_I/Images/dolby-atmos-renderer/dolby-atmos-renderer-theater-view-01.png	DAPR-3340--Spatial_Audio_I/Dolby_Atmos_Renderer/Theater_View.png
DAPR-3340--Spatial_Audio_I/Images/dolby-atmos-renderer/dolby-atmos-renderer-trim-and-downmix-session-data-01.png	DAPR-3340--Spatial_Audio_I/Dolby_Atmos_Renderer/Trim_and_Downmix_Session_Data.png
DAPR-3340--Spatial_Audio_I/Images/dolby-atmos-renderer/headphone-only-mode-01.png	DAPR-3340--Spatial_Audio_I/Dolby_Atmos_Renderer/Headphone_Only_Mode.png
DAPR-3340--Spatial_Audio_I/Images/dolby-atmos-renderer/room-setup-01.png	DAPR-3340--Spatial_Audio_I/Dolby_Atmos_Renderer/Speaker_Layout_Map_in_Room_Setup.png
DAPR-3340--Spatial_Audio_I/Images/dolby-atmos-renderer/room-setup-02.png	DAPR-3340--Spatial_Audio_I/Dolby_Atmos_Renderer/Speaker_Routing_Position_Map.png
DAPR-3340--Spatial_Audio_I/Images/dolby-atmos-renderer/room-setup-03.png	DAPR-3340--Spatial_Audio_I/Dolby_Atmos_Renderer/Room_Setup_Monitoring_Speaker_Layout.png
DAPR-3340--Spatial_Audio_I/Images/dolby-atmos-renderer/room-setup-04.png	DAPR-3340--Spatial_Audio_I/Dolby_Atmos_Renderer/Add_Layout_Button_and_Layout_List.png
DAPR-3340--Spatial_Audio_I/Images/dolby-atmos-renderer/speaker-calibration-and-room-eq-for-monitoring-01.png	DAPR-3340--Spatial_Audio_I/Dolby_Atmos_Renderer/Speaker_EQ_Calibration_Window.png
DAPR-3340--Spatial_Audio_I/Images/dolby-atmos-renderer/speaker-calibration-and-room-eq-for-monitoring-02.png	DAPR-3340--Spatial_Audio_I/Dolby_Atmos_Renderer/Signal_Generator_Source_Menu.png
DAPR-3340--Spatial_Audio_I/Images/dolby-atmos-renderer/speaker-calibration-and-room-eq-for-monitoring-03.png	DAPR-3340--Spatial_Audio_I/Dolby_Atmos_Renderer/Signal_Generator_Pink_Noise_Control.png
DAPR-3340--Spatial_Audio_I/Images/dolby-atmos-renderer/speaker-calibration-and-room-eq-for-monitoring-04.png	DAPR-3340--Spatial_Audio_I/Dolby_Atmos_Renderer/Pink_Noise_Rotate_Mode_Menu.png
DAPR-3340--Spatial_Audio_I/Images/dolby-atmos-renderer/speaker-calibration-and-room-eq-for-monitoring-05.png	DAPR-3340--Spatial_Audio_I/Dolby_Atmos_Renderer/Editing_Speaker_Gain_Value.png
DAPR-3340--Spatial_Audio_I/Images/dolby-atmos-renderer/speaker-calibration-and-room-eq-for-monitoring-06.png	DAPR-3340--Spatial_Audio_I/Dolby_Atmos_Renderer/Room_EQ_Curve_and_Sliders.png
DAPR-3340--Spatial_Audio_I/Images/dolby-atmos-renderer/speaker-calibration-and-room-eq-for-monitoring-07.png	DAPR-3340--Spatial_Audio_I/Dolby_Atmos_Renderer/Speaker_and_Headphone_Delay_Field.png
DAPR-3340--Spatial_Audio_I/Images/dolby-atmos-renderer/speaker-calibration-and-room-eq-for-monitoring-08.png	DAPR-3340--Spatial_Audio_I/Dolby_Atmos_Renderer/Speaker_Delay_Tab_of_Room_Setup.png
DAPR-3340--Spatial_Audio_I/Images/final-project-and-final-exam/final-project-and-final-exam-course-concept-map-01.png	DAPR-3340--Spatial_Audio_I/Final_Project_and_Final_Exam/Course_Concept_Map.png
DAPR-3340--Spatial_Audio_I/Images/final-project-and-final-exam/final-project-and-final-exam-final-exam-coverage-map-01.png	DAPR-3340--Spatial_Audio_I/Final_Project_and_Final_Exam/Final_Exam_Coverage_Map.png
DAPR-3340--Spatial_Audio_I/Images/introduction-to-surround-and-multichannel-audio/introduction-to-surround-and-multichannel-audio-analog-digital-delivery-evolution-41.png	DAPR-3340--Spatial_Audio_I/Introduction_to_Surround/Analog_Digital_Delivery_Evolution.png
DAPR-3340--Spatial_Audio_I/Images/introduction-to-surround-and-multichannel-audio/introduction-to-surround-and-multichannel-audio-atmos-monitoring-reference-levels-51.png	DAPR-3340--Spatial_Audio_I/Introduction_to_Surround/Atmos_Monitoring_Reference_Levels.png
DAPR-3340--Spatial_Audio_I/Images/introduction-to-surround-and-multichannel-audio/introduction-to-surround-and-multichannel-audio-blu-ray-disc-22.png	DAPR-3340--Spatial_Audio_I/Introduction_to_Surround/Blu_Ray_Disc.png
DAPR-3340--Spatial_Audio_I/Images/introduction-to-surround-and-multichannel-audio/introduction-to-surround-and-multichannel-audio-compact-disc-16.png	DAPR-3340--Spatial_Audio_I/Introduction_to_Surround/Compact_Disc.png
DAPR-3340--Spatial_Audio_I/Images/introduction-to-surround-and-multichannel-audio/introduction-to-surround-and-multichannel-audio-dangerous-monitor-stsr-54.png	DAPR-3340--Spatial_Audio_I/Introduction_to_Surround/Dangerous_Monitor_Stsr.png
DAPR-3340--Spatial_Audio_I/Images/introduction-to-surround-and-multichannel-audio/introduction-to-surround-and-multichannel-audio-delivered-vs-receiver-processing-40.png	DAPR-3340--Spatial_Audio_I/Introduction_to_Surround/Delivered_vs_Receiver_Processing.png
DAPR-3340--Spatial_Audio_I/Images/introduction-to-surround-and-multichannel-audio/introduction-to-surround-and-multichannel-audio-dolby-pro-logic-04.png	DAPR-3340--Spatial_Audio_I/Introduction_to_Surround/Dolby_Pro_Logic.png
DAPR-3340--Spatial_Audio_I/Images/introduction-to-surround-and-multichannel-audio/introduction-to-surround-and-multichannel-audio-dolby-pro-logic-history-overview-44.png	DAPR-3340--Spatial_Audio_I/Introduction_to_Surround/Dolby_Pro_Logic_History_Overview.png
DAPR-3340--Spatial_Audio_I/Images/introduction-to-surround-and-multichannel-audio/introduction-to-surround-and-multichannel-audio-dolby-pro-logic-history-timeline-39.png	DAPR-3340--Spatial_Audio_I/Introduction_to_Surround/Dolby_Pro_Logic_History_Timeline.png
DAPR-3340--Spatial_Audio_I/Images/introduction-to-surround-and-multichannel-audio/introduction-to-surround-and-multichannel-audio-dolby-pro-logic-i-ix-06.png	DAPR-3340--Spatial_Audio_I/Introduction_to_Surround/Dolby_Pro_Logic_I_Ix.png
DAPR-3340--Spatial_Audio_I/Images/introduction-to-surround-and-multichannel-audio/introduction-to-surround-and-multichannel-audio-dolby-pro-logic-i-iz-07.png	DAPR-3340--Spatial_Audio_I/Introduction_to_Surround/Dolby_Pro_Logic_I_Iz.png
DAPR-3340--Spatial_Audio_I/Images/introduction-to-surround-and-multichannel-audio/introduction-to-surround-and-multichannel-audio-dolby-pro-logic-ii-05.png	DAPR-3340--Spatial_Audio_I/Introduction_to_Surround/Dolby_Pro_Logic_Ii.png
DAPR-3340--Spatial_Audio_I/Images/introduction-to-surround-and-multichannel-audio/introduction-to-surround-and-multichannel-audio-dolby-surround-03.png	DAPR-3340--Spatial_Audio_I/Introduction_to_Surround/Dolby_Surround.png
DAPR-3340--Spatial_Audio_I/Images/introduction-to-surround-and-multichannel-audio/introduction-to-surround-and-multichannel-audio-dts-08.png	DAPR-3340--Spatial_Audio_I/Introduction_to_Surround/Dts.png
DAPR-3340--Spatial_Audio_I/Images/introduction-to-surround-and-multichannel-audio/introduction-to-surround-and-multichannel-audio-dts-9624-13.png	DAPR-3340--Spatial_Audio_I/Introduction_to_Surround/Dts_9624.png
DAPR-3340--Spatial_Audio_I/Images/introduction-to-surround-and-multichannel-audio/introduction-to-surround-and-multichannel-audio-dts-digital-surround-09.png	DAPR-3340--Spatial_Audio_I/Introduction_to_Surround/Dts_Digital_Surround.png
DAPR-3340--Spatial_Audio_I/Images/introduction-to-surround-and-multichannel-audio/introduction-to-surround-and-multichannel-audio-dts-neo-6-11.png	DAPR-3340--Spatial_Audio_I/Introduction_to_Surround/Dts_Neo_6.png
DAPR-3340--Spatial_Audio_I/Images/introduction-to-surround-and-multichannel-audio/introduction-to-surround-and-multichannel-audio-dts-neo-x-12.png	DAPR-3340--Spatial_Audio_I/Introduction_to_Surround/Dts_Neo_X.png
DAPR-3340--Spatial_Audio_I/Images/introduction-to-surround-and-multichannel-audio/introduction-to-surround-and-multichannel-audio-dtses-10.png	DAPR-3340--Spatial_Audio_I/Introduction_to_Surround/Dtses.png
DAPR-3340--Spatial_Audio_I/Images/introduction-to-surround-and-multichannel-audio/introduction-to-surround-and-multichannel-audio-dtshd-high-resolution-14.png	DAPR-3340--Spatial_Audio_I/Introduction_to_Surround/Dtshd_High_Resolution.png
DAPR-3340--Spatial_Audio_I/Images/introduction-to-surround-and-multichannel-audio/introduction-to-surround-and-multichannel-audio-dtshd-master-audio-15.png	DAPR-3340--Spatial_Audio_I/Introduction_to_Surround/Dtshd_Master_Audio.png
DAPR-3340--Spatial_Audio_I/Images/introduction-to-surround-and-multichannel-audio/introduction-to-surround-and-multichannel-audio-dvd-audio-20.png	DAPR-3340--Spatial_Audio_I/Introduction_to_Surround/Dvd_Audio.png
DAPR-3340--Spatial_Audio_I/Images/introduction-to-surround-and-multichannel-audio/introduction-to-surround-and-multichannel-audio-dvd-video-19.png	DAPR-3340--Spatial_Audio_I/Introduction_to_Surround/Dvd_Video.png
DAPR-3340--Spatial_Audio_I/Images/introduction-to-surround-and-multichannel-audio/introduction-to-surround-and-multichannel-audio-five-point-one-to-seven-point-one-extension-29.png	DAPR-3340--Spatial_Audio_I/Introduction_to_Surround/Five_Point_One_to_Seven_Point_One_Extension.png
DAPR-3340--Spatial_Audio_I/Images/introduction-to-surround-and-multichannel-audio/introduction-to-surround-and-multichannel-audio-grouped-monitor-control-47.png	DAPR-3340--Spatial_Audio_I/Introduction_to_Surround/Grouped_Monitor_Control.png
DAPR-3340--Spatial_Audio_I/Images/introduction-to-surround-and-multichannel-audio/introduction-to-surround-and-multichannel-audio-hddvd-21.png	DAPR-3340--Spatial_Audio_I/Introduction_to_Surround/Hddvd.png
DAPR-3340--Spatial_Audio_I/Images/introduction-to-surround-and-multichannel-audio/introduction-to-surround-and-multichannel-audio-itu-51-speaker-layout-23.png	DAPR-3340--Spatial_Audio_I/Introduction_to_Surround/Itu_51_Speaker_Layout.png
DAPR-3340--Spatial_Audio_I/Images/introduction-to-surround-and-multichannel-audio/introduction-to-surround-and-multichannel-audio-itu-71-speaker-layout-24.png	DAPR-3340--Spatial_Audio_I/Introduction_to_Surround/Itu_71_Speaker_Layout.png
DAPR-3340--Spatial_Audio_I/Images/introduction-to-surround-and-multichannel-audio/introduction-to-surround-and-multichannel-audio-laser-disc-17.png	DAPR-3340--Spatial_Audio_I/Introduction_to_Surround/Laser_Disc.png
DAPR-3340--Spatial_Audio_I/Images/introduction-to-surround-and-multichannel-audio/introduction-to-surround-and-multichannel-audio-legacy-dolby-hardware-milestones-43.png	DAPR-3340--Spatial_Audio_I/Introduction_to_Surround/Legacy_Dolby_Hardware_Milestones.png
DAPR-3340--Spatial_Audio_I/Images/introduction-to-surround-and-multichannel-audio/introduction-to-surround-and-multichannel-audio-lfe-vs-bass-management-25.png	DAPR-3340--Spatial_Audio_I/Introduction_to_Surround/LFE_vs_Bass_Management.png
DAPR-3340--Spatial_Audio_I/Images/introduction-to-surround-and-multichannel-audio/introduction-to-surround-and-multichannel-audio-matrix-encoder-decoder-42.png	DAPR-3340--Spatial_Audio_I/Introduction_to_Surround/Matrix_Encoder_Decoder.png
DAPR-3340--Spatial_Audio_I/Images/introduction-to-surround-and-multichannel-audio/introduction-to-surround-and-multichannel-audio-modern-71-side-rear-layout-28.png	DAPR-3340--Spatial_Audio_I/Introduction_to_Surround/Modern_71_Side_Rear_Layout.png
DAPR-3340--Spatial_Audio_I/Images/introduction-to-surround-and-multichannel-audio/introduction-to-surround-and-multichannel-audio-modern-atmos-monitoring-path-50.png	DAPR-3340--Spatial_Audio_I/Introduction_to_Surround/Modern_Atmos_Monitoring_Path.png
DAPR-3340--Spatial_Audio_I/Images/introduction-to-surround-and-multichannel-audio/introduction-to-surround-and-multichannel-audio-multichannel-calibration-workflow-48.png	DAPR-3340--Spatial_Audio_I/Introduction_to_Surround/Multichannel_Calibration_Workflow.png
DAPR-3340--Spatial_Audio_I/Images/introduction-to-surround-and-multichannel-audio/introduction-to-surround-and-multichannel-audio-multichannel-output-counts-45.png	DAPR-3340--Spatial_Audio_I/Introduction_to_Surround/Multichannel_Output_Counts.png
DAPR-3340--Spatial_Audio_I/Images/introduction-to-surround-and-multichannel-audio/introduction-to-surround-and-multichannel-audio-pro-logic-i-ix-vs-i-iz-30.png	DAPR-3340--Spatial_Audio_I/Introduction_to_Surround/Pro_Logic_I_Ix_vs_I_Iz.png
DAPR-3340--Spatial_Audio_I/Images/introduction-to-surround-and-multichannel-audio/introduction-to-surround-and-multichannel-audio-quadraphonic-speaker-layout-01.png	DAPR-3340--Spatial_Audio_I/Introduction_to_Surround/Quadraphonic_Speaker_Layout.png
DAPR-3340--Spatial_Audio_I/Images/introduction-to-surround-and-multichannel-audio/introduction-to-surround-and-multichannel-audio-red-net-control-grouped-outputs-52.png	DAPR-3340--Spatial_Audio_I/Introduction_to_Surround/Red_Net_Control_Grouped_Outputs.png
DAPR-3340--Spatial_Audio_I/Images/introduction-to-surround-and-multichannel-audio/introduction-to-surround-and-multichannel-audio-red-net-control-output-trim-53.png	DAPR-3340--Spatial_Audio_I/Introduction_to_Surround/Red_Net_Control_Output_Trim.png
DAPR-3340--Spatial_Audio_I/Images/introduction-to-surround-and-multichannel-audio/introduction-to-surround-and-multichannel-audio-sacd-18.png	DAPR-3340--Spatial_Audio_I/Introduction_to_Surround/Sacd.png
DAPR-3340--Spatial_Audio_I/Images/introduction-to-surround-and-multichannel-audio/introduction-to-surround-and-multichannel-audio-sdds-71-five-front-layout-27.png	DAPR-3340--Spatial_Audio_I/Introduction_to_Surround/Sdds_71_Five_Front_Layout.png
DAPR-3340--Spatial_Audio_I/Images/introduction-to-surround-and-multichannel-audio/introduction-to-surround-and-multichannel-audio-sdds-educational-badge-36.png	DAPR-3340--Spatial_Audio_I/Introduction_to_Surround/Sdds_Educational_Badge.png
DAPR-3340--Spatial_Audio_I/Images/introduction-to-surround-and-multichannel-audio/introduction-to-surround-and-multichannel-audio-seven-point-one-and-height-formats-31.png	DAPR-3340--Spatial_Audio_I/Introduction_to_Surround/Seven_Point_One_and_Height_Formats.png
DAPR-3340--Spatial_Audio_I/Images/introduction-to-surround-and-multichannel-audio/introduction-to-surround-and-multichannel-audio-seven-point-one-channel-order-vs-labels-38.png	DAPR-3340--Spatial_Audio_I/Introduction_to_Surround/Seven_Point_One_Channel_Order_vs_Labels.png
DAPR-3340--Spatial_Audio_I/Images/introduction-to-surround-and-multichannel-audio/introduction-to-surround-and-multichannel-audio-seven-point-one-families-comparison-35.png	DAPR-3340--Spatial_Audio_I/Introduction_to_Surround/Seven_Point_One_Families_Comparison.png
DAPR-3340--Spatial_Audio_I/Images/introduction-to-surround-and-multichannel-audio/introduction-to-surround-and-multichannel-audio-seven-point-one-music-use-34.png	DAPR-3340--Spatial_Audio_I/Introduction_to_Surround/Seven_Point_One_Music_Use.png
DAPR-3340--Spatial_Audio_I/Images/introduction-to-surround-and-multichannel-audio/introduction-to-surround-and-multichannel-audio-seven-point-one-naming-crosswalk-26.png	DAPR-3340--Spatial_Audio_I/Introduction_to_Surround/Seven_Point_One_Naming_Crosswalk.png
DAPR-3340--Spatial_Audio_I/Images/introduction-to-surround-and-multichannel-audio/introduction-to-surround-and-multichannel-audio-software-vs-hardware-monitor-control-49.png	DAPR-3340--Spatial_Audio_I/Introduction_to_Surround/Software_vs_Hardware_Monitor_Control.png
DAPR-3340--Spatial_Audio_I/Images/introduction-to-surround-and-multichannel-audio/introduction-to-surround-and-multichannel-audio-star-wars-dolby-stereo-02.png	DAPR-3340--Spatial_Audio_I/Introduction_to_Surround/Star_Wars_Dolby_Stereo.png
DAPR-3340--Spatial_Audio_I/Images/introduction-to-surround-and-multichannel-audio/introduction-to-surround-and-multichannel-audio-stereo-to-immersive-progression-01.png	DAPR-3340--Spatial_Audio_I/Introduction_to_Surround/Stereo_to_Immersive_Progression.png
DAPR-3340--Spatial_Audio_I/Images/introduction-to-surround-and-multichannel-audio/introduction-to-surround-and-multichannel-audio-surround-format-timeline-01.png	DAPR-3340--Spatial_Audio_I/Introduction_to_Surround/Surround_Format_Timeline.png
DAPR-3340--Spatial_Audio_I/Images/introduction-to-surround-and-multichannel-audio/introduction-to-surround-and-multichannel-audio-surround-monitoring-signal-flow-46.png	DAPR-3340--Spatial_Audio_I/Introduction_to_Surround/Surround_Monitoring_Signal_Flow.png
DAPR-3340--Spatial_Audio_I/Images/introduction-to-surround-and-multichannel-audio/introduction-to-surround-and-multichannel-audio-windows-media-audio-9-pro-71-32.png	DAPR-3340--Spatial_Audio_I/Introduction_to_Surround/Windows_Media_Audio_9_Pro_71.png
DAPR-3340--Spatial_Audio_I/Images/introduction-to-surround-and-multichannel-audio/introduction-to-surround-and-multichannel-audio-windows-media-audio-9-pro-badge-37.png	DAPR-3340--Spatial_Audio_I/Introduction_to_Surround/Windows_Media_Audio_9_Pro_Badge.png
DAPR-3340--Spatial_Audio_I/Images/introduction-to-surround-and-multichannel-audio/introduction-to-surround-and-multichannel-audio-windows-media-vs-windows-spatial-sound-33.png	DAPR-3340--Spatial_Audio_I/Introduction_to_Surround/Windows_Media_vs_Windows_Spatial_Sound.png
DAPR-3340--Spatial_Audio_I/Images/introduction-to-surround-and-multichannel-audio/welcome-surround-mixing-and-immersive-audio-01.png	DAPR-3340--Spatial_Audio_I/Introduction_to_Surround/Welcome_Surround_Mixing_and_Immersive_Audio.png
DAPR-3340--Spatial_Audio_I/Images/introduction-to-surround-and-multichannel-audio/what-does-5-dot-1-or-7-dot-1-refer-to-01.png	DAPR-3340--Spatial_Audio_I/Introduction_to_Surround/Listener_Surrounded_by_Speaker_Circle.png
DAPR-3340--Spatial_Audio_I/Images/introduction-to-surround-and-multichannel-audio/what-does-5-dot-1-or-7-dot-1-refer-to-02.png	DAPR-3340--Spatial_Audio_I/Introduction_to_Surround/Overhead_Speaker_Layout_Diagram.png
DAPR-3340--Spatial_Audio_I/Images/mixing-in-dolby-atmos/atmos-panning-in-pro-tools-01.png	DAPR-3340--Spatial_Audio_I/Mixing_in_Dolby_Atmos/Two_Object_Panner_Windows_Side_by_Side.png
DAPR-3340--Spatial_Audio_I/Images/mixing-in-dolby-atmos/atmos-panning-in-pro-tools-02.png	DAPR-3340--Spatial_Audio_I/Mixing_in_Dolby_Atmos/Panner_Mode_Menu_With_Theater_Chosen.png
DAPR-3340--Spatial_Audio_I/Images/mixing-in-dolby-atmos/atmos-panning-in-pro-tools-03.png	DAPR-3340--Spatial_Audio_I/Mixing_in_Dolby_Atmos/Miniature_Panner_Room_Thumbnail.png
DAPR-3340--Spatial_Audio_I/Images/mixing-in-dolby-atmos/atmos-panning-in-pro-tools-04.png	DAPR-3340--Spatial_Audio_I/Mixing_in_Dolby_Atmos/Pan_Curve_Shape_Icons.png
DAPR-3340--Spatial_Audio_I/Images/mixing-in-dolby-atmos/atmos-panning-in-pro-tools-05.png	DAPR-3340--Spatial_Audio_I/Mixing_in_Dolby_Atmos/Auto_Height_Override_Context_Menu.png
DAPR-3340--Spatial_Audio_I/Images/mixing-in-dolby-atmos/atmos-panning-in-pro-tools-06.png	DAPR-3340--Spatial_Audio_I/Mixing_in_Dolby_Atmos/Panner_Grid_Icon_Dropdown_Open.png
DAPR-3340--Spatial_Audio_I/Images/mixing-in-dolby-atmos/atmos-panning-in-pro-tools-07.png	DAPR-3340--Spatial_Audio_I/Mixing_in_Dolby_Atmos/Object_Panner_With_Position_Controls.png
DAPR-3340--Spatial_Audio_I/Images/mixing-in-dolby-atmos/atmos-panning-in-pro-tools-08.png	DAPR-3340--Spatial_Audio_I/Mixing_in_Dolby_Atmos/Highlighted_Panner_Toolbar_Button.png
DAPR-3340--Spatial_Audio_I/Images/mixing-in-dolby-atmos/mixing-in-dolby-atmos-bed-and-object-structure-01.png	DAPR-3340--Spatial_Audio_I/Mixing_in_Dolby_Atmos/Bed_and_Object_Structure.png
DAPR-3340--Spatial_Audio_I/Images/mixing-in-dolby-atmos/mixing-in-dolby-atmos-object-assignment-strips-01.png	DAPR-3340--Spatial_Audio_I/Mixing_in_Dolby_Atmos/Object_Assignment_Strips.png
DAPR-3340--Spatial_Audio_I/Images/mixing-in-dolby-atmos/mixing-in-dolby-atmos-pt-immersive-panner-lcr-object-channels-01.png	DAPR-3340--Spatial_Audio_I/Mixing_in_Dolby_Atmos/Pt_Immersive_Panner_Lcr_Object_Channels.png
DAPR-3340--Spatial_Audio_I/Images/mixing-in-dolby-atmos/mixing-in-dolby-atmos-pt-immersive-panner-mono-object-01.png	DAPR-3340--Spatial_Audio_I/Mixing_in_Dolby_Atmos/Pt_Immersive_Panner_Mono_Object.png
DAPR-3340--Spatial_Audio_I/Images/mixing-in-dolby-atmos/mixing-in-dolby-atmos-pt-immersive-panner-stereo-object-01.png	DAPR-3340--Spatial_Audio_I/Mixing_in_Dolby_Atmos/Pt_Immersive_Panner_Stereo_Object.png
DAPR-3340--Spatial_Audio_I/Images/mixing-in-dolby-atmos/mixing-in-dolby-atmos-pt-immersive-panner-top-view-speakers-01.png	DAPR-3340--Spatial_Audio_I/Mixing_in_Dolby_Atmos/Pt_Immersive_Panner_Top_View_Speakers.png
DAPR-3340--Spatial_Audio_I/Images/mixing-in-dolby-atmos/mixing-in-dolby-atmos-pt-object-track-xyz-automation-01.png	DAPR-3340--Spatial_Audio_I/Mixing_in_Dolby_Atmos/Pt_Object_Track_Xyz_Automation.png
DAPR-3340--Spatial_Audio_I/Images/mixing-in-dolby-atmos/mixing-in-dolby-atmos-track-output-bed-or-object-01.png	DAPR-3340--Spatial_Audio_I/Mixing_in_Dolby_Atmos/Track_Output_Bed_or_Object.png
DAPR-3340--Spatial_Audio_I/Images/mixing-in-dolby-atmos/reverbs-in-an-atmos-mix-01.png	DAPR-3340--Spatial_Audio_I/Mixing_in_Dolby_Atmos/Reverbs_in_an_Atmos_Mix.png
DAPR-3340--Spatial_Audio_I/Images/mixing-in-dolby-atmos/synchronizing-pro-tools-and-the-renderer-01.png	DAPR-3340--Spatial_Audio_I/Mixing_in_Dolby_Atmos/Timecode_Rate_Dropdown_Menu.png
DAPR-3340--Spatial_Audio_I/Images/mixing-in-dolby-atmos/synchronizing-pro-tools-and-the-renderer-02.png	DAPR-3340--Spatial_Audio_I/Mixing_in_Dolby_Atmos/Frame_Rate_Menu_in_Renderer_Preferences.png
DAPR-3340--Spatial_Audio_I/Images/mixing-in-dolby-atmos/synchronizing-pro-tools-and-the-renderer-03.png	DAPR-3340--Spatial_Audio_I/Mixing_in_Dolby_Atmos/Output_Paths_Including_LTC_Channel.png
DAPR-3340--Spatial_Audio_I/Images/mixing-in-dolby-atmos/synchronizing-pro-tools-and-the-renderer-04.png	DAPR-3340--Spatial_Audio_I/Mixing_in_Dolby_Atmos/LTC_Generator_Plugin_Window.png
DAPR-3340--Spatial_Audio_I/Images/mixing-in-dolby-atmos/synchronizing-pro-tools-and-the-renderer-05.png	DAPR-3340--Spatial_Audio_I/Mixing_in_Dolby_Atmos/LTC_Generator_Track_Strip.png
DAPR-3340--Spatial_Audio_I/Images/mixing-in-dolby-atmos/synchronizing-pro-tools-and-the-renderer-06.png	DAPR-3340--Spatial_Audio_I/Mixing_in_Dolby_Atmos/Renderer_Device_Settings_and_LTC_Channel.png
DAPR-3340--Spatial_Audio_I/Images/mixing-in-dolby-atmos/synchronizing-pro-tools-and-the-renderer-07.png	DAPR-3340--Spatial_Audio_I/Mixing_in_Dolby_Atmos/Transport_Bar_Sync_Button_Highlighted.png
DAPR-3340--Spatial_Audio_I/Images/mixing-in-dolby-atmos/the-atmos-music-panner-01.png	DAPR-3340--Spatial_Audio_I/Mixing_in_Dolby_Atmos/Music_Panner_Network_Address_Menu.png
DAPR-3340--Spatial_Audio_I/Images/mixing-in-dolby-atmos/the-atmos-music-panner-02.png	DAPR-3340--Spatial_Audio_I/Mixing_in_Dolby_Atmos/Music_Panner_Object_Selection_Menu.png
DAPR-3340--Spatial_Audio_I/Images/mixing-in-dolby-atmos/the-atmos-music-panner-03.png	DAPR-3340--Spatial_Audio_I/Mixing_in_Dolby_Atmos/Music_Panner_Object_Pair_Linking.png
DAPR-3340--Spatial_Audio_I/Images/mixing-in-dolby-atmos/the-atmos-music-panner-04.png	DAPR-3340--Spatial_Audio_I/Mixing_in_Dolby_Atmos/Music_Panner_Plugin_Window.png
DAPR-3340--Spatial_Audio_I/Images/mixing-in-dolby-atmos/the-atmos-music-panner-05.png	DAPR-3340--Spatial_Audio_I/Mixing_in_Dolby_Atmos/Music_Panner_Path_Shape_Buttons.png
DAPR-3340--Spatial_Audio_I/Images/mixing-in-dolby-atmos/the-atmos-music-panner-06.png	DAPR-3340--Spatial_Audio_I/Mixing_in_Dolby_Atmos/Sequencer_Step_Buttons_Panel.png
DAPR-3340--Spatial_Audio_I/Images/mixing-in-dolby-atmos/the-atmos-music-panner-07.png	DAPR-3340--Spatial_Audio_I/Mixing_in_Dolby_Atmos/Music_Panner_Sequencer_Step_Buttons.png
DAPR-3340--Spatial_Audio_I/Images/mixing-in-dolby-atmos/the-atmos-music-panner-08.png	DAPR-3340--Spatial_Audio_I/Mixing_in_Dolby_Atmos/Sequencer_Step_Duration_Dropdown.png
DAPR-3340--Spatial_Audio_I/Images/mixing-in-dolby-atmos/the-atmos-music-panner-09.gif	DAPR-3340--Spatial_Audio_I/Mixing_in_Dolby_Atmos/The_Atmos_Music_Panner.gif
DAPR-3340--Spatial_Audio_I/Images/mixing-in-dolby-atmos/using-groups-and-vcas-01.png	DAPR-3340--Spatial_Audio_I/Mixing_in_Dolby_Atmos/Guitar_Object_Channel_Strips.png
DAPR-3340--Spatial_Audio_I/Images/mixing-in-dolby-atmos/using-groups-and-vcas-02.png	DAPR-3340--Spatial_Audio_I/Mixing_in_Dolby_Atmos/Group_Assignment_Buttons_Highlighted.png
DAPR-3340--Spatial_Audio_I/Images/mixing-in-dolby-atmos/using-groups-and-vcas-03.png	DAPR-3340--Spatial_Audio_I/Mixing_in_Dolby_Atmos/Create_Group_Dialog_for_Guitar_Mix.png
DAPR-3340--Spatial_Audio_I/Images/mixing-in-dolby-atmos/using-groups-and-vcas-04.png	DAPR-3340--Spatial_Audio_I/Mixing_in_Dolby_Atmos/Red_Arrow_to_VCA_Master_Strip.png
DAPR-3340--Spatial_Audio_I/Images/mixing-in-dolby-atmos/using-groups-and-vcas-05.png	DAPR-3340--Spatial_Audio_I/Mixing_in_Dolby_Atmos/Modify_Groups_Attributes_Dialog.png
DAPR-3340--Spatial_Audio_I/Images/mixing-in-dolby-atmos/using-groups-and-vcas-06.png	DAPR-3340--Spatial_Audio_I/Mixing_in_Dolby_Atmos/Guitar_Strips_With_EQ_Plugin_Open.png
DAPR-3340--Spatial_Audio_I/Images/mixing-in-dolby-atmos/working-with-multiple-beds-01.png	DAPR-3340--Spatial_Audio_I/Mixing_in_Dolby_Atmos/Working_with_Multiple_Beds.png
DAPR-3340--Spatial_Audio_I/Images/surround-mastering-and-encoding/limiting-and-brickwall-limiters-01.png	DAPR-3340--Spatial_Audio_I/Surround__Mastering_and_Encoding/Limiting_and_Brickwall_Limiters.png
DAPR-3340--Spatial_Audio_I/Images/surround-mastering-and-encoding/loudness-01.jpg	DAPR-3340--Spatial_Audio_I/Surround__Mastering_and_Encoding/Equal_Loudness_Contour_Chart.jpg
DAPR-3340--Spatial_Audio_I/Images/surround-mastering-and-encoding/loudness-02.jpg	DAPR-3340--Spatial_Audio_I/Surround__Mastering_and_Encoding/Short_Chain_of_Boxed_Processor_Icons.jpg
DAPR-3340--Spatial_Audio_I/Images/surround-mastering-and-encoding/loudness-03.jpg	DAPR-3340--Spatial_Audio_I/Surround__Mastering_and_Encoding/Full_Chain_of_Boxed_Processor_Icons.jpg
DAPR-3340--Spatial_Audio_I/Images/surround-mastering-and-encoding/mid-slash-side-processing-01.jpg	DAPR-3340--Spatial_Audio_I/Surround__Mastering_and_Encoding/Mid_Slash_Side_Processing.jpg
DAPR-3340--Spatial_Audio_I/Images/surround-mastering-and-encoding/multiband-compression-01.png	DAPR-3340--Spatial_Audio_I/Surround__Mastering_and_Encoding/Multiband_Compression.png
DAPR-3340--Spatial_Audio_I/Images/surround-mastering-and-encoding/surround-encoding-plugins-01.jpg	DAPR-3340--Spatial_Audio_I/Surround__Mastering_and_Encoding/Surround_Encoding_Plugins.jpg
DAPR-3340--Spatial_Audio_I/Images/surround-mastering-and-encoding/surround-encoding-plugins-02.png	DAPR-3340--Spatial_Audio_I/Surround__Mastering_and_Encoding/Surround_Encoding_Plugins.png
DAPR-3340--Spatial_Audio_I/Images/surround-mastering-and-encoding/surround-encoding-software-01.jpg	DAPR-3340--Spatial_Audio_I/Surround__Mastering_and_Encoding/Surround_Encoding_Software.jpg
DAPR-3340--Spatial_Audio_I/Images/surround-mastering-and-encoding/surround-encoding-software-02.png	DAPR-3340--Spatial_Audio_I/Surround__Mastering_and_Encoding/Surround_Encoding_Software.png
DAPR-3340--Spatial_Audio_I/Images/surround-mastering-and-encoding/surround-mastering-and-encoding-common-audio-meters-01.png	DAPR-3340--Spatial_Audio_I/Surround__Mastering_and_Encoding/Common_Audio_Meters.png
DAPR-3340--Spatial_Audio_I/Images/surround-mastering-and-encoding/surround-mastering-and-encoding-dither-quantization-01.png	DAPR-3340--Spatial_Audio_I/Surround__Mastering_and_Encoding/Dither_Quantization.png
DAPR-3340--Spatial_Audio_I/Images/surround-mastering-and-encoding/surround-mastering-and-encoding-dither-versus-truncation-noise-floor-01.png	DAPR-3340--Spatial_Audio_I/Surround__Mastering_and_Encoding/Dither_versus_Truncation_Noise_Floor.png
DAPR-3340--Spatial_Audio_I/Images/surround-mastering-and-encoding/surround-mastering-and-encoding-exercise-music-01.png	DAPR-3340--Spatial_Audio_I/Surround__Mastering_and_Encoding/Exercise_Music.png
DAPR-3340--Spatial_Audio_I/Images/surround-mastering-and-encoding/surround-mastering-and-encoding-exercise-music-02.jpg	DAPR-3340--Spatial_Audio_I/Surround__Mastering_and_Encoding/Mastering_Chain_and_Print_Track_Strips.jpg
DAPR-3340--Spatial_Audio_I/Images/surround-mastering-and-encoding/surround-mastering-and-encoding-exercise-music-03.jpg	DAPR-3340--Spatial_Audio_I/Surround__Mastering_and_Encoding/Finder_Folder_of_Split_Master_Files.jpg
DAPR-3340--Spatial_Audio_I/Images/surround-mastering-and-encoding/surround-mastering-and-encoding-exercise-music-04.jpg	DAPR-3340--Spatial_Audio_I/Surround__Mastering_and_Encoding/Channel_File_Assignment_for_Encoding.jpg
DAPR-3340--Spatial_Audio_I/Images/surround-mastering-and-encoding/surround-mastering-and-encoding-exercise-music-05.jpg	DAPR-3340--Spatial_Audio_I/Surround__Mastering_and_Encoding/Dolby_Digital_Encoding_Preset_Window.jpg
DAPR-3340--Spatial_Audio_I/Images/surround-mastering-and-encoding/surround-mastering-and-encoding-exercise-post-01.png	DAPR-3340--Spatial_Audio_I/Surround__Mastering_and_Encoding/Pro_Limiter_Plugin_Window.png
DAPR-3340--Spatial_Audio_I/Images/surround-mastering-and-encoding/surround-mastering-and-encoding-exercise-post-02.png	DAPR-3340--Spatial_Audio_I/Surround__Mastering_and_Encoding/EQ_Low_Pass_Filter_On_Sub.png
DAPR-3340--Spatial_Audio_I/Images/surround-mastering-and-encoding/surround-mastering-and-encoding-exercise-post-03.png	DAPR-3340--Spatial_Audio_I/Surround__Mastering_and_Encoding/Limiter_Plugin_With_Loudness_Readouts.png
DAPR-3340--Spatial_Audio_I/Images/surround-mastering-and-encoding/surround-mastering-and-encoding-exercise-post-04.png	DAPR-3340--Spatial_Audio_I/Surround__Mastering_and_Encoding/Multichannel_Stem_File_List.png
DAPR-3340--Spatial_Audio_I/Images/surround-mastering-and-encoding/surround-mastering-and-encoding-exercise-post-05.png	DAPR-3340--Spatial_Audio_I/Surround__Mastering_and_Encoding/Channel_File_Slot_Assignment_Dialog.png
DAPR-3340--Spatial_Audio_I/Images/surround-mastering-and-encoding/surround-mastering-and-encoding-exercise-post-06.png	DAPR-3340--Spatial_Audio_I/Surround__Mastering_and_Encoding/Compressor_Batch_With_Dolby_Digital_Preset.png
DAPR-3340--Spatial_Audio_I/Images/surround-mastering-and-encoding/surround-mastering-and-encoding-limiter-ceiling-and-intersample-01.png	DAPR-3340--Spatial_Audio_I/Surround__Mastering_and_Encoding/Limiter_Ceiling_and_Intersample.png
DAPR-3340--Spatial_Audio_I/Images/surround-mastering-and-encoding/surround-mastering-and-encoding-mastering-signal-chain-01.png	DAPR-3340--Spatial_Audio_I/Surround__Mastering_and_Encoding/Mastering_Signal_Chain.png
DAPR-3340--Spatial_Audio_I/Images/surround-mastering-and-encoding/surround-mastering-and-encoding-mixing-versus-mastering-01.png	DAPR-3340--Spatial_Audio_I/Surround__Mastering_and_Encoding/Mixing_versus_Mastering.png
DAPR-3340--Spatial_Audio_I/Images/surround-mastering-and-encoding/surround-mastering-and-encoding-multiband-crossover-bands-01.png	DAPR-3340--Spatial_Audio_I/Surround__Mastering_and_Encoding/Multiband_Crossover_Bands.png
DAPR-3340--Spatial_Audio_I/Images/surround-mastering-and-encoding/surround-mastering-and-encoding-pt-io-setup-dolby-atmos-tab-01.png	DAPR-3340--Spatial_Audio_I/Surround__Mastering_and_Encoding/Pt_IO_Setup_Dolby_Atmos_Tab.png
DAPR-3340--Spatial_Audio_I/Images/surround-mastering-and-encoding/surround-mastering-and-encoding-pt-io-setup-output-atmos-objects-01.png	DAPR-3340--Spatial_Audio_I/Surround__Mastering_and_Encoding/Pt_IO_Setup_Output_Atmos_Objects.png
DAPR-3340--Spatial_Audio_I/Images/surround-mastering-and-encoding/surround-mastering-and-encoding-surround-delivery-formats-01.png	DAPR-3340--Spatial_Audio_I/Surround__Mastering_and_Encoding/Surround_Delivery_Formats.png
DAPR-3340--Spatial_Audio_I/Images/surround-mastering-and-encoding/surround-mastering-plugins-01.jpg	DAPR-3340--Spatial_Audio_I/Surround__Mastering_and_Encoding/Mastering_Suite_With_EQ_Curve.jpg
DAPR-3340--Spatial_Audio_I/Images/surround-mastering-and-encoding/surround-mastering-plugins-02.jpg	DAPR-3340--Spatial_Audio_I/Surround__Mastering_and_Encoding/Surround_Limiter_Plugin_Window.jpg
DAPR-3340--Spatial_Audio_I/Images/surround-mastering-and-encoding/surround-mastering-plugins-03.jpg	DAPR-3340--Spatial_Audio_I/Surround__Mastering_and_Encoding/Down_Mixer_Plugin_Window.jpg
DAPR-3340--Spatial_Audio_I/Images/surround-mastering-and-encoding/surround-mastering-plugins-04.jpg	DAPR-3340--Spatial_Audio_I/Surround__Mastering_and_Encoding/Waves_Surround_Mixdown_Plugin_Window.jpg
DAPR-3340--Spatial_Audio_I/Images/surround-mastering-and-encoding/surround-mastering-plugins-05.png	DAPR-3340--Spatial_Audio_I/Surround__Mastering_and_Encoding/Upmix_Plugin_Polar_Display.png
DAPR-3340--Spatial_Audio_I/Images/surround-mastering-and-encoding/surround-mastering-plugins-06.png	DAPR-3340--Spatial_Audio_I/Surround__Mastering_and_Encoding/Upmix_Plugin_Channel_Meters.png
DAPR-3340--Spatial_Audio_I/Images/surround-mastering-and-encoding/surround-metering-plugins-01.png	DAPR-3340--Spatial_Audio_I/Surround__Mastering_and_Encoding/Surround_Metering_Plugins.png
DAPR-3340--Spatial_Audio_I/Images/surround-mixing/advanced-mixing-concepts-01.jpg	DAPR-3340--Spatial_Audio_I/Surround__Mixing/Wide_Mixer_View_With_Highlighted_Strips.jpg
DAPR-3340--Spatial_Audio_I/Images/surround-mixing/advanced-mixing-concepts-02.jpg	DAPR-3340--Spatial_Audio_I/Surround__Mixing/Send_Assignment_Context_Menu_On_Strip.jpg
DAPR-3340--Spatial_Audio_I/Images/surround-mixing/advanced-mixing-concepts-03.jpg	DAPR-3340--Spatial_Audio_I/Surround__Mixing/Track_Assignment_Context_Menu.jpg
DAPR-3340--Spatial_Audio_I/Images/surround-mixing/advanced-mixing-concepts-04.jpg	DAPR-3340--Spatial_Audio_I/Surround__Mixing/Drum_Mixer_Strips_With_Inserts.jpg
DAPR-3340--Spatial_Audio_I/Images/surround-mixing/automation-01.jpg	DAPR-3340--Spatial_Audio_I/Surround__Mixing/Automation_Breakpoints_over_Colored_Clips.jpg
DAPR-3340--Spatial_Audio_I/Images/surround-mixing/automation-02.jpg	DAPR-3340--Spatial_Audio_I/Surround__Mixing/Automation_Window_with_Write_Enable_Buttons.jpg
DAPR-3340--Spatial_Audio_I/Images/surround-mixing/final-mix-creation-01.jpg	DAPR-3340--Spatial_Audio_I/Surround__Mixing/Post_Production_Mix_Workflow_Chart.jpg
DAPR-3340--Spatial_Audio_I/Images/surround-mixing/final-mix-creation-02.jpg	DAPR-3340--Spatial_Audio_I/Surround__Mixing/Production_Session_Flow_Chart.jpg
DAPR-3340--Spatial_Audio_I/Images/surround-mixing/final-mix-creation-03.jpg	DAPR-3340--Spatial_Audio_I/Surround__Mixing/Export_to_AAF_Options_Dialog.jpg
DAPR-3340--Spatial_Audio_I/Images/surround-mixing/loudness-metering-01.jpg	DAPR-3340--Spatial_Audio_I/Surround__Mixing/Loudness_Metering.jpg
DAPR-3340--Spatial_Audio_I/Images/surround-mixing/multi-channel-panning-01.jpg	DAPR-3340--Spatial_Audio_I/Surround__Mixing/Surround_Panner_Output_Window.jpg
DAPR-3340--Spatial_Audio_I/Images/surround-mixing/multi-channel-panning-02.jpg	DAPR-3340--Spatial_Audio_I/Surround__Mixing/Linked_Dual_Surround_Panner_Grids.jpg
DAPR-3340--Spatial_Audio_I/Images/surround-mixing/output-configuration-01.jpg	DAPR-3340--Spatial_Audio_I/Surround__Mixing/Guitar_and_Piano_Mixer_Strips.jpg
DAPR-3340--Spatial_Audio_I/Images/surround-mixing/output-configuration-02.jpg	DAPR-3340--Spatial_Audio_I/Surround__Mixing/Horn_Track_Strips_on_Shared_Bus.jpg
DAPR-3340--Spatial_Audio_I/Images/surround-mixing/output-configuration-03.jpg	DAPR-3340--Spatial_Audio_I/Surround__Mixing/Wide_Mix_Window_of_Colored_Strips.jpg
DAPR-3340--Spatial_Audio_I/Images/surround-mixing/output-configuration-04.jpg	DAPR-3340--Spatial_Audio_I/Surround__Mixing/Output_Path_Submenu_of_Subpaths.jpg
DAPR-3340--Spatial_Audio_I/Images/surround-mixing/output-configuration-05.jpg	DAPR-3340--Spatial_Audio_I/Surround__Mixing/Decca_Tree_Microphone_Channel_Strips.jpg
DAPR-3340--Spatial_Audio_I/Images/surround-mixing/output-configuration-06.jpg	DAPR-3340--Spatial_Audio_I/Surround__Mixing/Output_Path_Menu_With_Studio_Main.jpg
DAPR-3340--Spatial_Audio_I/Images/surround-mixing/output-configuration-07.jpg	DAPR-3340--Spatial_Audio_I/Surround__Mixing/Output_Window_With_Highlighted_LFE_Fader.jpg
DAPR-3340--Spatial_Audio_I/Images/surround-mixing/surround-mixing-color-coded-input-output-and-bus-paths-01.png	DAPR-3340--Spatial_Audio_I/Surround__Mixing/Color_Coded_Input_Output_and_Bus_Paths.png
DAPR-3340--Spatial_Audio_I/Images/surround-mixing/surround-mixing-divergence-front-rear-link-01.png	DAPR-3340--Spatial_Audio_I/Surround__Mixing/Divergence_Front_Rear_Link.png
DAPR-3340--Spatial_Audio_I/Images/surround-mixing/surround-mixing-exercise-music-01.png	DAPR-3340--Spatial_Audio_I/Surround__Mixing/Bus_Tab_Listing_Surround_Busses.png
DAPR-3340--Spatial_Audio_I/Images/surround-mixing/surround-mixing-exercise-music-02.png	DAPR-3340--Spatial_Audio_I/Surround__Mixing/Submix_Strips_Feeding_Main_Mix.png
DAPR-3340--Spatial_Audio_I/Images/surround-mixing/surround-mixing-exercise-music-03.png	DAPR-3340--Spatial_Audio_I/Surround__Mixing/String_Section_Strips_Routed_to_Submix.png
DAPR-3340--Spatial_Audio_I/Images/surround-mixing/surround-mixing-exercise-music-04.png	DAPR-3340--Spatial_Audio_I/Surround__Mixing/Create_Group_Dialog_for_Drum_Tracks.png
DAPR-3340--Spatial_Audio_I/Images/surround-mixing/surround-mixing-exercise-music-05.png	DAPR-3340--Spatial_Audio_I/Surround__Mixing/Drum_Strips_With_VCA_Master.png
DAPR-3340--Spatial_Audio_I/Images/surround-mixing/surround-mixing-exercise-music-06.png	DAPR-3340--Spatial_Audio_I/Surround__Mixing/Compressor_Limiter_Over_Drum_Strips.png
DAPR-3340--Spatial_Audio_I/Images/surround-mixing/surround-mixing-exercise-music-07.jpg	DAPR-3340--Spatial_Audio_I/Surround__Mixing/Exercise_Music.jpg
DAPR-3340--Spatial_Audio_I/Images/surround-mixing/surround-mixing-exercise-music-08.png	DAPR-3340--Spatial_Audio_I/Surround__Mixing/Export_Selected_Dialog_High_Sample_Rate.png
DAPR-3340--Spatial_Audio_I/Images/surround-mixing/surround-mixing-exercise-post-01.png	DAPR-3340--Spatial_Audio_I/Surround__Mixing/Bus_Paths_Mapped_to_Surround_Monitors.png
DAPR-3340--Spatial_Audio_I/Images/surround-mixing/surround-mixing-exercise-post-02.png	DAPR-3340--Spatial_Audio_I/Surround__Mixing/Stem_and_Submix_Channel_Strips.png
DAPR-3340--Spatial_Audio_I/Images/surround-mixing/surround-mixing-exercise-post-03.png	DAPR-3340--Spatial_Audio_I/Surround__Mixing/Reverb_Auxiliary_and_Object_Strips.png
DAPR-3340--Spatial_Audio_I/Images/surround-mixing/surround-mixing-exercise-post-04.png	DAPR-3340--Spatial_Audio_I/Surround__Mixing/Dialogue_and_Background_Stem_Strips.png
DAPR-3340--Spatial_Audio_I/Images/surround-mixing/surround-mixing-exercise-post-05.png	DAPR-3340--Spatial_Audio_I/Surround__Mixing/Create_Group_Dialog_for_Dialog_Tracks.png
DAPR-3340--Spatial_Audio_I/Images/surround-mixing/surround-mixing-exercise-post-06.png	DAPR-3340--Spatial_Audio_I/Surround__Mixing/Dialog_Strips_Under_VCA_Master.png
DAPR-3340--Spatial_Audio_I/Images/surround-mixing/surround-mixing-exercise-post-07.png	DAPR-3340--Spatial_Audio_I/Surround__Mixing/Surround_Panner_and_Automation_Ramp.png
DAPR-3340--Spatial_Audio_I/Images/surround-mixing/surround-mixing-exercise-post-08.png	DAPR-3340--Spatial_Audio_I/Surround__Mixing/Export_Selected_Dialog_Video_Sample_Rate.png
DAPR-3340--Spatial_Audio_I/Images/surround-mixing/surround-mixing-io-setup-path-color-selector-01.png	DAPR-3340--Spatial_Audio_I/Surround__Mixing/IO_Setup_Path_Color_Selector.png
DAPR-3340--Spatial_Audio_I/Images/surround-mixing/surround-mixing-loudness-integrated-shortterm-truepeak-01.png	DAPR-3340--Spatial_Audio_I/Surround__Mixing/Loudness_Integrated_Shortterm_Truepeak.png
DAPR-3340--Spatial_Audio_I/Images/surround-mixing/surround-mixing-pt-mix-window-atmos-bed-objects-01.png	DAPR-3340--Spatial_Audio_I/Surround__Mixing/Pt_Mix_Window_Atmos_Bed_Objects.png
DAPR-3340--Spatial_Audio_I/Images/surround-mixing/surround-mixing-pt-surround-panner-annotated-01.png	DAPR-3340--Spatial_Audio_I/Surround__Mixing/Pt_Surround_Panner_Annotated.png
DAPR-3340--Spatial_Audio_I/Images/surround-mixing/surround-mixing-pt-surround-panner-mode-menu-01.png	DAPR-3340--Spatial_Audio_I/Surround__Mixing/Pt_Surround_Panner_Mode_Menu.png
DAPR-3340--Spatial_Audio_I/Images/surround-mixing/surround-mixing-static-versus-dynamic-automation-01.png	DAPR-3340--Spatial_Audio_I/Surround__Mixing/Static_versus_Dynamic_Automation.png
DAPR-3340--Spatial_Audio_I/Images/surround-mixing/surround-mixing-surround-mix-workflow-01.png	DAPR-3340--Spatial_Audio_I/Surround__Mixing/Surround_Mix_Workflow.png
DAPR-3340--Spatial_Audio_I/Images/surround-mixing/surround-mixing-surround-panner-window-01.png	DAPR-3340--Spatial_Audio_I/Surround__Mixing/Surround_Panner_Window.png
DAPR-3340--Spatial_Audio_I/Images/surround-mixing/surround-mixing-surround-session-routing-01.png	DAPR-3340--Spatial_Audio_I/Surround__Mixing/Surround_Session_Routing.png
DAPR-3340--Spatial_Audio_I/Images/surround-mixing/surround-plug-ins-01.jpg	DAPR-3340--Spatial_Audio_I/Surround__Mixing/Two_Lindell_Channel_Strip_Windows.jpg
DAPR-3340--Spatial_Audio_I/Images/surround-mixing/surround-plug-ins-02.jpg	DAPR-3340--Spatial_Audio_I/Surround__Mixing/Plugin_Channel_Selection_Dropdown.jpg
DAPR-3340--Spatial_Audio_I/Images/surround-mixing/surround-plug-ins-03.png	DAPR-3340--Spatial_Audio_I/Surround__Mixing/Surround_Plug_Ins.png
DAPR-3340--Spatial_Audio_I/Images/surround-monitoring/consumer-listening-environment-01.jpeg	DAPR-3340--Spatial_Audio_I/Surround__Monitoring/Consumer_Listening_Environment.jpg
DAPR-3340--Spatial_Audio_I/Images/surround-monitoring/consumer-listening-environment-02.png	DAPR-3340--Spatial_Audio_I/Surround__Monitoring/Consumer_Listening_Environment.png
DAPR-3340--Spatial_Audio_I/Images/surround-monitoring/professional-mixing-environment-01.jpeg	DAPR-3340--Spatial_Audio_I/Surround__Monitoring/Professional_Mixing_Environment.jpg
DAPR-3340--Spatial_Audio_I/Images/surround-monitoring/professional-mixing-environment-02.png	DAPR-3340--Spatial_Audio_I/Surround__Monitoring/Professional_Mixing_Environment.png
DAPR-3340--Spatial_Audio_I/Images/surround-monitoring/room-design-and-acoustics-01.jpeg	DAPR-3340--Spatial_Audio_I/Surround__Monitoring/Studio_Live_Room_Photo.jpg
DAPR-3340--Spatial_Audio_I/Images/surround-monitoring/room-design-and-acoustics-02.png	DAPR-3340--Spatial_Audio_I/Surround__Monitoring/Room_Design_and_Acoustics.png
DAPR-3340--Spatial_Audio_I/Images/surround-monitoring/room-design-and-acoustics-03.jpeg	DAPR-3340--Spatial_Audio_I/Surround__Monitoring/Room_Correction_EQ_Curve_Display.jpg
DAPR-3340--Spatial_Audio_I/Images/surround-monitoring/speaker-placement-01.jpeg	DAPR-3340--Spatial_Audio_I/Surround__Monitoring/Speaker_Placement.jpg
DAPR-3340--Spatial_Audio_I/Images/surround-monitoring/surround-monitoring-bass-management-signal-path-01.png	DAPR-3340--Spatial_Audio_I/Surround__Monitoring/Bass_Management_Signal_Path.png
DAPR-3340--Spatial_Audio_I/Images/surround-monitoring/surround-monitoring-calibration-order-of-operations-01.png	DAPR-3340--Spatial_Audio_I/Surround__Monitoring/Calibration_Order_of_Operations.png
DAPR-3340--Spatial_Audio_I/Images/surround-monitoring/surround-monitoring-consumer-room-compromises-01.png	DAPR-3340--Spatial_Audio_I/Surround__Monitoring/Consumer_Room_Compromises.png
DAPR-3340--Spatial_Audio_I/Images/surround-monitoring/surround-monitoring-exercise-01.png	DAPR-3340--Spatial_Audio_I/Surround__Monitoring/New_Tracks_Dialog_for_Pink_Noise.png
DAPR-3340--Spatial_Audio_I/Images/surround-monitoring/surround-monitoring-exercise-02.png	DAPR-3340--Spatial_Audio_I/Surround__Monitoring/Signal_Generator_Set_to_Pink_Noise.png
DAPR-3340--Spatial_Audio_I/Images/surround-monitoring/surround-monitoring-exercise-03.png	DAPR-3340--Spatial_Audio_I/Surround__Monitoring/Pink_Noise_Test_Channel_Strip.png
DAPR-3340--Spatial_Audio_I/Images/surround-monitoring/surround-monitoring-monitoring-environments-comparison-01.png	DAPR-3340--Spatial_Audio_I/Surround__Monitoring/Monitoring_Environments_Comparison.png
DAPR-3340--Spatial_Audio_I/Images/surround-monitoring/surround-monitoring-placement-height-distance-toe-in-01.png	DAPR-3340--Spatial_Audio_I/Surround__Monitoring/Placement_Height_Distance_Toe_in.png
DAPR-3340--Spatial_Audio_I/Images/surround-monitoring/surround-monitoring-pt-51-format-channel-assignments-01.png	DAPR-3340--Spatial_Audio_I/Surround__Monitoring/Pt_51_Format_Channel_Assignments.png
DAPR-3340--Spatial_Audio_I/Images/surround-monitoring/surround-monitoring-pt-mix-window-51-surround-routing-01.png	DAPR-3340--Spatial_Audio_I/Surround__Monitoring/Pt_Mix_Window_51_Surround_Routing.png
DAPR-3340--Spatial_Audio_I/Images/surround-monitoring/surround-monitoring-theatrical-versus-home-scale-01.png	DAPR-3340--Spatial_Audio_I/Surround__Monitoring/Theatrical_versus_Home_Scale.png
DAPR-3340--Spatial_Audio_I/Images/surround-monitoring/system-calibration-01.png	DAPR-3340--Spatial_Audio_I/Surround__Monitoring/System_Calibration.png
DAPR-3340--Spatial_Audio_I/Images/surround-monitoring/theatrical-listening-environment-01.jpeg	DAPR-3340--Spatial_Audio_I/Surround__Monitoring/Theatrical_Listening_Environment.jpg
DAPR-3340--Spatial_Audio_I/Images/surround-recording/introduction-to-surround-recording-01.png	DAPR-3340--Spatial_Audio_I/Surround__Recording/Introduction_to_Surround_Recording.png
DAPR-3340--Spatial_Audio_I/Images/surround-recording/surround-recording-exercise-01.jpg	DAPR-3340--Spatial_Audio_I/Surround__Recording/Input_Setup_Channel_Mapping_Matrix.jpg
DAPR-3340--Spatial_Audio_I/Images/surround-recording/surround-recording-exercise-02.jpg	DAPR-3340--Spatial_Audio_I/Surround__Recording/Output_Tab_of_Thunderbolt_Interface_Paths.jpg
DAPR-3340--Spatial_Audio_I/Images/surround-recording/surround-recording-exercise-03.jpg	DAPR-3340--Spatial_Audio_I/Surround__Recording/New_Paths_Dialog_for_Surround_Output.jpg
DAPR-3340--Spatial_Audio_I/Images/surround-recording/surround-recording-exercise-04.jpg	DAPR-3340--Spatial_Audio_I/Surround__Recording/Output_Path_Routing_Matrix.jpg
DAPR-3340--Spatial_Audio_I/Images/surround-recording/surround-recording-exercise-05.png	DAPR-3340--Spatial_Audio_I/Surround__Recording/Session_Monitor_Path_Settings.png
DAPR-3340--Spatial_Audio_I/Images/surround-recording/surround-recording-exercise-06.jpg	DAPR-3340--Spatial_Audio_I/Surround__Recording/New_Paths_Dialog_for_Surround_Busses.jpg
DAPR-3340--Spatial_Audio_I/Images/surround-recording/surround-recording-exercise-07.jpg	DAPR-3340--Spatial_Audio_I/Surround__Recording/New_Tracks_Dialog_Creating_Mono_Tracks.jpg
DAPR-3340--Spatial_Audio_I/Images/surround-recording/surround-recording-exercise-08.jpg	DAPR-3340--Spatial_Audio_I/Surround__Recording/Surround_Output_Assignment_Menu.jpg
DAPR-3340--Spatial_Audio_I/Images/surround-recording/surround-recording-exercise-09.jpg	DAPR-3340--Spatial_Audio_I/Surround__Recording/Mic_Input_Strips_With_Channel_Labels.jpg
DAPR-3340--Spatial_Audio_I/Images/surround-recording/surround-recording-exercise-10.png	DAPR-3340--Spatial_Audio_I/Surround__Recording/New_Tracks_Dialog_for_Surround_Track.png
DAPR-3340--Spatial_Audio_I/Images/surround-recording/surround-recording-fukada-tree-01.png	DAPR-3340--Spatial_Audio_I/Surround__Recording/Fukada_Tree.png
DAPR-3340--Spatial_Audio_I/Images/surround-recording/surround-recording-hamasaki-square-01.png	DAPR-3340--Spatial_Audio_I/Surround__Recording/Hamasaki_Square.png
DAPR-3340--Spatial_Audio_I/Images/surround-recording/surround-recording-irt-cross-01.png	DAPR-3340--Spatial_Audio_I/Surround__Recording/Irt_Cross.png
DAPR-3340--Spatial_Audio_I/Images/surround-recording/surround-recording-location-monitoring-chain-01.png	DAPR-3340--Spatial_Audio_I/Surround__Recording/Location_Monitoring_Chain.png
DAPR-3340--Spatial_Audio_I/Images/surround-recording/surround-recording-modified-decca-tree-01.png	DAPR-3340--Spatial_Audio_I/Surround__Recording/Modified_Decca_Tree.png
DAPR-3340--Spatial_Audio_I/Images/surround-recording/surround-recording-pt-surround-panner-plugin-01.png	DAPR-3340--Spatial_Audio_I/Surround__Recording/Pt_Surround_Panner_Plugin.png
DAPR-3340--Spatial_Audio_I/Images/surround-recording/surround-recording-surround-array-geometry-01.png	DAPR-3340--Spatial_Audio_I/Surround__Recording/Surround_Array_Geometry.png
DAPR-3340--Spatial_Audio_I/Images/surround-recording/surround-recording-wide-cardioid-01.png	DAPR-3340--Spatial_Audio_I/Surround__Recording/Wide_Cardioid.png
DAPR-3340--Spatial_Audio_I/Images/surround-recording/using-standard-microphones-01.png	DAPR-3340--Spatial_Audio_I/Surround__Recording/Microphone_Spacing_Distance_Diagram.png
DAPR-3340--Spatial_Audio_I/Images/surround-recording/using-standard-microphones-03.png	DAPR-3340--Spatial_Audio_I/Surround__Recording/Cardioid_Pattern_Array_Layout.png
DAPR-3340--Spatial_Audio_I/Images/surround-recording/using-standard-microphones-05.png	DAPR-3340--Spatial_Audio_I/Surround__Recording/Spaced_Cardioid_Array_Spacing_Diagram.png
DAPR-3340--Spatial_Audio_I/Images/surround-recording/using-standard-microphones-06.png	DAPR-3340--Spatial_Audio_I/Surround__Recording/Five_Microphone_Surround_Array_Diagram.png
DAPR-3340--Spatial_Audio_I/Images/surround-recording/using-standard-microphones-08.png	DAPR-3340--Spatial_Audio_I/Surround__Recording/Surround_Microphone_Array_With_Angles.png
DAPR-3340--Spatial_Audio_I/Images/surround-recording/using-standard-microphones-10.png	DAPR-3340--Spatial_Audio_I/Surround__Recording/Microphone_Spacing_Diagram_With_Measurements.png
DAPR-3340--Spatial_Audio_I/Images/surround-recording/using-standard-microphones-11.png	DAPR-3340--Spatial_Audio_I/Surround__Recording/Facing_Bidirectional_Polar_Pattern_Diagram.png
DAPR-3340--Spatial_Audio_I/Images/surround-recording/using-standard-microphones-12.jpg	DAPR-3340--Spatial_Audio_I/Surround__Recording/Using_Standard_Microphones.jpg
DAPR-3340--Spatial_Audio_I/Images/surround-recording/using-standard-microphones-13.png	DAPR-3340--Spatial_Audio_I/Surround__Recording/Three_Cardioid_Front_Array_Diagram.png
DAPR-3340--Spatial_Audio_I/Images/surround-recording/using-standard-microphones-14.png	DAPR-3340--Spatial_Audio_I/Surround__Recording/Cardioid_Array_With_Labeled_Distances.png
DAPR-3340--Spatial_Audio_I/Images/surround-recording/using-surround-microphones-01.jpeg	DAPR-3340--Spatial_Audio_I/Surround__Recording/Rounded_Mesh_Covered_Microphone_Housing.jpg
DAPR-3340--Spatial_Audio_I/Images/surround-recording/using-surround-microphones-02.jpeg	DAPR-3340--Spatial_Audio_I/Surround__Recording/Ambisonic_Microphone_With_Capsules_Exposed.jpg
DAPR-3340--Spatial_Audio_I/Images/surround-recording/using-surround-microphones-03.gif	DAPR-3340--Spatial_Audio_I/Surround__Recording/Using_Surround_Microphones.gif
DAPR-3340--Spatial_Audio_I/Images/wiki-banners/boaa-lab-welcome-banner.png	DAPR-3340--Spatial_Audio_I/BOAA_Lab/Boaa_Lab_Welcome_Banner.png
DAPR-3345--Spatial_Audio_II/Images/asset-pipeline/asset-pipeline-team-room-banner.jpg	DAPR-3345--Spatial_Audio_II/Asset_Pipeline/Team_Room_Banner.jpg
DAPR-3345--Spatial_Audio_II/Images/dolby-certification/dolby-certification-atmos-room-banner-01.jpg	DAPR-3345--Spatial_Audio_II/Dolby_Certification/Atmos_Room_Banner.jpg
DAPR-3345--Spatial_Audio_II/Images/final-project/final-project-playable-build-banner-01.jpg	DAPR-3345--Spatial_Audio_II/Final_Project/Player_at_Monitor_in_Dark_Room.jpg
DAPR-3345--Spatial_Audio_II/Images/final-project/final-project-playable-build-banner-02.jpg	DAPR-3345--Spatial_Audio_II/Final_Project/Player_at_Monitor_in_Lamplit_Room.jpg
DAPR-3345--Spatial_Audio_II/Images/final-project/final-project-study-guide-banner.jpg	DAPR-3345--Spatial_Audio_II/Final_Project/Study_Guide_Banner.jpg
DAPR-3345--Spatial_Audio_II/Images/fmod/fmod-implementation-desk-banner.jpg	DAPR-3345--Spatial_Audio_II/FMOD/Implementation_Desk_Banner.jpg
DAPR-3345--Spatial_Audio_II/Images/implementation/implementation-emitter-trigger-zone.jpg	DAPR-3345--Spatial_Audio_II/Implementation/Emitter_Trigger_Zone.jpg
DAPR-3345--Spatial_Audio_II/Images/implementation/implementation-listener-placement.jpg	DAPR-3345--Spatial_Audio_II/Implementation/Listener_Placement.jpg
DAPR-3345--Spatial_Audio_II/Images/interactive-audio/interactive-audio-cone-of-confusion.jpg	DAPR-3345--Spatial_Audio_II/Interactive_Audio/Cone_of_Confusion.jpg
DAPR-3345--Spatial_Audio_II/Images/interactive-audio/interactive-audio-distance-minimum-and-maximum.jpg	DAPR-3345--Spatial_Audio_II/Interactive_Audio/Distance_Minimum_and_Maximum.jpg
DAPR-3345--Spatial_Audio_II/Images/interactive-audio/interactive-audio-linear-versus-branching.jpg	DAPR-3345--Spatial_Audio_II/Interactive_Audio/Linear_versus_Branching.jpg
DAPR-3345--Spatial_Audio_II/Images/interactive-audio/interactive-audio-obstruction-versus-occlusion.jpg	DAPR-3345--Spatial_Audio_II/Interactive_Audio/Obstruction_versus_Occlusion.jpg
DAPR-3345--Spatial_Audio_II/Images/interactive-audio/interactive-audio-rooms-and-portals.jpg	DAPR-3345--Spatial_Audio_II/Interactive_Audio/Rooms_and_Portals.jpg
DAPR-3345--Spatial_Audio_II/Images/interactive-audio/interactive-audio-signal-chain-handoff.jpg	DAPR-3345--Spatial_Audio_II/Interactive_Audio/Signal_Chain_Handoff.jpg
DAPR-3345--Spatial_Audio_II/Images/interactive-audio/interactive-audio-workstation-banner.jpg	DAPR-3345--Spatial_Audio_II/Interactive_Audio/Workstation_Banner.jpg
DAPR-3345--Spatial_Audio_II/Images/interactive-mix/interactive-mix-controller-position-banner.jpg	DAPR-3345--Spatial_Audio_II/Interactive_Mix/Controller_Position_Banner.jpg
DAPR-3345--Spatial_Audio_II/Images/spatial-recording/spatial-recording-concert-hall-rig-banner-01.jpg	DAPR-3345--Spatial_Audio_II/Spatial_Recording/Frontal_Stage_View_with_Microphone_Tree.jpg
DAPR-3345--Spatial_Audio_II/Images/spatial-recording/spatial-recording-concert-hall-rig-banner-02.jpg	DAPR-3345--Spatial_Audio_II/Spatial_Recording/Angled_Stage_View_with_Boom_Array.jpg
DAPR-3345--Spatial_Audio_II/Images/variation/variation-layered-recombination.jpg	DAPR-3345--Spatial_Audio_II/Variation/Layered_Recombination.jpg
DAPR-3345--Spatial_Audio_II/Images/variation/variation-randomization-dimensions-banner-01.jpg	DAPR-3345--Spatial_Audio_II/Variation/Randomization_Dimensions_Banner.jpg
DAPR-3345--Spatial_Audio_II/Images/voice-budget/voice-budget-crowded-scene-banner.jpg	DAPR-3345--Spatial_Audio_II/Voice_Budget/Crowded_Scene_Banner.jpg
DAPR-3345--Spatial_Audio_II/Images/voice-budget/voice-budget-virtual-voices.jpg	DAPR-3345--Spatial_Audio_II/Voice_Budget/Virtual_Voices.jpg