id,path,nused,usedpaths
0,All/Bonus__Assignments/5-Pin_DIN_Female_to_Female_MIDI_Barrel.png,1,All/Bonus__Assignments/5-Pin_DIN_Female_to_Female_MIDI_Barrel.png
1,All/Bonus__Assignments/MIDI_to_XLR_Pinout.png,1,All/Bonus__Assignments/MIDI_to_XLR_Pinout.png
2,All/Bonus__Assignments/MIDI_to_XLR_Pinout_Cable_Test.jpg,1,All/Bonus__Assignments/MIDI_to_XLR_Pinout_Cable_Test.jpg
3,All/Bonus__Assignments/SRI_Survey_Window.png,1,All/Bonus__Assignments/SRI_Survey_Window.png
4,All/Bonus__Assignments/Talkback_Box_-_Empty.png,1,All/Bonus__Assignments/Talkback_Box_-_Empty.png
5,All/Bonus__Assignments/Talkback_Box_-_Wiring.png,1,All/Bonus__Assignments/Talkback_Box_-_Wiring.png
6,All/CS_623a_BOAA_Lab/Annotated_Audio_Interface_Front_Panel.png,1,All/CS_623a_BOAA_Lab/Annotated_Audio_Interface_Front_Panel.png
7,All/CS_623a_BOAA_Lab/Avid_Diagnostic_Data_Consent_Prompt.png,1,All/CS_623a_BOAA_Lab/Avid_Diagnostic_Data_Consent_Prompt.png
8,All/CS_623a_BOAA_Lab/BOAA_Input_Signal_Path.png,1,All/CS_623a_BOAA_Lab/BOAA_Input_Signal_Path.png
9,All/CS_623a_BOAA_Lab/Boaa_Lab_Welcome_Banner.png,0,
10,All/CS_623a_BOAA_Lab/Dashboard_Interleaved_Option_Tooltip.png,1,All/CS_623a_BOAA_Lab/Dashboard_Interleaved_Option_Tooltip.png
11,All/CS_623a_BOAA_Lab/Dashboard_New_Session_Configuration_Panel.png,1,All/CS_623a_BOAA_Lab/Dashboard_New_Session_Configuration_Panel.png
12,All/CS_623a_BOAA_Lab/Dashboard_New_Session_Location_Menu.png,1,All/CS_623a_BOAA_Lab/Dashboard_New_Session_Location_Menu.png
13,All/CS_623a_BOAA_Lab/Dolby_Atmos_Template_List_Expanded.png,1,All/CS_623a_BOAA_Lab/Dolby_Atmos_Template_List_Expanded.png
14,All/CS_623a_BOAA_Lab/Empty_Desktop_Finder_Window.png,1,All/CS_623a_BOAA_Lab/Empty_Desktop_Finder_Window.png
15,All/CS_623a_BOAA_Lab/Empty_Edit_Window_Single_Track.png,1,All/CS_623a_BOAA_Lab/Empty_Edit_Window_Single_Track.png
16,All/CS_623a_BOAA_Lab/Finder_Menu_Settings_Highlighted.png,1,All/CS_623a_BOAA_Lab/Finder_Menu_Settings_Highlighted.png
17,All/CS_623a_BOAA_Lab/Finder_Settings_General_Pane.png,1,All/CS_623a_BOAA_Lab/Finder_Settings_General_Pane.png
18,All/CS_623a_BOAA_Lab/Finder_Settings_General_Pane_Open.png,1,All/CS_623a_BOAA_Lab/Finder_Settings_General_Pane_Open.png
19,All/CS_623a_BOAA_Lab/Finder_Settings_Sidebar_Preferences.png,1,All/CS_623a_BOAA_Lab/Finder_Settings_Sidebar_Preferences.png
20,All/CS_623a_BOAA_Lab/Finder_Step_1.jpg,0,
21,All/CS_623a_BOAA_Lab/Finder_Step_10.jpg,0,
22,All/CS_623a_BOAA_Lab/Finder_Step_11.jpg,0,
23,All/CS_623a_BOAA_Lab/Finder_Step_12.jpg,0,
24,All/CS_623a_BOAA_Lab/Finder_Step_2.jpg,0,
25,All/CS_623a_BOAA_Lab/Finder_Step_3.jpg,0,
26,All/CS_623a_BOAA_Lab/Finder_Step_4.jpg,0,
27,All/CS_623a_BOAA_Lab/Finder_Step_5.jpg,0,
28,All/CS_623a_BOAA_Lab/Finder_Step_8.jpg,0,
29,All/CS_623a_BOAA_Lab/Finder_Step_9.jpg,0,
30,All/CS_623a_BOAA_Lab/Finder_Window_Showing_New_Folder.png,1,All/CS_623a_BOAA_Lab/Finder_Window_Showing_New_Folder.png
31,All/CS_623a_BOAA_Lab/Finder_Window_With_Session_Template_File.png,1,All/CS_623a_BOAA_Lab/Finder_Window_With_Session_Template_File.png
32,All/CS_623a_BOAA_Lab/Interface_and_Headphone_Amp_Routing_Diagram.png,1,All/CS_623a_BOAA_Lab/Interface_and_Headphone_Amp_Routing_Diagram.png
33,All/CS_623a_BOAA_Lab/Local_Network_Permission_Dialog.png,1,All/CS_623a_BOAA_Lab/Local_Network_Permission_Dialog.png
34,All/CS_623a_BOAA_Lab/Mac_Desktop_With_Dock_and_Notification.png,1,All/CS_623a_BOAA_Lab/Mac_Desktop_With_Dock_and_Notification.png
35,All/CS_623a_BOAA_Lab/Macintosh_HD_Opened_in_Finder.png,1,All/CS_623a_BOAA_Lab/Macintosh_HD_Opened_in_Finder.png
36,All/CS_623a_BOAA_Lab/Macintosh_HD_Root_Folders_in_Finder.png,1,All/CS_623a_BOAA_Lab/Macintosh_HD_Root_Folders_in_Finder.png
37,All/CS_623a_BOAA_Lab/Microphone_Access_Alert_at_Startup.png,1,All/CS_623a_BOAA_Lab/Microphone_Access_Alert_at_Startup.png
38,All/CS_623a_BOAA_Lab/Microphone_Access_Permission_Dialog.png,1,All/CS_623a_BOAA_Lab/Microphone_Access_Permission_Dialog.png
39,All/CS_623a_BOAA_Lab/New_Session_Dashboard_Settings.png,1,All/CS_623a_BOAA_Lab/New_Session_Dashboard_Settings.png
40,All/CS_623a_BOAA_Lab/Path_Selector_Search_Bus.png,0,
41,All/CS_623a_BOAA_Lab/Peripherals_MIDI_Controllers_Predefined_Menu.png,1,All/CS_623a_BOAA_Lab/Peripherals_MIDI_Controllers_Predefined_Menu.png
42,All/CS_623a_BOAA_Lab/Playback_Engine_Device_List.png,1,All/CS_623a_BOAA_Lab/Playback_Engine_Device_List.png
43,All/CS_623a_BOAA_Lab/Playback_Engine_Set_to_Aggregate_I-O.png,1,All/CS_623a_BOAA_Lab/Playback_Engine_Set_to_Aggregate_I-O.png
44,All/CS_623a_BOAA_Lab/Playback_Engine_Set_to_Volt_Interface.png,1,All/CS_623a_BOAA_Lab/Playback_Engine_Set_to_Volt_Interface.png
45,All/CS_623a_BOAA_Lab/Pro_Tools_Splash_With_Microphone_Alert.png,1,All/CS_623a_BOAA_Lab/Pro_Tools_Splash_With_Microphone_Alert.png
46,All/CS_623a_BOAA_Lab/Prompt_to_Select_Playback_Engine_Device.png,1,All/CS_623a_BOAA_Lab/Prompt_to_Select_Playback_Engine_Device.png
47,All/CS_623a_BOAA_Lab/Room_Layout.png,1,All/CS_623a_BOAA_Lab/Room_Layout.png
48,All/CS_623a_BOAA_Lab/Save_New_Session_As_Dialog.png,1,All/CS_623a_BOAA_Lab/Save_New_Session_As_Dialog.png
49,All/CS_623a_BOAA_Lab/Send_Assign_Menu_Bus_or_Track.png,1,All/CS_623a_BOAA_Lab/Send_Assign_Menu_Bus_or_Track.png
50,All/CS_623a_BOAA_Lab/Session_Dashboard_With_Welcome_Popup.png,1,All/CS_623a_BOAA_Lab/Session_Dashboard_With_Welcome_Popup.png
51,All/CS_623a_BOAA_Lab/Setup_Menu_Open_in_Edit_Window.png,1,All/CS_623a_BOAA_Lab/Setup_Menu_Open_in_Edit_Window.png
52,All/CS_623a_BOAA_Lab/Shared_Folder_With_Lab_Files.png,1,All/CS_623a_BOAA_Lab/Shared_Folder_With_Lab_Files.png
53,All/CS_623a_BOAA_Lab/Shared_Template_File_in_Finder.png,1,All/CS_623a_BOAA_Lab/Shared_Template_File_in_Finder.png
54,All/CS_623a_BOAA_Lab/Step_01_Pro_Tools_Launch.jpg,0,
55,All/CS_623a_BOAA_Lab/Step_01_Setup.jpg,0,
56,All/CS_623a_BOAA_Lab/Step_02_Pro_Tools_Hardware_Select.jpg,0,
57,All/CS_623a_BOAA_Lab/Step_03_Pro_Tools_First_Warning.jpg,0,
58,All/CS_623a_BOAA_Lab/Step_04_Pro_Tools_Mic_Select_OK.jpg,0,
59,All/CS_623a_BOAA_Lab/Step_05_Pro_Tools_Allow.jpg,0,
60,All/CS_623a_BOAA_Lab/Step_06_Pro_Tools_Playback_Engine.jpg,0,
61,All/CS_623a_BOAA_Lab/Step_07_Pro_Tools_Playback_Dialog_Box.jpg,0,
62,All/CS_623a_BOAA_Lab/Step_08_Pro_Tools_Dropdown_Volt_4.jpg,0,
63,All/CS_623a_BOAA_Lab/Step_09_All_Set.jpg,0,
64,All/CS_623a_BOAA_Lab/Step_09_Pro_Tools_Volt_OK.jpg,0,
65,All/CS_623a_BOAA_Lab/Step_10_Pro_Tools_Usage_Click_No.jpg,0,
66,All/CS_623a_BOAA_Lab/Step_11_Pro_Tools_Dashboard.jpg,0,
67,All/CS_623a_BOAA_Lab/Step_12_Pro_Tools_Rename_Session.jpg,0,
68,All/CS_623a_BOAA_Lab/Step_13_Pro_Tools_Storage_Select.jpg,0,
69,All/CS_623a_BOAA_Lab/Step_14_Pro_Tools_Engine_Selections.jpg,0,
70,All/CS_623a_BOAA_Lab/Step_15_Pro_Tools_Template_Selection.jpg,0,
71,All/CS_623a_BOAA_Lab/Step_16_Pro_Tools_Open_Session.jpg,0,
72,All/CS_623a_BOAA_Lab/Step_17_Pro_Tools_Navigate_to_Shared_Documents.jpg,0,
73,All/CS_623a_BOAA_Lab/Step_18_Pro_Tools_Navigate_to_Saved_Template.jpg,0,
74,All/CS_623a_BOAA_Lab/Step_19_Pro_Tools_Save_Session_as.jpg,0,
75,All/CS_623a_BOAA_Lab/Step_20_New_Session.jpg,0,
76,All/CS_623a_BOAA_Lab/Users_Folder_With_Shared_Selected.png,1,All/CS_623a_BOAA_Lab/Users_Folder_With_Shared_Selected.png
77,All/DAPR_Introduce_Yourself/Canvas_Reply_Toolbar.png,1,All/DAPR_Introduce_Yourself/Canvas_Reply_Toolbar.png
78,All/DAPR_Introduce_Yourself/Canvas_Upload_Dialog.png,1,All/DAPR_Introduce_Yourself/Canvas_Upload_Dialog.png
79,All/DAPR_Introduce_Yourself/Example_Headshot.jpg,1,All/DAPR_Introduce_Yourself/Example_Headshot.jpg
80,All/DAPR_Introduce_Yourself/Preview_Adjust_Size.png,1,All/DAPR_Introduce_Yourself/Preview_Adjust_Size.png
81,All/DAPR_Introduce_Yourself/Preview_Export_JPEG.png,1,All/DAPR_Introduce_Yourself/Preview_Export_JPEG.png
82,All/DAPR_Monitor/AKG_K240_Studio.jpg,0,
83,All/DAPR_Monitor/Adam_Audio_T5V.png,0,
84,All/DAPR_Monitor/Audio_Technica_ATH_M50x.png,0,
85,All/DAPR_Monitor/Audio_Technica_ATH_R30x.png,0,
86,All/DAPR_Monitor/Avantone_MixCube.jpg,0,
87,All/DAPR_Monitor/Beyerdynamic_DT_770_Pro.png,0,
88,All/DAPR_Monitor/Beyerdynamic_DT_880_Pro.png,0,
89,All/DAPR_Monitor/Focal_Alpha_65_Evo.jpg,0,
90,All/DAPR_Monitor/Genelec_8010A.jpg,0,
91,All/DAPR_Monitor/JBL_305P_MkII.png,0,
92,All/DAPR_Monitor/KRK_Rokit_5_G4.jpg,0,
93,All/DAPR_Monitor/Neumann_KH_120_II.jpg,0,
94,All/DAPR_Monitor/Philips_SHP9500.png,0,
95,All/DAPR_Monitor/PreSonus_Eris_E3.5.jpg,0,
96,All/DAPR_Monitor/Sennheiser_HD_280_Pro.png,0,
97,All/DAPR_Monitor/Sennheiser_HD_490_Pro.jpg,0,
98,All/DAPR_Monitor/Sennheiser_HD_560S.jpg,0,
99,All/DAPR_Monitor/Shure_SRH840A.jpg,0,
100,All/DAPR_Monitor/Sony_MDR_7506.jpg,0,
101,All/DAPR_Monitor/Yamaha_HS5.jpg,0,
102,All/DAPR_Monitor/Yamaha_HS8.jpg,0,
103,All/DAW_Session_Structure/Color_Palette.jpg,0,
104,All/DAW_Session_Structure/Color_Palette_Numbered.png,0,
105,All/DAW_Session_Structure/Folder_Hierarchy_and_Naming.png,1,All/DAW_Session_Structure/Folder_Hierarchy_and_Naming.png
106,All/DAW_Session_Structure/_unused/Gemini_Generated_Image_m5gb3gm5gb3gm5gb.png,0,
107,All/Pro_Tools_Cleanup/After.jpg,1,All/Pro_Tools_Cleanup/After.jpg
108,All/Pro_Tools_Cleanup/Before.jpg,1,All/Pro_Tools_Cleanup/Before.jpg
109,All/Pro_Tools_Cleanup/Bounce_Mix.jpg,1,All/Pro_Tools_Cleanup/Bounce_Mix.jpg
110,All/Pro_Tools_Cleanup/Cleaned_Folder.jpg,1,All/Pro_Tools_Cleanup/Cleaned_Folder.jpg
111,All/Pro_Tools_Cleanup/Compact_Dialog.jpg,1,All/Pro_Tools_Cleanup/Compact_Dialog.jpg
112,All/Pro_Tools_Cleanup/Compact_Menu.jpg,1,All/Pro_Tools_Cleanup/Compact_Menu.jpg
113,All/Pro_Tools_Cleanup/Folder_Open.jpg,1,All/Pro_Tools_Cleanup/Folder_Open.jpg
114,All/Pro_Tools_Cleanup/Press_Yes.jpg,1,All/Pro_Tools_Cleanup/Press_Yes.jpg
115,All/Pro_Tools_Cleanup/Right_Click_Compress.jpg,1,All/Pro_Tools_Cleanup/Right_Click_Compress.jpg
116,All/Pro_Tools_Cleanup/Save_Copy_in_Dialog.jpg,1,All/Pro_Tools_Cleanup/Save_Copy_in_Dialog.jpg
117,All/Pro_Tools_Cleanup/Save_Copy_in_Menu.jpg,1,All/Pro_Tools_Cleanup/Save_Copy_in_Menu.jpg
118,All/Pro_Tools_Cleanup/Select_Delete.jpg,1,All/Pro_Tools_Cleanup/Select_Delete.jpg
119,All/Pro_Tools_Cleanup/Select_Unused.jpg,1,All/Pro_Tools_Cleanup/Select_Unused.jpg
120,All/Pro_Tools_Cleanup/Session_Folder.jpg,1,All/Pro_Tools_Cleanup/Session_Folder.jpg
121,All/Student_Essentials/Assignment_Page_Icon_Map.png,1,All/Student_Essentials/Assignment_Page_Icon_Map.png
122,All/Student_Essentials/Attendance_and_Late_Work_Chart.png,1,All/Student_Essentials/Attendance_and_Late_Work_Chart.png
123,All/Student_Essentials/Canvas_Layout_Map.png,1,All/Student_Essentials/Canvas_Layout_Map.png
124,All/Student_Essentials/Contacting_Your_Instructor.png,1,All/Student_Essentials/Contacting_Your_Instructor.png
125,All/Student_Essentials/Credit_Hour_Rule.png,1,All/Student_Essentials/Credit_Hour_Rule.png
126,All/Student_Essentials/Feedback_Loop.png,1,All/Student_Essentials/Feedback_Loop.png
127,All/Student_Essentials/SI_Prefix_Ladder.png,1,All/Student_Essentials/SI_Prefix_Ladder.png
128,All/Student_Essentials/Screenshots_to_PDF_Workflow.png,1,All/Student_Essentials/Screenshots_to_PDF_Workflow.png
129,All/Student_Essentials/Weekly_Planning_Desk.png,0,
130,All/Student_Essentials/Where_to_Get_Help.png,1,All/Student_Essentials/Where_to_Get_Help.png
131,All/Time_Expectations/_unused/time-expectations-credit-hour-rule-01.png,0,
132,DAPR-2000--Digital_Audio_Essentials/Auxiliary_Resources/Reference_Downloads.png,1,DAPR-2000--Digital_Audio_Essentials/Auxiliary_Resources/Reference_Downloads.png
133,DAPR-2000--Digital_Audio_Essentials/Careers__Audio_Careers/Game_Audio_Pipeline.png,1,DAPR-2000--Digital_Audio_Essentials/Careers__Audio_Careers/Game_Audio_Pipeline.png
134,DAPR-2000--Digital_Audio_Essentials/Careers__Audio_Careers/Live_Sound_Roles.png,1,DAPR-2000--Digital_Audio_Essentials/Careers__Audio_Careers/Live_Sound_Roles.png
135,DAPR-2000--Digital_Audio_Essentials/Careers__Audio_Careers/Music_Production_Roles.png,1,DAPR-2000--Digital_Audio_Essentials/Careers__Audio_Careers/Music_Production_Roles.png
136,DAPR-2000--Digital_Audio_Essentials/Careers__Audio_Careers/Pathway_Map.png,1,DAPR-2000--Digital_Audio_Essentials/Careers__Audio_Careers/Pathway_Map.png
137,DAPR-2000--Digital_Audio_Essentials/Careers__Audio_Careers/Post_Production_Roles.png,1,DAPR-2000--Digital_Audio_Essentials/Careers__Audio_Careers/Post_Production_Roles.png
138,DAPR-2000--Digital_Audio_Essentials/Course_Info/MAC_Disk_Utility_Erase_Button.png,1,DAPR-2000--Digital_Audio_Essentials/Course_Info/MAC_Disk_Utility_Erase_Button.png
139,DAPR-2000--Digital_Audio_Essentials/Course_Info/MAC_Disk_Utility_Erase_Menu.png,1,DAPR-2000--Digital_Audio_Essentials/Course_Info/MAC_Disk_Utility_Erase_Menu.png
140,DAPR-2000--Digital_Audio_Essentials/Course_Info/MAC_Disk_Utility_Show_All_Devices.png,1,DAPR-2000--Digital_Audio_Essentials/Course_Info/MAC_Disk_Utility_Show_All_Devices.png
141,DAPR-2000--Digital_Audio_Essentials/Course_Info/MAC_Erase_Exfat.png,1,DAPR-2000--Digital_Audio_Essentials/Course_Info/MAC_Erase_Exfat.png
142,DAPR-2000--Digital_Audio_Essentials/Course_Orientation/Course_Card.png,1,DAPR-2000--Digital_Audio_Essentials/Course_Orientation/Course_Card.png
143,DAPR-2000--Digital_Audio_Essentials/Course_Orientation/Course_Requirements.png,1,DAPR-2000--Digital_Audio_Essentials/Course_Orientation/Course_Requirements.png
144,DAPR-2000--Digital_Audio_Essentials/Course_Orientation/Prerequisites_Banner.png,1,DAPR-2000--Digital_Audio_Essentials/Course_Orientation/Prerequisites_Banner.png
145,DAPR-2000--Digital_Audio_Essentials/Course_Orientation/Roll_Call_Check_In.png,1,DAPR-2000--Digital_Audio_Essentials/Course_Orientation/Roll_Call_Check_In.png
146,DAPR-2000--Digital_Audio_Essentials/Course_Orientation/Syllabus_Banner.png,0,
147,DAPR-2000--Digital_Audio_Essentials/Course_Orientation/Term_Timeline.png,1,DAPR-2000--Digital_Audio_Essentials/Course_Orientation/Term_Timeline.png
148,DAPR-2000--Digital_Audio_Essentials/DAPR_2000__Final_Exam/Final_Topic_Map.png,1,DAPR-2000--Digital_Audio_Essentials/DAPR_2000__Final_Exam/Final_Topic_Map.png
149,DAPR-2000--Digital_Audio_Essentials/DAW__EQ_and_Dynamics/Api_560_Graphic_EQ.png,1,DAPR-2000--Digital_Audio_Essentials/DAW__EQ_and_Dynamics/Api_560_Graphic_EQ.png
150,DAPR-2000--Digital_Audio_Essentials/DAW__EQ_and_Dynamics/Bell_EQ_or_Parametric_EQ_Gain.png,1,DAPR-2000--Digital_Audio_Essentials/DAW__EQ_and_Dynamics/Bell_EQ_or_Parametric_EQ_Gain.png
151,DAPR-2000--Digital_Audio_Essentials/DAW__EQ_and_Dynamics/Bell_EQ_or_Parametric_EQ_Plus_Gain.png,1,DAPR-2000--Digital_Audio_Essentials/DAW__EQ_and_Dynamics/Bell_EQ_or_Parametric_EQ_Plus_Gain.png
152,DAPR-2000--Digital_Audio_Essentials/DAW__EQ_and_Dynamics/Compressor_Transfer_Curve.jpg,0,
153,DAPR-2000--Digital_Audio_Essentials/DAW__EQ_and_Dynamics/EQ_Filter_Slopes.png,1,DAPR-2000--Digital_Audio_Essentials/DAW__EQ_and_Dynamics/EQ_Filter_Slopes.png
154,DAPR-2000--Digital_Audio_Essentials/DAW__EQ_and_Dynamics/EQ_High_Pass_Slopes.jpg,0,
155,DAPR-2000--Digital_Audio_Essentials/DAW__EQ_and_Dynamics/EQ_Low_Pass_Slopes.jpg,0,
156,DAPR-2000--Digital_Audio_Essentials/DAW__EQ_and_Dynamics/EQ_Shelf_vs_Bell.jpg,1,DAPR-2000--Digital_Audio_Essentials/DAW__EQ_and_Dynamics/EQ_Shelf_vs_Bell.jpg
157,DAPR-2000--Digital_Audio_Essentials/DAW__EQ_and_Dynamics/Edit_Tools_Grabber.png,1,DAPR-2000--Digital_Audio_Essentials/DAW__EQ_and_Dynamics/Edit_Tools_Grabber.png
158,DAPR-2000--Digital_Audio_Essentials/DAW__EQ_and_Dynamics/Edit_Tools_Pencil.png,1,DAPR-2000--Digital_Audio_Essentials/DAW__EQ_and_Dynamics/Edit_Tools_Pencil.png
159,DAPR-2000--Digital_Audio_Essentials/DAW__EQ_and_Dynamics/Edit_Tools_Scrubber.png,1,DAPR-2000--Digital_Audio_Essentials/DAW__EQ_and_Dynamics/Edit_Tools_Scrubber.png
160,DAPR-2000--Digital_Audio_Essentials/DAW__EQ_and_Dynamics/Edit_Tools_Selector.png,1,DAPR-2000--Digital_Audio_Essentials/DAW__EQ_and_Dynamics/Edit_Tools_Selector.png
161,DAPR-2000--Digital_Audio_Essentials/DAW__EQ_and_Dynamics/Edit_Tools_Smart_Tool.png,1,DAPR-2000--Digital_Audio_Essentials/DAW__EQ_and_Dynamics/Edit_Tools_Smart_Tool.png
162,DAPR-2000--Digital_Audio_Essentials/DAW__EQ_and_Dynamics/Edit_Tools_Trim.png,1,DAPR-2000--Digital_Audio_Essentials/DAW__EQ_and_Dynamics/Edit_Tools_Trim.png
163,DAPR-2000--Digital_Audio_Essentials/DAW__EQ_and_Dynamics/Edit_Tools_Zoomer.png,1,DAPR-2000--Digital_Audio_Essentials/DAW__EQ_and_Dynamics/Edit_Tools_Zoomer.png
164,DAPR-2000--Digital_Audio_Essentials/DAW__EQ_and_Dynamics/Filter_Curve_1.png,0,
165,DAPR-2000--Digital_Audio_Essentials/DAW__EQ_and_Dynamics/Filter_Curve_2.png,0,
166,DAPR-2000--Digital_Audio_Essentials/DAW__EQ_and_Dynamics/Filter_Curve_3.png,0,
167,DAPR-2000--Digital_Audio_Essentials/DAW__EQ_and_Dynamics/Filter_Curve_4.png,0,
168,DAPR-2000--Digital_Audio_Essentials/DAW__EQ_and_Dynamics/Filter_Curve_5.png,0,
169,DAPR-2000--Digital_Audio_Essentials/DAW__EQ_and_Dynamics/Filter_Curve_6.png,0,
170,DAPR-2000--Digital_Audio_Essentials/DAW__EQ_and_Dynamics/Frequency_Chart.png,1,DAPR-2000--Digital_Audio_Essentials/DAW__EQ_and_Dynamics/Frequency_Chart.png
171,DAPR-2000--Digital_Audio_Essentials/DAW__EQ_and_Dynamics/Gml_8200_Parametric_EQ.png,1,DAPR-2000--Digital_Audio_Essentials/DAW__EQ_and_Dynamics/Gml_8200_Parametric_EQ.png
172,DAPR-2000--Digital_Audio_Essentials/DAW__EQ_and_Dynamics/High_Pass_Filter.png,1,DAPR-2000--Digital_Audio_Essentials/DAW__EQ_and_Dynamics/High_Pass_Filter.png
173,DAPR-2000--Digital_Audio_Essentials/DAW__EQ_and_Dynamics/High_Shelving_EQ_Gain.png,1,DAPR-2000--Digital_Audio_Essentials/DAW__EQ_and_Dynamics/High_Shelving_EQ_Gain.png
174,DAPR-2000--Digital_Audio_Essentials/DAW__EQ_and_Dynamics/High_Shelving_EQ_Plus_Gain.png,1,DAPR-2000--Digital_Audio_Essentials/DAW__EQ_and_Dynamics/High_Shelving_EQ_Plus_Gain.png
175,DAPR-2000--Digital_Audio_Essentials/DAW__EQ_and_Dynamics/Low_Pass_Filter.png,1,DAPR-2000--Digital_Audio_Essentials/DAW__EQ_and_Dynamics/Low_Pass_Filter.png
176,DAPR-2000--Digital_Audio_Essentials/DAW__EQ_and_Dynamics/Low_Shelving_EQ_Gain.png,1,DAPR-2000--Digital_Audio_Essentials/DAW__EQ_and_Dynamics/Low_Shelving_EQ_Gain.png
177,DAPR-2000--Digital_Audio_Essentials/DAW__EQ_and_Dynamics/Low_Shelving_EQ_Plus_Gain.png,1,DAPR-2000--Digital_Audio_Essentials/DAW__EQ_and_Dynamics/Low_Shelving_EQ_Plus_Gain.png
178,DAPR-2000--Digital_Audio_Essentials/DAW__EQ_and_Dynamics/Maag_Eq4_Air_Band.png,1,DAPR-2000--Digital_Audio_Essentials/DAW__EQ_and_Dynamics/Maag_Eq4_Air_Band.png
179,DAPR-2000--Digital_Audio_Essentials/DAW__EQ_and_Dynamics/Module_Banner.png,1,DAPR-2000--Digital_Audio_Essentials/DAW__EQ_and_Dynamics/Module_Banner.png
180,DAPR-2000--Digital_Audio_Essentials/DAW__EQ_and_Dynamics/Pro_Tools_Blank_Edit_Window.png,1,DAPR-2000--Digital_Audio_Essentials/DAW__EQ_and_Dynamics/Pro_Tools_Blank_Edit_Window.png
181,DAPR-2000--Digital_Audio_Essentials/DAW__EQ_and_Dynamics/Pro_Tools_Blank_Mix_Window.png,2,DAPR-2000--Digital_Audio_Essentials/DAW__Your_First_Mix/Pro_Tools_Blank_Mix_Window.png;DAPR-2000--Digital_Audio_Essentials/DAW__EQ_and_Dynamics/Pro_Tools_Blank_Mix_Window.png
182,DAPR-2000--Digital_Audio_Essentials/DAW__EQ_and_Dynamics/Pro_Tools_Dashboard_Key.png,1,DAPR-2000--Digital_Audio_Essentials/DAW__EQ_and_Dynamics/Pro_Tools_Dashboard_Key.png
183,DAPR-2000--Digital_Audio_Essentials/DAW__EQ_and_Dynamics/Pro_Tools_Dashboard_Key_Blank.png,0,
184,DAPR-2000--Digital_Audio_Essentials/DAW__EQ_and_Dynamics/Pro_Tools_Fader_and_Meters.png,2,DAPR-2000--Digital_Audio_Essentials/DAW__Your_First_Mix/Pro_Tools_Fader_and_Meters.png;DAPR-2000--Digital_Audio_Essentials/DAW__EQ_and_Dynamics/Pro_Tools_Fader_and_Meters.png
185,DAPR-2000--Digital_Audio_Essentials/DAW__EQ_and_Dynamics/Pro_Tools_I-O.png,1,DAPR-2000--Digital_Audio_Essentials/DAW__EQ_and_Dynamics/Pro_Tools_I-O.png
186,DAPR-2000--Digital_Audio_Essentials/DAW__EQ_and_Dynamics/Pro_Tools_Inserts.png,1,DAPR-2000--Digital_Audio_Essentials/DAW__EQ_and_Dynamics/Pro_Tools_Inserts.png
187,DAPR-2000--Digital_Audio_Essentials/DAW__EQ_and_Dynamics/Pro_Tools_Panner.png,1,DAPR-2000--Digital_Audio_Essentials/DAW__EQ_and_Dynamics/Pro_Tools_Panner.png
188,DAPR-2000--Digital_Audio_Essentials/DAW__EQ_and_Dynamics/Pro_Tools_Splash_Screen.png,1,DAPR-2000--Digital_Audio_Essentials/DAW__EQ_and_Dynamics/Pro_Tools_Splash_Screen.png
189,DAPR-2000--Digital_Audio_Essentials/DAW__EQ_and_Dynamics/Pro_Tools_Track_with_Clip.png,1,DAPR-2000--Digital_Audio_Essentials/DAW__EQ_and_Dynamics/Pro_Tools_Track_with_Clip.png
190,DAPR-2000--Digital_Audio_Essentials/DAW__EQ_and_Dynamics/Pro_Tools_Track_with_Clip_Labeled.png,1,DAPR-2000--Digital_Audio_Essentials/DAW__EQ_and_Dynamics/Pro_Tools_Track_with_Clip_Labeled.png
191,DAPR-2000--Digital_Audio_Essentials/DAW__EQ_and_Dynamics/Pro_Tools_Transport_Controls.png,1,DAPR-2000--Digital_Audio_Essentials/DAW__EQ_and_Dynamics/Pro_Tools_Transport_Controls.png
192,DAPR-2000--Digital_Audio_Essentials/DAW__EQ_and_Dynamics/The_Anatomy_of_a_Compressor.png,2,DAPR-2000--Digital_Audio_Essentials/Processing__Compression/The_Anatomy_of_a_Compressor.png;DAPR-2000--Digital_Audio_Essentials/DAW__EQ_and_Dynamics/The_Anatomy_of_a_Compressor.png
193,DAPR-2000--Digital_Audio_Essentials/DAW__EQ_and_Dynamics/Track_State_Input_Monitor_Highlighted.png,0,
194,DAPR-2000--Digital_Audio_Essentials/DAW__EQ_and_Dynamics/Track_State_Mute_Highlighted.png,0,
195,DAPR-2000--Digital_Audio_Essentials/DAW__Your_First_Mix/Drum_Routing_Example.png,1,DAPR-2000--Digital_Audio_Essentials/DAW__Your_First_Mix/Drum_Routing_Example.png
196,DAPR-2000--Digital_Audio_Essentials/DAW__Your_First_Mix/Pro_Tools_Hard_Panned_Channel.png,1,DAPR-2000--Digital_Audio_Essentials/DAW__Your_First_Mix/Pro_Tools_Hard_Panned_Channel.png
197,DAPR-2000--Digital_Audio_Essentials/DAW__Your_First_Mix/Sends_Aux_and_Effects.png,1,DAPR-2000--Digital_Audio_Essentials/DAW__Your_First_Mix/Sends_Aux_and_Effects.png
198,DAPR-2000--Digital_Audio_Essentials/DAW__Your_First_Mix/Three_Checks.png,1,DAPR-2000--Digital_Audio_Essentials/DAW__Your_First_Mix/Three_Checks.png
199,DAPR-2000--Digital_Audio_Essentials/Digital_Audio__The_Digital_Domain/Bit_Depth_Ladder.png,1,DAPR-2000--Digital_Audio_Essentials/Digital_Audio__The_Digital_Domain/Bit_Depth_Ladder.png
200,DAPR-2000--Digital_Audio_Essentials/Digital_Audio__The_Digital_Domain/Bit_Depth_Quantization.jpg,1,DAPR-2000--Digital_Audio_Essentials/Digital_Audio__The_Digital_Domain/Bit_Depth_Quantization.jpg
201,DAPR-2000--Digital_Audio_Essentials/Digital_Audio__The_Digital_Domain/Digital_Audio_Distractor.png,0,
202,DAPR-2000--Digital_Audio_Essentials/Digital_Audio__The_Digital_Domain/Module_Banner.png,1,DAPR-2000--Digital_Audio_Essentials/Digital_Audio__The_Digital_Domain/Module_Banner.png
203,DAPR-2000--Digital_Audio_Essentials/Digital_Audio__The_Digital_Domain/Phase_Offset_Distractor.png,0,
204,DAPR-2000--Digital_Audio_Essentials/Digital_Audio__The_Digital_Domain/Sampled_Waveform_Distractor.png,0,
205,DAPR-2000--Digital_Audio_Essentials/Digital_Audio__The_Digital_Domain/Sampling_Nyquist.jpg,0,
206,DAPR-2000--Digital_Audio_Essentials/Digital_Audio__The_Digital_Domain/Sampling_Quantization.png,1,DAPR-2000--Digital_Audio_Essentials/Digital_Audio__The_Digital_Domain/Sampling_Quantization.png
207,DAPR-2000--Digital_Audio_Essentials/Instructor_Use_Only_(Hidden)/Uvu_Digital_Media_Logo.png,0,
208,DAPR-2000--Digital_Audio_Essentials/Microphones__Characteristics_Selection_and_Stereo_Techniques/Cardioid_Polar_Chart.png,1,DAPR-2000--Digital_Audio_Essentials/Microphones__Characteristics_Selection_and_Stereo_Techniques/Cardioid_Polar_Chart.png
209,DAPR-2000--Digital_Audio_Essentials/Microphones__Characteristics_Selection_and_Stereo_Techniques/Channel_Strip_with_Centered_Pan_Knobs.png,1,DAPR-2000--Digital_Audio_Essentials/Microphones__Characteristics_Selection_and_Stereo_Techniques/Channel_Strip_with_Centered_Pan_Knobs.png
210,DAPR-2000--Digital_Audio_Essentials/Microphones__Characteristics_Selection_and_Stereo_Techniques/Figure_Eight_Polar_Pattern.jpg,0,
211,DAPR-2000--Digital_Audio_Essentials/Microphones__Characteristics_Selection_and_Stereo_Techniques/Hypercardioid.png,0,
212,DAPR-2000--Digital_Audio_Essentials/Microphones__Characteristics_Selection_and_Stereo_Techniques/Mic_Pattern_Polar_Chart_Cardioid_Labeled.png,1,DAPR-2000--Digital_Audio_Essentials/Microphones__Characteristics_Selection_and_Stereo_Techniques/Mic_Pattern_Polar_Chart_Cardioid_Labeled.png
213,DAPR-2000--Digital_Audio_Essentials/Microphones__Characteristics_Selection_and_Stereo_Techniques/Module_Banner.png,1,DAPR-2000--Digital_Audio_Essentials/Microphones__Characteristics_Selection_and_Stereo_Techniques/Module_Banner.png
214,DAPR-2000--Digital_Audio_Essentials/Microphones__Characteristics_Selection_and_Stereo_Techniques/Polar_Chart_Supercardioid_Labeled.png,1,DAPR-2000--Digital_Audio_Essentials/Microphones__Characteristics_Selection_and_Stereo_Techniques/Polar_Chart_Supercardioid_Labeled.png
215,DAPR-2000--Digital_Audio_Essentials/Microphones__Characteristics_Selection_and_Stereo_Techniques/Polar_Pattern.jpg,0,
216,DAPR-2000--Digital_Audio_Essentials/Microphones__Characteristics_Selection_and_Stereo_Techniques/Polar_Pattern_Alt.jpg,0,
217,DAPR-2000--Digital_Audio_Essentials/Microphones__Characteristics_Selection_and_Stereo_Techniques/Polar_Pattern_Cardioid_SVG.png,0,
218,DAPR-2000--Digital_Audio_Essentials/Microphones__Characteristics_Selection_and_Stereo_Techniques/Polar_Pattern_Supercardioid.png,0,
219,DAPR-2000--Digital_Audio_Essentials/Microphones__Characteristics_Selection_and_Stereo_Techniques/Polar_Patterns.jpg,0,
220,DAPR-2000--Digital_Audio_Essentials/Microphones__Characteristics_Selection_and_Stereo_Techniques/Polar_Patterns_Chart.png,0,
221,DAPR-2000--Digital_Audio_Essentials/Microphones__Characteristics_Selection_and_Stereo_Techniques/Polarpatterncomparison.jpg,1,DAPR-2000--Digital_Audio_Essentials/Microphones__Characteristics_Selection_and_Stereo_Techniques/Polarpatterncomparison.jpg
222,DAPR-2000--Digital_Audio_Essentials/Microphones__Characteristics_Selection_and_Stereo_Techniques/Stereo_Mic_Techniques.jpg,1,DAPR-2000--Digital_Audio_Essentials/Microphones__Characteristics_Selection_and_Stereo_Techniques/Stereo_Mic_Techniques.jpg
223,DAPR-2000--Digital_Audio_Essentials/Microphones__Characteristics_Selection_and_Stereo_Techniques/Stereo_Recording_Techniques_Graphic4.jpg,1,DAPR-2000--Digital_Audio_Essentials/Microphones__Characteristics_Selection_and_Stereo_Techniques/Stereo_Recording_Techniques_Graphic4.jpg
224,DAPR-2000--Digital_Audio_Essentials/Microphones__Characteristics_Selection_and_Stereo_Techniques/Xy_Coincident_Pair.jpg,1,DAPR-2000--Digital_Audio_Essentials/Microphones__Characteristics_Selection_and_Stereo_Techniques/Xy_Coincident_Pair.jpg
225,DAPR-2000--Digital_Audio_Essentials/Mixing__Mixing_and_Mastering/Automation_Timeline.png,1,DAPR-2000--Digital_Audio_Essentials/Mixing__Mixing_and_Mastering/Automation_Timeline.png
226,DAPR-2000--Digital_Audio_Essentials/Mixing__Mixing_and_Mastering/Compressor_Limiter_Iii_Plugin_Window.png,1,DAPR-2000--Digital_Audio_Essentials/Processing__Compression/Compressor_Limiter_Iii_Plugin_Window.png
227,DAPR-2000--Digital_Audio_Essentials/Mixing__Mixing_and_Mastering/Loudness_Ceiling.png,1,DAPR-2000--Digital_Audio_Essentials/Mixing__Mixing_and_Mastering/Loudness_Ceiling.png
228,DAPR-2000--Digital_Audio_Essentials/Mixing__Mixing_and_Mastering/Mastering_Chain.png,1,DAPR-2000--Digital_Audio_Essentials/Mixing__Mixing_and_Mastering/Mastering_Chain.png
229,DAPR-2000--Digital_Audio_Essentials/Mixing__Mixing_and_Mastering/Mix_Arc.png,2,DAPR-2000--Digital_Audio_Essentials/Project__Mix_2_-_Six_of_One_Revision/Mix_Arc.png;DAPR-2000--Digital_Audio_Essentials/Mixing__Mixing_and_Mastering/Mix_Arc.png
230,DAPR-2000--Digital_Audio_Essentials/Mixing__Mixing_and_Mastering/Mix_Bus_vs_Master_Fader.png,1,DAPR-2000--Digital_Audio_Essentials/Mixing__Mixing_and_Mastering/Mix_Bus_vs_Master_Fader.png
231,DAPR-2000--Digital_Audio_Essentials/Mixing__Mixing_and_Mastering/Module_Banner.png,1,DAPR-2000--Digital_Audio_Essentials/Mixing__Mixing_and_Mastering/Module_Banner.png
232,DAPR-2000--Digital_Audio_Essentials/Mixing__Mixing_and_Mastering/Sample_vs_True_Peak.png,1,DAPR-2000--Digital_Audio_Essentials/Mixing__Mixing_and_Mastering/Sample_vs_True_Peak.png
233,DAPR-2000--Digital_Audio_Essentials/Monitoring__Psychoacoustics/Equal_Loudness.png,1,DAPR-2000--Digital_Audio_Essentials/Monitoring__Psychoacoustics/Equal_Loudness.png
234,DAPR-2000--Digital_Audio_Essentials/Monitoring__Psychoacoustics/Equal_Loudness_Contours.jpg,1,DAPR-2000--Digital_Audio_Essentials/Monitoring__Psychoacoustics/Equal_Loudness_Contours.jpg
235,DAPR-2000--Digital_Audio_Essentials/Monitoring__Psychoacoustics/Fletcher_Munson_Curve.png,0,
236,DAPR-2000--Digital_Audio_Essentials/Monitoring__Psychoacoustics/Module_Banner.png,1,DAPR-2000--Digital_Audio_Essentials/Monitoring__Psychoacoustics/Module_Banner.png
237,DAPR-2000--Digital_Audio_Essentials/Monitoring__Psychoacoustics/Monitor_Triangle.jpg,1,DAPR-2000--Digital_Audio_Essentials/Monitoring__Psychoacoustics/Monitor_Triangle.jpg
238,DAPR-2000--Digital_Audio_Essentials/Monitoring__Psychoacoustics/Sound_Field_Speaker_Placement.png,1,DAPR-2000--Digital_Audio_Essentials/Monitoring__Psychoacoustics/Sound_Field_Speaker_Placement.png
239,DAPR-2000--Digital_Audio_Essentials/Pro_Tools__Introduction/Dapr2000_Protools_01_New_Tracks_Dialog.jpg,1,DAPR-2000--Digital_Audio_Essentials/Pro_Tools__Introduction/Dapr2000_Protools_01_New_Tracks_Dialog.jpg
240,DAPR-2000--Digital_Audio_Essentials/Pro_Tools__Introduction/Dapr2000_Protools_02_Mix_Window_Sends.jpg,1,DAPR-2000--Digital_Audio_Essentials/Pro_Tools__Introduction/Dapr2000_Protools_02_Mix_Window_Sends.jpg
241,DAPR-2000--Digital_Audio_Essentials/Pro_Tools__Introduction/Dapr2000_Protools_02_Mix_Window_Track_Types.jpg,1,DAPR-2000--Digital_Audio_Essentials/Pro_Tools__Introduction/Dapr2000_Protools_02_Mix_Window_Track_Types.jpg
242,DAPR-2000--Digital_Audio_Essentials/Pro_Tools__Introduction/Dapr2000_Protools_03_Edit_Window_Track_Types.jpg,1,DAPR-2000--Digital_Audio_Essentials/Pro_Tools__Introduction/Dapr2000_Protools_03_Edit_Window_Track_Types.jpg
243,DAPR-2000--Digital_Audio_Essentials/Pro_Tools__Introduction/Dapr2000_Protools_04_IO_Setup_Output_Page.jpg,1,DAPR-2000--Digital_Audio_Essentials/Pro_Tools__Introduction/Dapr2000_Protools_04_IO_Setup_Output_Page.jpg
244,DAPR-2000--Digital_Audio_Essentials/Pro_Tools__Introduction/Dapr2000_Protools_05_IO_Setup_Input_Page.jpg,1,DAPR-2000--Digital_Audio_Essentials/Pro_Tools__Introduction/Dapr2000_Protools_05_IO_Setup_Input_Page.jpg
245,DAPR-2000--Digital_Audio_Essentials/Pro_Tools__Introduction/Dapr2000_Protools_06_IO_Setup_Bus_Page.jpg,1,DAPR-2000--Digital_Audio_Essentials/Pro_Tools__Introduction/Dapr2000_Protools_06_IO_Setup_Bus_Page.jpg
246,DAPR-2000--Digital_Audio_Essentials/Pro_Tools__Introduction/Dapr2000_Protools_07_Window_Menu_Edit_and_Mix.jpg,1,DAPR-2000--Digital_Audio_Essentials/Pro_Tools__Introduction/Dapr2000_Protools_07_Window_Menu_Edit_and_Mix.jpg
247,DAPR-2000--Digital_Audio_Essentials/Pro_Tools__Introduction/Dapr2000_Protools_08_Edit_Window_View_Selector.jpg,1,DAPR-2000--Digital_Audio_Essentials/Pro_Tools__Introduction/Dapr2000_Protools_08_Edit_Window_View_Selector.jpg
248,DAPR-2000--Digital_Audio_Essentials/Pro_Tools__Introduction/Dapr2000_Protools_10_Edit_Toolbar_Expanded.jpg,1,DAPR-2000--Digital_Audio_Essentials/Pro_Tools__Introduction/Dapr2000_Protools_10_Edit_Toolbar_Expanded.jpg
249,DAPR-2000--Digital_Audio_Essentials/Pro_Tools__Introduction/Dapr2000_Protools_11_Edit_Toolbar_Standard.jpg,1,DAPR-2000--Digital_Audio_Essentials/Pro_Tools__Introduction/Dapr2000_Protools_11_Edit_Toolbar_Standard.jpg
250,DAPR-2000--Digital_Audio_Essentials/Pro_Tools__Introduction/Dapr2000_Protools_12_Transport_Window_Controls.png,1,DAPR-2000--Digital_Audio_Essentials/Pro_Tools__Introduction/Dapr2000_Protools_12_Transport_Window_Controls.png
251,DAPR-2000--Digital_Audio_Essentials/Pro_Tools__Introduction/Dapr2000_Protools_13_Record_Enabled_Audio_Track.png,1,DAPR-2000--Digital_Audio_Essentials/Pro_Tools__Introduction/Dapr2000_Protools_13_Record_Enabled_Audio_Track.png
252,DAPR-2000--Digital_Audio_Essentials/Pro_Tools__Introduction/Dapr2000_Protools_15_Input_Monitoring_Playback_Example.png,1,DAPR-2000--Digital_Audio_Essentials/Pro_Tools__Introduction/Dapr2000_Protools_15_Input_Monitoring_Playback_Example.png
253,DAPR-2000--Digital_Audio_Essentials/Pro_Tools__Introduction/Edit_Modes_Shuffle_Slip_Spot_Grid.jpg,1,DAPR-2000--Digital_Audio_Essentials/Pro_Tools__Introduction/Edit_Modes_Shuffle_Slip_Spot_Grid.jpg
254,DAPR-2000--Digital_Audio_Essentials/Pro_Tools__Introduction/Pro_Tools_Dashboard_1.png,1,DAPR-2000--Digital_Audio_Essentials/Pro_Tools__Introduction/Pro_Tools_Dashboard_1.png
255,DAPR-2000--Digital_Audio_Essentials/Pro_Tools__Introduction/Pro_Tools_Pan_and_Track_State_Quiz.png,0,
256,DAPR-2000--Digital_Audio_Essentials/Pro_Tools__Introduction/Pro_Tools_Pan_and_Track_State_Quiz_Alt.png,0,
257,DAPR-2000--Digital_Audio_Essentials/Pro_Tools__Introduction/Pro_Tools_Track_With_Clip.png,0,
258,DAPR-2000--Digital_Audio_Essentials/Pro_Tools__Introduction/Track_Arming_vs_Input_Monitoring.png,1,DAPR-2000--Digital_Audio_Essentials/Pro_Tools__Introduction/Track_Arming_vs_Input_Monitoring.png
259,DAPR-2000--Digital_Audio_Essentials/Processing__Compression/Attack_Release_Envelope.png,1,DAPR-2000--Digital_Audio_Essentials/Processing__Compression/Attack_Release_Envelope.png
260,DAPR-2000--Digital_Audio_Essentials/Processing__Compression/Bf_2a_Plugin_Window.png,1,DAPR-2000--Digital_Audio_Essentials/Processing__Compression/Bf_2a_Plugin_Window.png
261,DAPR-2000--Digital_Audio_Essentials/Processing__Compression/Bf_76_Peak_Limiter.png,1,DAPR-2000--Digital_Audio_Essentials/Processing__Compression/Bf_76_Peak_Limiter.png
262,DAPR-2000--Digital_Audio_Essentials/Processing__Compression/Compression_Diagrams.jpg,1,DAPR-2000--Digital_Audio_Essentials/Processing__Compression/Compression_Diagrams.jpg
263,DAPR-2000--Digital_Audio_Essentials/Processing__Compression/Fairchild_670_Plugin_Window.png,1,DAPR-2000--Digital_Audio_Essentials/Processing__Compression/Fairchild_670_Plugin_Window.png
264,DAPR-2000--Digital_Audio_Essentials/Processing__Compression/Gain_Reduction_Graph_Choice_A.png,1,DAPR-2000--Digital_Audio_Essentials/Processing__Compression/Gain_Reduction_Graph_Choice_A.png
265,DAPR-2000--Digital_Audio_Essentials/Processing__Compression/Gain_Reduction_Graph_Choice_B.png,0,
266,DAPR-2000--Digital_Audio_Essentials/Processing__Compression/Gain_Reduction_Graph_Choice_C.png,0,
267,DAPR-2000--Digital_Audio_Essentials/Processing__Compression/Gain_Reduction_Graph_Choice_D.png,0,
268,DAPR-2000--Digital_Audio_Essentials/Processing__Compression/Gain_Reduction_Graph_Question.png,0,
269,DAPR-2000--Digital_Audio_Essentials/Processing__Compression/Gain_Reduction_Graph_Shot_A.png,0,
270,DAPR-2000--Digital_Audio_Essentials/Processing__Compression/Impact_Plugin_Window.png,0,
271,DAPR-2000--Digital_Audio_Essentials/Processing__Compression/La_2a_Leveling_Amplifier.png,1,DAPR-2000--Digital_Audio_Essentials/Processing__Compression/La_2a_Leveling_Amplifier.png
272,DAPR-2000--Digital_Audio_Essentials/Processing__Compression/Parallel_Routing.png,1,DAPR-2000--Digital_Audio_Essentials/Processing__Compression/Parallel_Routing.png
273,DAPR-2000--Digital_Audio_Essentials/Processing__Compression/Release_Behavior.png,0,
274,DAPR-2000--Digital_Audio_Essentials/Processing__Time-Based_Effects/D_Verb_Plugin_Window.png,1,DAPR-2000--Digital_Audio_Essentials/Processing__Time-Based_Effects/D_Verb_Plugin_Window.png
275,DAPR-2000--Digital_Audio_Essentials/Processing__Time-Based_Effects/Delay_Note_Values.png,1,DAPR-2000--Digital_Audio_Essentials/Processing__Time-Based_Effects/Delay_Note_Values.png
276,DAPR-2000--Digital_Audio_Essentials/Processing__Time-Based_Effects/Mod_Delay_Iii_Plugin_Window.png,1,DAPR-2000--Digital_Audio_Essentials/Processing__Time-Based_Effects/Mod_Delay_Iii_Plugin_Window.png
277,DAPR-2000--Digital_Audio_Essentials/Processing__Time-Based_Effects/Module_Banner.png,1,DAPR-2000--Digital_Audio_Essentials/Processing__Time-Based_Effects/Module_Banner.png
278,DAPR-2000--Digital_Audio_Essentials/Processing__Time-Based_Effects/Pre_Delay.png,1,DAPR-2000--Digital_Audio_Essentials/Processing__Time-Based_Effects/Pre_Delay.png
279,DAPR-2000--Digital_Audio_Essentials/Processing__Time-Based_Effects/Send_vs_Insert.png,1,DAPR-2000--Digital_Audio_Essentials/Processing__Time-Based_Effects/Send_vs_Insert.png
280,DAPR-2000--Digital_Audio_Essentials/Signal_Flow__Cables_and_Connections/AVB_Network_Cable.png,1,DAPR-2000--Digital_Audio_Essentials/Signal_Flow__Cables_and_Connections/AVB_Network_Cable.png
281,DAPR-2000--Digital_Audio_Essentials/Signal_Flow__Cables_and_Connections/Adam_Audio_Monitors.jpg,1,DAPR-2000--Digital_Audio_Essentials/Signal_Flow__Cables_and_Connections/Adam_Audio_Monitors.jpg
282,DAPR-2000--Digital_Audio_Essentials/Signal_Flow__Cables_and_Connections/Aes50_Network_Cable.png,1,DAPR-2000--Digital_Audio_Essentials/Signal_Flow__Cables_and_Connections/Aes50_Network_Cable.png
283,DAPR-2000--Digital_Audio_Essentials/Signal_Flow__Cables_and_Connections/Aes67_Network_Cable.png,1,DAPR-2000--Digital_Audio_Essentials/Signal_Flow__Cables_and_Connections/Aes67_Network_Cable.png
284,DAPR-2000--Digital_Audio_Essentials/Signal_Flow__Cables_and_Connections/BNC_50_Ohm.png,1,DAPR-2000--Digital_Audio_Essentials/Signal_Flow__Cables_and_Connections/BNC_50_Ohm.png
285,DAPR-2000--Digital_Audio_Essentials/Signal_Flow__Cables_and_Connections/BNC_50_vs_75_Ohm.png,0,
286,DAPR-2000--Digital_Audio_Essentials/Signal_Flow__Cables_and_Connections/BNC_75_Ohm.png,1,DAPR-2000--Digital_Audio_Essentials/Signal_Flow__Cables_and_Connections/BNC_75_Ohm.png
287,DAPR-2000--Digital_Audio_Essentials/Signal_Flow__Cables_and_Connections/BNC_75_Ohm_Terminator.png,1,DAPR-2000--Digital_Audio_Essentials/Signal_Flow__Cables_and_Connections/BNC_75_Ohm_Terminator.png
288,DAPR-2000--Digital_Audio_Essentials/Signal_Flow__Cables_and_Connections/BNC_AES3id.png,1,DAPR-2000--Digital_Audio_Essentials/Signal_Flow__Cables_and_Connections/BNC_AES3id.png
289,DAPR-2000--Digital_Audio_Essentials/Signal_Flow__Cables_and_Connections/BNC_Barrel.png,1,DAPR-2000--Digital_Audio_Essentials/Signal_Flow__Cables_and_Connections/BNC_Barrel.png
290,DAPR-2000--Digital_Audio_Essentials/Signal_Flow__Cables_and_Connections/BNC_Female.png,1,DAPR-2000--Digital_Audio_Essentials/Signal_Flow__Cables_and_Connections/BNC_Female.png
291,DAPR-2000--Digital_Audio_Essentials/Signal_Flow__Cables_and_Connections/BNC_MADI_Coax.png,1,DAPR-2000--Digital_Audio_Essentials/Signal_Flow__Cables_and_Connections/BNC_MADI_Coax.png
292,DAPR-2000--Digital_Audio_Essentials/Signal_Flow__Cables_and_Connections/BNC_Male.png,1,DAPR-2000--Digital_Audio_Essentials/Signal_Flow__Cables_and_Connections/BNC_Male.png
293,DAPR-2000--Digital_Audio_Essentials/Signal_Flow__Cables_and_Connections/BNC_Male_Male_Adapter.png,1,DAPR-2000--Digital_Audio_Essentials/Signal_Flow__Cables_and_Connections/BNC_Male_Male_Adapter.png
294,DAPR-2000--Digital_Audio_Essentials/Signal_Flow__Cables_and_Connections/BNC_Tee.png,1,DAPR-2000--Digital_Audio_Essentials/Signal_Flow__Cables_and_Connections/BNC_Tee.png
295,DAPR-2000--Digital_Audio_Essentials/Signal_Flow__Cables_and_Connections/BNC_Word_Clock.png,1,DAPR-2000--Digital_Audio_Essentials/Signal_Flow__Cables_and_Connections/BNC_Word_Clock.png
296,DAPR-2000--Digital_Audio_Essentials/Signal_Flow__Cables_and_Connections/Balanced_Audio.jpg,1,DAPR-2000--Digital_Audio_Essentials/Signal_Flow__Cables_and_Connections/Balanced_Audio.jpg
297,DAPR-2000--Digital_Audio_Essentials/Signal_Flow__Cables_and_Connections/Banana_Plug.png,1,DAPR-2000--Digital_Audio_Essentials/Signal_Flow__Cables_and_Connections/Banana_Plug.png
298,DAPR-2000--Digital_Audio_Essentials/Signal_Flow__Cables_and_Connections/Bedroom_Studio.jpg,1,DAPR-2000--Digital_Audio_Essentials/Signal_Flow__Cables_and_Connections/Bedroom_Studio.jpg
299,DAPR-2000--Digital_Audio_Essentials/Signal_Flow__Cables_and_Connections/Binding_Post.png,1,DAPR-2000--Digital_Audio_Essentials/Signal_Flow__Cables_and_Connections/Binding_Post.png
300,DAPR-2000--Digital_Audio_Essentials/Signal_Flow__Cables_and_Connections/Cat6_Cable.png,1,DAPR-2000--Digital_Audio_Essentials/Signal_Flow__Cables_and_Connections/Cat6_Cable.png
301,DAPR-2000--Digital_Audio_Essentials/Signal_Flow__Cables_and_Connections/Connector_Size_Comparison.png,1,DAPR-2000--Digital_Audio_Essentials/Signal_Flow__Cables_and_Connections/Connector_Size_Comparison.png
302,DAPR-2000--Digital_Audio_Essentials/Signal_Flow__Cables_and_Connections/DC_Barrel_Size_Comparison.png,1,DAPR-2000--Digital_Audio_Essentials/Signal_Flow__Cables_and_Connections/DC_Barrel_Size_Comparison.png
303,DAPR-2000--Digital_Audio_Essentials/Signal_Flow__Cables_and_Connections/Dante_Network_Cable.png,1,DAPR-2000--Digital_Audio_Essentials/Signal_Flow__Cables_and_Connections/Dante_Network_Cable.png
304,DAPR-2000--Digital_Audio_Essentials/Signal_Flow__Cables_and_Connections/Db25_AES_Digital.png,1,DAPR-2000--Digital_Audio_Essentials/Signal_Flow__Cables_and_Connections/Db25_AES_Digital.png
305,DAPR-2000--Digital_Audio_Essentials/Signal_Flow__Cables_and_Connections/Db25_Analog_vs_AES.png,1,DAPR-2000--Digital_Audio_Essentials/Signal_Flow__Cables_and_Connections/Db25_Analog_vs_AES.png
306,DAPR-2000--Digital_Audio_Essentials/Signal_Flow__Cables_and_Connections/Db25_Audio_Breakout.png,1,DAPR-2000--Digital_Audio_Essentials/Signal_Flow__Cables_and_Connections/Db25_Audio_Breakout.png
307,DAPR-2000--Digital_Audio_Essentials/Signal_Flow__Cables_and_Connections/Db25_Female.png,1,DAPR-2000--Digital_Audio_Essentials/Signal_Flow__Cables_and_Connections/Db25_Female.png
308,DAPR-2000--Digital_Audio_Essentials/Signal_Flow__Cables_and_Connections/Db25_Male.png,1,DAPR-2000--Digital_Audio_Essentials/Signal_Flow__Cables_and_Connections/Db25_Male.png
309,DAPR-2000--Digital_Audio_Essentials/Signal_Flow__Cables_and_Connections/Edac_516_Male.png,1,DAPR-2000--Digital_Audio_Essentials/Signal_Flow__Cables_and_Connections/Edac_516_Male.png
310,DAPR-2000--Digital_Audio_Essentials/Signal_Flow__Cables_and_Connections/Edac_516_Mating_Pair.png,1,DAPR-2000--Digital_Audio_Essentials/Signal_Flow__Cables_and_Connections/Edac_516_Mating_Pair.png
311,DAPR-2000--Digital_Audio_Essentials/Signal_Flow__Cables_and_Connections/Eighth_Inch_TRRS.png,1,DAPR-2000--Digital_Audio_Essentials/Signal_Flow__Cables_and_Connections/Eighth_Inch_TRRS.png
312,DAPR-2000--Digital_Audio_Essentials/Signal_Flow__Cables_and_Connections/Eighth_Inch_TRS.png,1,DAPR-2000--Digital_Audio_Essentials/Signal_Flow__Cables_and_Connections/Eighth_Inch_TRS.png
313,DAPR-2000--Digital_Audio_Essentials/Signal_Flow__Cables_and_Connections/Eighth_Inch_TS.png,1,DAPR-2000--Digital_Audio_Essentials/Signal_Flow__Cables_and_Connections/Eighth_Inch_TS.png
314,DAPR-2000--Digital_Audio_Essentials/Signal_Flow__Cables_and_Connections/Eighth_Inch_to_Quarter_Inch_Adapter.png,1,DAPR-2000--Digital_Audio_Essentials/Signal_Flow__Cables_and_Connections/Eighth_Inch_to_Quarter_Inch_Adapter.png
315,DAPR-2000--Digital_Audio_Essentials/Signal_Flow__Cables_and_Connections/Ethercon.png,1,DAPR-2000--Digital_Audio_Essentials/Signal_Flow__Cables_and_Connections/Ethercon.png
316,DAPR-2000--Digital_Audio_Essentials/Signal_Flow__Cables_and_Connections/FireWire_400_vs_800.png,0,
317,DAPR-2000--Digital_Audio_Essentials/Signal_Flow__Cables_and_Connections/Firewire_400_4_Pin.png,1,DAPR-2000--Digital_Audio_Essentials/Signal_Flow__Cables_and_Connections/Firewire_400_4_Pin.png
318,DAPR-2000--Digital_Audio_Essentials/Signal_Flow__Cables_and_Connections/Firewire_400_6_Pin.png,1,DAPR-2000--Digital_Audio_Essentials/Signal_Flow__Cables_and_Connections/Firewire_400_6_Pin.png
319,DAPR-2000--Digital_Audio_Essentials/Signal_Flow__Cables_and_Connections/Firewire_800_9_Pin.png,1,DAPR-2000--Digital_Audio_Essentials/Signal_Flow__Cables_and_Connections/Firewire_800_9_Pin.png
320,DAPR-2000--Digital_Audio_Essentials/Signal_Flow__Cables_and_Connections/Focusrite_Scarlett.jpg,1,DAPR-2000--Digital_Audio_Essentials/Signal_Flow__Cables_and_Connections/Focusrite_Scarlett.jpg
321,DAPR-2000--Digital_Audio_Essentials/Signal_Flow__Cables_and_Connections/HDMI_Type_A.png,0,
322,DAPR-2000--Digital_Audio_Essentials/Signal_Flow__Cables_and_Connections/Headphones.png,1,DAPR-2000--Digital_Audio_Essentials/Signal_Flow__Cables_and_Connections/Headphones.png
323,DAPR-2000--Digital_Audio_Essentials/Signal_Flow__Cables_and_Connections/Hirose_4_Pin_DC.png,1,DAPR-2000--Digital_Audio_Essentials/Signal_Flow__Cables_and_Connections/Hirose_4_Pin_DC.png
324,DAPR-2000--Digital_Audio_Essentials/Signal_Flow__Cables_and_Connections/Home_Studio_Signal_Flow.jpg,1,DAPR-2000--Digital_Audio_Essentials/Signal_Flow__Cables_and_Connections/Home_Studio_Signal_Flow.jpg
325,DAPR-2000--Digital_Audio_Essentials/Signal_Flow__Cables_and_Connections/Iec_C13.png,1,DAPR-2000--Digital_Audio_Essentials/Signal_Flow__Cables_and_Connections/Iec_C13.png
326,DAPR-2000--Digital_Audio_Essentials/Signal_Flow__Cables_and_Connections/Iec_C14.png,1,DAPR-2000--Digital_Audio_Essentials/Signal_Flow__Cables_and_Connections/Iec_C14.png
327,DAPR-2000--Digital_Audio_Essentials/Signal_Flow__Cables_and_Connections/Instrument_vs_Speaker_Cable.png,1,DAPR-2000--Digital_Audio_Essentials/Signal_Flow__Cables_and_Connections/Instrument_vs_Speaker_Cable.png
328,DAPR-2000--Digital_Audio_Essentials/Signal_Flow__Cables_and_Connections/Laptop.jpg,1,DAPR-2000--Digital_Audio_Essentials/Signal_Flow__Cables_and_Connections/Laptop.jpg
329,DAPR-2000--Digital_Audio_Essentials/Signal_Flow__Cables_and_Connections/Latching_Iec_Inlet.png,1,DAPR-2000--Digital_Audio_Essentials/Signal_Flow__Cables_and_Connections/Latching_Iec_Inlet.png
330,DAPR-2000--Digital_Audio_Essentials/Signal_Flow__Cables_and_Connections/Locking_Twist_Connector.png,1,DAPR-2000--Digital_Audio_Essentials/Signal_Flow__Cables_and_Connections/Locking_Twist_Connector.png
331,DAPR-2000--Digital_Audio_Essentials/Signal_Flow__Cables_and_Connections/MIDI_5_Pin_DIN_Female.png,2,DAPR-2255--Audio_Hardware_I/MIDI__Systems_and_Implementation/DIN_5_Pin_Female_Jack.png;DAPR-2000--Digital_Audio_Essentials/Signal_Flow__Cables_and_Connections/MIDI_5_Pin_DIN_Female.png
332,DAPR-2000--Digital_Audio_Essentials/Signal_Flow__Cables_and_Connections/MIDI_5_Pin_DIN_Male.png,2,DAPR-2255--Audio_Hardware_I/MIDI__Systems_and_Implementation/DIN_5_Pin_Male_Plug.png;DAPR-2000--Digital_Audio_Essentials/Signal_Flow__Cables_and_Connections/MIDI_5_Pin_DIN_Male.png
333,DAPR-2000--Digital_Audio_Essentials/Signal_Flow__Cables_and_Connections/MIDI_5_Pin_DIN_Pin_Layout.png,1,DAPR-2000--Digital_Audio_Essentials/Signal_Flow__Cables_and_Connections/MIDI_5_Pin_DIN_Pin_Layout.png
334,DAPR-2000--Digital_Audio_Essentials/Signal_Flow__Cables_and_Connections/Mini_TOSLINK.png,1,DAPR-2000--Digital_Audio_Essentials/Signal_Flow__Cables_and_Connections/Mini_TOSLINK.png
335,DAPR-2000--Digital_Audio_Essentials/Signal_Flow__Cables_and_Connections/Multipin_Industrial_Style.png,0,
336,DAPR-2000--Digital_Audio_Essentials/Signal_Flow__Cables_and_Connections/Phone_Plug_Size_Comparison.png,1,DAPR-2000--Digital_Audio_Essentials/Signal_Flow__Cables_and_Connections/Phone_Plug_Size_Comparison.png
337,DAPR-2000--Digital_Audio_Essentials/Signal_Flow__Cables_and_Connections/Quarter_Inch_Speaker_Cable.png,1,DAPR-2000--Digital_Audio_Essentials/Signal_Flow__Cables_and_Connections/Quarter_Inch_Speaker_Cable.png
338,DAPR-2000--Digital_Audio_Essentials/Signal_Flow__Cables_and_Connections/Quarter_Inch_TRS.png,1,DAPR-2000--Digital_Audio_Essentials/Signal_Flow__Cables_and_Connections/Quarter_Inch_TRS.png
339,DAPR-2000--Digital_Audio_Essentials/Signal_Flow__Cables_and_Connections/Quarter_Inch_TS.png,1,DAPR-2000--Digital_Audio_Essentials/Signal_Flow__Cables_and_Connections/Quarter_Inch_TS.png
340,DAPR-2000--Digital_Audio_Essentials/Signal_Flow__Cables_and_Connections/Quarter_Inch_TS_vs_TRS.png,1,DAPR-2000--Digital_Audio_Essentials/Signal_Flow__Cables_and_Connections/Quarter_Inch_TS_vs_TRS.png
341,DAPR-2000--Digital_Audio_Essentials/Signal_Flow__Cables_and_Connections/Quarter_Inch_to_Eighth_Inch_Adapter.png,1,DAPR-2000--Digital_Audio_Essentials/Signal_Flow__Cables_and_Connections/Quarter_Inch_to_Eighth_Inch_Adapter.png
342,DAPR-2000--Digital_Audio_Essentials/Signal_Flow__Cables_and_Connections/RCA_Analog_Audio.png,1,DAPR-2000--Digital_Audio_Essentials/Signal_Flow__Cables_and_Connections/RCA_Analog_Audio.png
343,DAPR-2000--Digital_Audio_Essentials/Signal_Flow__Cables_and_Connections/RCA_Analog_Audio_Alt.png,0,
344,DAPR-2000--Digital_Audio_Essentials/Signal_Flow__Cables_and_Connections/RCA_Analog_vs_SPDIF.png,1,DAPR-2000--Digital_Audio_Essentials/Signal_Flow__Cables_and_Connections/RCA_Analog_vs_SPDIF.png
345,DAPR-2000--Digital_Audio_Essentials/Signal_Flow__Cables_and_Connections/RCA_Female.png,1,DAPR-2000--Digital_Audio_Essentials/Signal_Flow__Cables_and_Connections/RCA_Female.png
346,DAPR-2000--Digital_Audio_Essentials/Signal_Flow__Cables_and_Connections/RCA_Male.png,1,DAPR-2000--Digital_Audio_Essentials/Signal_Flow__Cables_and_Connections/RCA_Male.png
347,DAPR-2000--Digital_Audio_Essentials/Signal_Flow__Cables_and_Connections/RCA_SPDIF_75_Ohm.png,1,DAPR-2000--Digital_Audio_Essentials/Signal_Flow__Cables_and_Connections/RCA_SPDIF_75_Ohm.png
348,DAPR-2000--Digital_Audio_Essentials/Signal_Flow__Cables_and_Connections/Rj45_8p8c_Jack.png,1,DAPR-2000--Digital_Audio_Essentials/Signal_Flow__Cables_and_Connections/Rj45_8p8c_Jack.png
349,DAPR-2000--Digital_Audio_Essentials/Signal_Flow__Cables_and_Connections/Rj45_8p8c_Plug.png,1,DAPR-2000--Digital_Audio_Essentials/Signal_Flow__Cables_and_Connections/Rj45_8p8c_Plug.png
350,DAPR-2000--Digital_Audio_Essentials/Signal_Flow__Cables_and_Connections/Rj45_vs_Ethercon.png,1,DAPR-2000--Digital_Audio_Essentials/Signal_Flow__Cables_and_Connections/Rj45_vs_Ethercon.png
351,DAPR-2000--Digital_Audio_Essentials/Signal_Flow__Cables_and_Connections/Same_Connector_Different_Impedance_BNC.png,1,DAPR-2000--Digital_Audio_Essentials/Signal_Flow__Cables_and_Connections/Same_Connector_Different_Impedance_BNC.png
352,DAPR-2000--Digital_Audio_Essentials/Signal_Flow__Cables_and_Connections/Same_Connector_Different_Protocol_Usbc.png,1,DAPR-2000--Digital_Audio_Essentials/Signal_Flow__Cables_and_Connections/Same_Connector_Different_Protocol_Usbc.png
353,DAPR-2000--Digital_Audio_Essentials/Signal_Flow__Cables_and_Connections/Same_Connector_Different_Signal_RCA.png,1,DAPR-2000--Digital_Audio_Essentials/Signal_Flow__Cables_and_Connections/Same_Connector_Different_Signal_RCA.png
354,DAPR-2000--Digital_Audio_Essentials/Signal_Flow__Cables_and_Connections/Same_Connector_Different_Signal_XLR.png,1,DAPR-2000--Digital_Audio_Essentials/Signal_Flow__Cables_and_Connections/Same_Connector_Different_Signal_XLR.png
355,DAPR-2000--Digital_Audio_Essentials/Signal_Flow__Cables_and_Connections/Speakon_2_Pole.png,1,DAPR-2000--Digital_Audio_Essentials/Signal_Flow__Cables_and_Connections/Speakon_2_Pole.png
356,DAPR-2000--Digital_Audio_Essentials/Signal_Flow__Cables_and_Connections/Speakon_4_Pole.png,1,DAPR-2000--Digital_Audio_Essentials/Signal_Flow__Cables_and_Connections/Speakon_4_Pole.png
357,DAPR-2000--Digital_Audio_Essentials/Signal_Flow__Cables_and_Connections/Sub_Mini_2_5mm.png,0,
358,DAPR-2000--Digital_Audio_Essentials/Signal_Flow__Cables_and_Connections/TA3_Mini_XLR.png,1,DAPR-2000--Digital_Audio_Essentials/Signal_Flow__Cables_and_Connections/TA3_Mini_XLR.png
359,DAPR-2000--Digital_Audio_Essentials/Signal_Flow__Cables_and_Connections/TA5_Mini_XLR.png,1,DAPR-2000--Digital_Audio_Essentials/Signal_Flow__Cables_and_Connections/TA5_Mini_XLR.png
360,DAPR-2000--Digital_Audio_Essentials/Signal_Flow__Cables_and_Connections/TOSLINK_Optical.png,1,DAPR-2000--Digital_Audio_Essentials/Signal_Flow__Cables_and_Connections/TOSLINK_Optical.png
361,DAPR-2000--Digital_Audio_Essentials/Signal_Flow__Cables_and_Connections/TOSLINK_vs_Mini_TOSLINK.png,1,DAPR-2000--Digital_Audio_Essentials/Signal_Flow__Cables_and_Connections/TOSLINK_vs_Mini_TOSLINK.png
362,DAPR-2000--Digital_Audio_Essentials/Signal_Flow__Cables_and_Connections/TRS.jpg,0,
363,DAPR-2000--Digital_Audio_Essentials/Signal_Flow__Cables_and_Connections/TT_Bantam_Plug_Two_Contacts_Wrong.png,0,
364,DAPR-2000--Digital_Audio_Essentials/Signal_Flow__Cables_and_Connections/TT_vs_Quarter_Inch.png,0,
365,DAPR-2000--Digital_Audio_Essentials/Signal_Flow__Cables_and_Connections/Tfunk_Mic.jpg,1,DAPR-2000--Digital_Audio_Essentials/Signal_Flow__Cables_and_Connections/Tfunk_Mic.jpg
366,DAPR-2000--Digital_Audio_Essentials/Signal_Flow__Cables_and_Connections/Thunderbolt_USB_C.png,1,DAPR-2000--Digital_Audio_Essentials/Signal_Flow__Cables_and_Connections/Thunderbolt_USB_C.png
367,DAPR-2000--Digital_Audio_Essentials/Signal_Flow__Cables_and_Connections/Tt_Bantam_Patch_Cable.png,1,DAPR-2000--Digital_Audio_Essentials/Signal_Flow__Cables_and_Connections/Tt_Bantam_Patch_Cable.png
368,DAPR-2000--Digital_Audio_Essentials/Signal_Flow__Cables_and_Connections/Tt_Bantam_Plug.png,1,DAPR-2000--Digital_Audio_Essentials/Signal_Flow__Cables_and_Connections/Tt_Bantam_Plug.png
369,DAPR-2000--Digital_Audio_Essentials/Signal_Flow__Cables_and_Connections/Tt_vs_Eighth_Inch.png,1,DAPR-2000--Digital_Audio_Essentials/Signal_Flow__Cables_and_Connections/Tt_vs_Eighth_Inch.png
370,DAPR-2000--Digital_Audio_Essentials/Signal_Flow__Cables_and_Connections/USB.jpg,0,
371,DAPR-2000--Digital_Audio_Essentials/Signal_Flow__Cables_and_Connections/USB_A_Female.png,0,
372,DAPR-2000--Digital_Audio_Essentials/Signal_Flow__Cables_and_Connections/USB_B_Female.png,0,
373,DAPR-2000--Digital_Audio_Essentials/Signal_Flow__Cables_and_Connections/USB_B_Male.png,1,DAPR-2000--Digital_Audio_Essentials/Signal_Flow__Cables_and_Connections/USB_B_Male.png
374,DAPR-2000--Digital_Audio_Essentials/Signal_Flow__Cables_and_Connections/USB_C_Plug.png,1,DAPR-2000--Digital_Audio_Essentials/Signal_Flow__Cables_and_Connections/USB_C_Plug.png
375,DAPR-2000--Digital_Audio_Essentials/Signal_Flow__Cables_and_Connections/USB_C_Port.png,0,
376,DAPR-2000--Digital_Audio_Essentials/Signal_Flow__Cables_and_Connections/USB_C_to_Eighth_Inch_Adapter.png,0,
377,DAPR-2000--Digital_Audio_Essentials/Signal_Flow__Cables_and_Connections/USB_C_to_HDMI_Adapter.png,1,DAPR-2000--Digital_Audio_Essentials/Signal_Flow__Cables_and_Connections/USB_C_to_HDMI_Adapter.png
378,DAPR-2000--Digital_Audio_Essentials/Signal_Flow__Cables_and_Connections/USB_C_to_USB_B_Interface.png,1,DAPR-2000--Digital_Audio_Essentials/Signal_Flow__Cables_and_Connections/USB_C_to_USB_B_Interface.png
379,DAPR-2000--Digital_Audio_Essentials/Signal_Flow__Cables_and_Connections/USB_C_to_USB_a_Adapter.png,1,DAPR-2000--Digital_Audio_Essentials/Signal_Flow__Cables_and_Connections/USB_C_to_USB_a_Adapter.png
380,DAPR-2000--Digital_Audio_Essentials/Signal_Flow__Cables_and_Connections/USB_C_vs_Thunderbolt.png,1,DAPR-2000--Digital_Audio_Essentials/Signal_Flow__Cables_and_Connections/USB_C_vs_Thunderbolt.png
381,DAPR-2000--Digital_Audio_Essentials/Signal_Flow__Cables_and_Connections/USB_Micro_B.png,1,DAPR-2000--Digital_Audio_Essentials/Signal_Flow__Cables_and_Connections/USB_Micro_B.png
382,DAPR-2000--Digital_Audio_Essentials/Signal_Flow__Cables_and_Connections/USB_Micro_B_Superspeed.png,0,
383,DAPR-2000--Digital_Audio_Essentials/Signal_Flow__Cables_and_Connections/USB_Mini_B.png,1,DAPR-2000--Digital_Audio_Essentials/Signal_Flow__Cables_and_Connections/USB_Mini_B.png
384,DAPR-2000--Digital_Audio_Essentials/Signal_Flow__Cables_and_Connections/USB_a_Male.png,1,DAPR-2000--Digital_Audio_Essentials/Signal_Flow__Cables_and_Connections/USB_a_Male.png
385,DAPR-2000--Digital_Audio_Essentials/Signal_Flow__Cables_and_Connections/USB_a_to_USB_C_Adapter.png,1,DAPR-2000--Digital_Audio_Essentials/Signal_Flow__Cables_and_Connections/USB_a_to_USB_C_Adapter.png
386,DAPR-2000--Digital_Audio_Essentials/Signal_Flow__Cables_and_Connections/USB_a_vs_B_vs_C.png,1,DAPR-2000--Digital_Audio_Essentials/Signal_Flow__Cables_and_Connections/USB_a_vs_B_vs_C.png
387,DAPR-2000--Digital_Audio_Essentials/Signal_Flow__Cables_and_Connections/USB_vs_Firewire.png,1,DAPR-2000--Digital_Audio_Essentials/Signal_Flow__Cables_and_Connections/USB_vs_Firewire.png
388,DAPR-2000--Digital_Audio_Essentials/Signal_Flow__Cables_and_Connections/XLR.jpg,0,
389,DAPR-2000--Digital_Audio_Essentials/Signal_Flow__Cables_and_Connections/XLR_3_Pin_Female.png,1,DAPR-2000--Digital_Audio_Essentials/Signal_Flow__Cables_and_Connections/XLR_3_Pin_Female.png
390,DAPR-2000--Digital_Audio_Essentials/Signal_Flow__Cables_and_Connections/XLR_3_Pin_Male.png,1,DAPR-2000--Digital_Audio_Essentials/Signal_Flow__Cables_and_Connections/XLR_3_Pin_Male.png
391,DAPR-2000--Digital_Audio_Essentials/Signal_Flow__Cables_and_Connections/XLR_4_Pin_Female.png,0,
392,DAPR-2000--Digital_Audio_Essentials/Signal_Flow__Cables_and_Connections/XLR_4_Pin_Male.png,1,DAPR-2000--Digital_Audio_Essentials/Signal_Flow__Cables_and_Connections/XLR_4_Pin_Male.png
393,DAPR-2000--Digital_Audio_Essentials/Signal_Flow__Cables_and_Connections/XLR_5_Pin_Female.png,1,DAPR-2000--Digital_Audio_Essentials/Signal_Flow__Cables_and_Connections/XLR_5_Pin_Female.png
394,DAPR-2000--Digital_Audio_Essentials/Signal_Flow__Cables_and_Connections/XLR_5_Pin_Male.png,1,DAPR-2000--Digital_Audio_Essentials/Signal_Flow__Cables_and_Connections/XLR_5_Pin_Male.png
395,DAPR-2000--Digital_Audio_Essentials/Signal_Flow__Cables_and_Connections/XLR_AES3_110_Ohm.png,1,DAPR-2000--Digital_Audio_Essentials/Signal_Flow__Cables_and_Connections/XLR_AES3_110_Ohm.png
396,DAPR-2000--Digital_Audio_Essentials/Signal_Flow__Cables_and_Connections/XLR_Analog_Balanced.png,1,DAPR-2000--Digital_Audio_Essentials/Signal_Flow__Cables_and_Connections/XLR_Analog_Balanced.png
397,DAPR-2000--Digital_Audio_Essentials/Signal_Flow__Cables_and_Connections/XLR_Analog_vs_AES3.png,1,DAPR-2000--Digital_Audio_Essentials/Signal_Flow__Cables_and_Connections/XLR_Analog_vs_AES3.png
398,DAPR-2000--Digital_Audio_Essentials/Signal_Flow__Cables_and_Connections/XLR_TRS_Combo_Jack.png,1,DAPR-2000--Digital_Audio_Essentials/Signal_Flow__Cables_and_Connections/XLR_TRS_Combo_Jack.png
399,DAPR-2000--Digital_Audio_Essentials/Sound__The_Decibel/Decibel_Log_Scale.jpg,1,DAPR-2000--Digital_Audio_Essentials/Sound__The_Decibel/Decibel_Log_Scale.jpg
400,DAPR-2000--Digital_Audio_Essentials/Sound__The_Decibel/Krakatoa_Header.png,1,DAPR-2000--Digital_Audio_Essentials/Sound__The_Decibel/Krakatoa_Header.png
401,DAPR-2000--Digital_Audio_Essentials/Sound__The_Decibel/Reference_Ladder.png,1,DAPR-2000--Digital_Audio_Essentials/Sound__The_Decibel/Reference_Ladder.png
402,DAPR-2000--Digital_Audio_Essentials/Sound__The_Decibel/Series_Parallel.png,1,DAPR-2000--Digital_Audio_Essentials/Sound__The_Decibel/Series_Parallel.png
403,DAPR-2000--Digital_Audio_Essentials/Sound__The_Decibel/The_Decibel.jpg,1,DAPR-2000--Digital_Audio_Essentials/Sound__The_Decibel/The_Decibel.jpg
404,DAPR-2000--Digital_Audio_Essentials/Sound__The_Decibel/The_Uberschall_Dream_Meets_Real_World_Math.png,1,DAPR-2000--Digital_Audio_Essentials/Sound__The_Decibel/The_Uberschall_Dream_Meets_Real_World_Math.png
405,DAPR-2000--Digital_Audio_Essentials/Sound__Wave_Properties_Hearing_and_Frequency/Adsr_Envelope.png,1,DAPR-2000--Digital_Audio_Essentials/Sound__Wave_Properties_Hearing_and_Frequency/Adsr_Envelope.png
406,DAPR-2000--Digital_Audio_Essentials/Sound__Wave_Properties_Hearing_and_Frequency/Amplitude_Change.png,1,DAPR-2000--Digital_Audio_Essentials/Sound__Wave_Properties_Hearing_and_Frequency/Amplitude_Change.png
407,DAPR-2000--Digital_Audio_Essentials/Sound__Wave_Properties_Hearing_and_Frequency/Anatomy.png,1,DAPR-2000--Digital_Audio_Essentials/Sound__Wave_Properties_Hearing_and_Frequency/Anatomy.png
408,DAPR-2000--Digital_Audio_Essentials/Sound__Wave_Properties_Hearing_and_Frequency/Audible_Range.png,1,DAPR-2000--Digital_Audio_Essentials/Sound__Wave_Properties_Hearing_and_Frequency/Audible_Range.png
409,DAPR-2000--Digital_Audio_Essentials/Sound__Wave_Properties_Hearing_and_Frequency/Chorus.png,1,DAPR-2000--Digital_Audio_Essentials/Sound__Wave_Properties_Hearing_and_Frequency/Chorus.png
410,DAPR-2000--Digital_Audio_Essentials/Sound__Wave_Properties_Hearing_and_Frequency/Clipping.png,1,DAPR-2000--Digital_Audio_Essentials/Sound__Wave_Properties_Hearing_and_Frequency/Clipping.png
411,DAPR-2000--Digital_Audio_Essentials/Sound__Wave_Properties_Hearing_and_Frequency/Clipping_Distortion.png,1,DAPR-2000--Digital_Audio_Essentials/Sound__Wave_Properties_Hearing_and_Frequency/Clipping_Distortion.png
412,DAPR-2000--Digital_Audio_Essentials/Sound__Wave_Properties_Hearing_and_Frequency/Diagram_Adiabatic_vs_Isothermal.jpg,0,
413,DAPR-2000--Digital_Audio_Essentials/Sound__Wave_Properties_Hearing_and_Frequency/Diagram_Altitude_Speed_Constant.jpg,0,
414,DAPR-2000--Digital_Audio_Essentials/Sound__Wave_Properties_Hearing_and_Frequency/Diagram_Collision_Relay.jpg,0,
415,DAPR-2000--Digital_Audio_Essentials/Sound__Wave_Properties_Hearing_and_Frequency/Diagram_Delay_Tower_Drift.jpg,0,
416,DAPR-2000--Digital_Audio_Essentials/Sound__Wave_Properties_Hearing_and_Frequency/Diagram_Gamma_Degrees_of_Freedom.jpg,0,
417,DAPR-2000--Digital_Audio_Essentials/Sound__Wave_Properties_Hearing_and_Frequency/Diagram_Gamma_Piston_vs_Box.jpg,0,
418,DAPR-2000--Digital_Audio_Essentials/Sound__Wave_Properties_Hearing_and_Frequency/Diagram_Impedance_Coupling.jpg,0,
419,DAPR-2000--Digital_Audio_Essentials/Sound__Wave_Properties_Hearing_and_Frequency/Diagram_Kelvin_Ladder_Phases.jpg,0,
420,DAPR-2000--Digital_Audio_Essentials/Sound__Wave_Properties_Hearing_and_Frequency/Diagram_Nondispersive_Arrival.jpg,0,
421,DAPR-2000--Digital_Audio_Essentials/Sound__Wave_Properties_Hearing_and_Frequency/Diagram_Sofar_Channel.jpg,0,
422,DAPR-2000--Digital_Audio_Essentials/Sound__Wave_Properties_Hearing_and_Frequency/Diagram_Sofar_Channel_Chart.png,0,
423,DAPR-2000--Digital_Audio_Essentials/Sound__Wave_Properties_Hearing_and_Frequency/Diagram_Speed_Across_Media.jpg,0,
424,DAPR-2000--Digital_Audio_Essentials/Sound__Wave_Properties_Hearing_and_Frequency/Diagram_Speed_Across_Media_Chart.png,0,
425,DAPR-2000--Digital_Audio_Essentials/Sound__Wave_Properties_Hearing_and_Frequency/Diagram_Speed_vs_Temperature_Curve.jpg,0,
426,DAPR-2000--Digital_Audio_Essentials/Sound__Wave_Properties_Hearing_and_Frequency/Diagram_Stiffness_vs_Density.jpg,0,
427,DAPR-2000--Digital_Audio_Essentials/Sound__Wave_Properties_Hearing_and_Frequency/Diagram_Temperature_Molecular_Speed.jpg,0,
428,DAPR-2000--Digital_Audio_Essentials/Sound__Wave_Properties_Hearing_and_Frequency/Diagram_Temperature_Refraction.jpg,0,
429,DAPR-2000--Digital_Audio_Essentials/Sound__Wave_Properties_Hearing_and_Frequency/Diagram_Wavelength_Ruler.jpg,0,
430,DAPR-2000--Digital_Audio_Essentials/Sound__Wave_Properties_Hearing_and_Frequency/Diagram_Wind_Refraction.jpg,0,
431,DAPR-2000--Digital_Audio_Essentials/Sound__Wave_Properties_Hearing_and_Frequency/Frequency_and_Wavelength.png,0,
432,DAPR-2000--Digital_Audio_Essentials/Sound__Wave_Properties_Hearing_and_Frequency/Harmonics_Sum_to_Resultant_Wave.png,1,DAPR-2000--Digital_Audio_Essentials/Sound__Wave_Properties_Hearing_and_Frequency/Harmonics_Sum_to_Resultant_Wave.png
433,DAPR-2000--Digital_Audio_Essentials/Sound__Wave_Properties_Hearing_and_Frequency/High_and_Low_Frequency_Wave_Comparison.png,1,DAPR-2000--Digital_Audio_Essentials/Sound__Wave_Properties_Hearing_and_Frequency/High_and_Low_Frequency_Wave_Comparison.png
434,DAPR-2000--Digital_Audio_Essentials/Sound__Wave_Properties_Hearing_and_Frequency/Module_Banner.png,1,DAPR-2000--Digital_Audio_Essentials/Sound__Wave_Properties_Hearing_and_Frequency/Module_Banner.png
435,DAPR-2000--Digital_Audio_Essentials/Sound__Wave_Properties_Hearing_and_Frequency/Phase_Cancellation.png,1,DAPR-2000--Digital_Audio_Essentials/Sound__Wave_Properties_Hearing_and_Frequency/Phase_Cancellation.png
436,DAPR-2000--Digital_Audio_Essentials/Sound__Wave_Properties_Hearing_and_Frequency/Phase_Offset.png,1,DAPR-2000--Digital_Audio_Essentials/Sound__Wave_Properties_Hearing_and_Frequency/Phase_Offset.png
437,DAPR-2000--Digital_Audio_Essentials/Sound__Wave_Properties_Hearing_and_Frequency/Photo_Cold_Winter_Load_In.jpg,0,
438,DAPR-2000--Digital_Audio_Essentials/Sound__Wave_Properties_Hearing_and_Frequency/Photo_Dead_Sea_Shore.jpg,0,
439,DAPR-2000--Digital_Audio_Essentials/Sound__Wave_Properties_Hearing_and_Frequency/Photo_Delay_Tower_Field.jpg,0,
440,DAPR-2000--Digital_Audio_Essentials/Sound__Wave_Properties_Hearing_and_Frequency/Photo_Hero_Utah_Valley_Dawn (Adam Olson's conflicted copy 2026-09-23).jpg,0,
441,DAPR-2000--Digital_Audio_Essentials/Sound__Wave_Properties_Hearing_and_Frequency/Photo_High_Altitude_Summit.jpg,0,
442,DAPR-2000--Digital_Audio_Essentials/Sound__Wave_Properties_Hearing_and_Frequency/Photo_Outdoor_Stage_Dusk.jpg,0,
443,DAPR-2000--Digital_Audio_Essentials/Sound__Wave_Properties_Hearing_and_Frequency/Photo_Steel_Structure_Detail.jpg,0,
444,DAPR-2000--Digital_Audio_Essentials/Sound__Wave_Properties_Hearing_and_Frequency/Photo_Underwater_Light_Shafts.jpg,0,
445,DAPR-2000--Digital_Audio_Essentials/Sound__Wave_Properties_Hearing_and_Frequency/Reflection_Absorption_and_Diffusion_Arrow_Panels.png,1,DAPR-2000--Digital_Audio_Essentials/Sound__Wave_Properties_Hearing_and_Frequency/Reflection_Absorption_and_Diffusion_Arrow_Panels.png
446,DAPR-2000--Digital_Audio_Essentials/Sound__Wave_Properties_Hearing_and_Frequency/Room_Modes.jpg,0,
447,DAPR-2000--Digital_Audio_Essentials/Sound__Wave_Properties_Hearing_and_Frequency/Sine_Wave_with_Wavelength_and_Amplitude.png,1,DAPR-2000--Digital_Audio_Essentials/Sound__Wave_Properties_Hearing_and_Frequency/Sine_Wave_with_Wavelength_and_Amplitude.png
448,DAPR-2000--Digital_Audio_Essentials/Sound__Wave_Properties_Hearing_and_Frequency/Threshold_Labeled_Loudness_Contour_Curves.png,1,DAPR-2000--Digital_Audio_Essentials/Sound__Wave_Properties_Hearing_and_Frequency/Threshold_Labeled_Loudness_Contour_Curves.png
449,DAPR-2000--Digital_Audio_Essentials/Sound__Wave_Properties_Hearing_and_Frequency/Timbre.png,0,
450,DAPR-2000--Digital_Audio_Essentials/Sound__Wave_Properties_Hearing_and_Frequency/Time_Domain_vs_Frequency_Domain.png,1,DAPR-2000--Digital_Audio_Essentials/Sound__Wave_Properties_Hearing_and_Frequency/Time_Domain_vs_Frequency_Domain.png
451,DAPR-2000--Digital_Audio_Essentials/Sound__Wave_Properties_Hearing_and_Frequency/Wave_Anatomy.jpg,0,
452,DAPR-2000--Digital_Audio_Essentials/Sound__Wave_Properties_Hearing_and_Frequency/Waveform_Basics.jpg,1,DAPR-2000--Digital_Audio_Essentials/Sound__Wave_Properties_Hearing_and_Frequency/Waveform_Basics.jpg
453,DAPR-2010--Core_Recording/Acoustics/Blue_Arrow_Panels_on_Flat_Surfaces.png,1,DAPR-2010--Core_Recording/Acoustics/Blue_Arrow_Panels_on_Flat_Surfaces.png
454,DAPR-2010--Core_Recording/Acoustics/Blue_Arrow_Panels_with_Angle_Arc.png,0,
455,DAPR-2010--Core_Recording/Acoustics/Room_Paths_with_Arrival_Time_Graph.png,0,
456,DAPR-2010--Core_Recording/Acoustics/Room_Plan_with_Reflection_Points_Marked.png,1,DAPR-2010--Core_Recording/Acoustics/Room_Plan_with_Reflection_Points_Marked.png
457,DAPR-2010--Core_Recording/Acoustics/Small_Room_Setup_Wrong_and_Right.png,1,DAPR-2010--Core_Recording/Acoustics/Small_Room_Setup_Wrong_and_Right.png
458,DAPR-2010--Core_Recording/Acoustics/Standing_Waves_Modes.png,1,DAPR-2010--Core_Recording/Acoustics/Standing_Waves_Modes.png
459,DAPR-2010--Core_Recording/Acoustics/Wiki_Banner.png,1,DAPR-2010--Core_Recording/Acoustics/Wiki_Banner.png
460,DAPR-2010--Core_Recording/Attendance_and_Participation/Attendance_Banner.png,1,DAPR-2010--Core_Recording/Attendance_and_Participation/Attendance_Banner.png
461,DAPR-2010--Core_Recording/Auxiliary_Resources/Wiki_Banner.png,1,DAPR-2010--Core_Recording/Auxiliary_Resources/Wiki_Banner.png
462,DAPR-2010--Core_Recording/Console_Operation/ASP4816_Block_Diagram_Full.png,1,DAPR-2010--Core_Recording/Console_Operation/ASP4816_Block_Diagram_Full.png
463,DAPR-2010--Core_Recording/Console_Operation/ASP4816_Connector_Panel.png,1,DAPR-2010--Core_Recording/Console_Operation/ASP4816_Connector_Panel.png
464,DAPR-2010--Core_Recording/Console_Operation/ASP4816_Typical_Configuration.png,1,DAPR-2010--Core_Recording/Console_Operation/ASP4816_Typical_Configuration.png
465,DAPR-2010--Core_Recording/Console_Operation/Headphone_Mix_Flow.png,1,DAPR-2010--Core_Recording/Console_Operation/Headphone_Mix_Flow.png
466,DAPR-2010--Core_Recording/Console_Operation/Headphone_Mix_Flow_Alt.png,0,
467,DAPR-2010--Core_Recording/Console_Operation/Pre_versus_Post_Fader_Send.png,1,DAPR-2010--Core_Recording/Console_Operation/Pre_versus_Post_Fader_Send.png
468,DAPR-2010--Core_Recording/Console_Operation/Troubleshooting_Order.png,1,DAPR-2010--Core_Recording/Console_Operation/Troubleshooting_Order.png
469,DAPR-2010--Core_Recording/Console_Operation/Troubleshooting_Order_Alt.png,0,
470,DAPR-2010--Core_Recording/Console_Operation/Wiki_Banner.png,1,DAPR-2010--Core_Recording/Console_Operation/Wiki_Banner.png
471,DAPR-2010--Core_Recording/Console_Signal_Flow/ASP4816_Block_Diagram.png,1,DAPR-2010--Core_Recording/Console_Signal_Flow/ASP4816_Block_Diagram.png
472,DAPR-2010--Core_Recording/Console_Signal_Flow/ASP4816_Full_Panel.png,1,DAPR-2010--Core_Recording/Console_Signal_Flow/ASP4816_Full_Panel.png
473,DAPR-2010--Core_Recording/Console_Signal_Flow/ASP4816_Strip_Auxiliaries.png,1,DAPR-2010--Core_Recording/Console_Signal_Flow/ASP4816_Strip_Auxiliaries.png
474,DAPR-2010--Core_Recording/Console_Signal_Flow/ASP4816_Strip_Auxiliaries_Alt.png,0,
475,DAPR-2010--Core_Recording/Console_Signal_Flow/ASP4816_Strip_Auxiliaries_Classic.png,1,DAPR-2010--Core_Recording/Console_Signal_Flow/ASP4816_Strip_Auxiliaries_Classic.png
476,DAPR-2010--Core_Recording/Console_Signal_Flow/ASP4816_Strip_Equalizers.png,1,DAPR-2010--Core_Recording/Console_Signal_Flow/ASP4816_Strip_Equalizers.png
477,DAPR-2010--Core_Recording/Console_Signal_Flow/ASP4816_Strip_Equalizers_Alt.png,0,
478,DAPR-2010--Core_Recording/Console_Signal_Flow/ASP4816_Strip_Equalizers_Classic.png,1,DAPR-2010--Core_Recording/Console_Signal_Flow/ASP4816_Strip_Equalizers_Classic.png
479,DAPR-2010--Core_Recording/Console_Signal_Flow/ASP4816_Strip_Input.png,1,DAPR-2010--Core_Recording/Console_Signal_Flow/ASP4816_Strip_Input.png
480,DAPR-2010--Core_Recording/Console_Signal_Flow/ASP4816_Strip_Input_Classic.png,1,DAPR-2010--Core_Recording/Console_Signal_Flow/ASP4816_Strip_Input_Classic.png
481,DAPR-2010--Core_Recording/Console_Signal_Flow/ASP4816_Strip_Long_Fader.png,1,DAPR-2010--Core_Recording/Console_Signal_Flow/ASP4816_Strip_Long_Fader.png
482,DAPR-2010--Core_Recording/Console_Signal_Flow/ASP4816_Strip_Long_Fader_Alt.png,0,
483,DAPR-2010--Core_Recording/Console_Signal_Flow/ASP4816_Strip_Long_Fader_Classic.png,1,DAPR-2010--Core_Recording/Console_Signal_Flow/ASP4816_Strip_Long_Fader_Classic.png
484,DAPR-2010--Core_Recording/Console_Signal_Flow/ASP4816_Strip_Routing.png,1,DAPR-2010--Core_Recording/Console_Signal_Flow/ASP4816_Strip_Routing.png
485,DAPR-2010--Core_Recording/Console_Signal_Flow/ASP4816_Strip_Routing_Alt.png,0,
486,DAPR-2010--Core_Recording/Console_Signal_Flow/ASP4816_Strip_Routing_Classic.png,1,DAPR-2010--Core_Recording/Console_Signal_Flow/ASP4816_Strip_Routing_Classic.png
487,DAPR-2010--Core_Recording/Console_Signal_Flow/ASP4816_Strip_Short_Fader.png,1,DAPR-2010--Core_Recording/Console_Signal_Flow/ASP4816_Strip_Short_Fader.png
488,DAPR-2010--Core_Recording/Console_Signal_Flow/ASP4816_Strip_Short_Fader_Alt.png,0,
489,DAPR-2010--Core_Recording/Console_Signal_Flow/ASP4816_Strip_Short_Fader_Classic.png,1,DAPR-2010--Core_Recording/Console_Signal_Flow/ASP4816_Strip_Short_Fader_Classic.png
490,DAPR-2010--Core_Recording/Console_Signal_Flow/Audient_Console_Rear_Panel.png,0,
491,DAPR-2010--Core_Recording/Console_Signal_Flow/One_Microphone_Every_Stage.png,1,DAPR-2010--Core_Recording/Console_Signal_Flow/One_Microphone_Every_Stage.png
492,DAPR-2010--Core_Recording/Console_Signal_Flow/Wiki_Banner.png,1,DAPR-2010--Core_Recording/Console_Signal_Flow/Wiki_Banner.png
493,DAPR-2010--Core_Recording/Course_Orientation/Core_Recording_DAPR_2010_002.png,0,
494,DAPR-2010--Core_Recording/Course_Orientation/Course_Card.png,0,
495,DAPR-2010--Core_Recording/Course_Orientation/Course_Card_Alt.png,0,
496,DAPR-2010--Core_Recording/Course_Orientation/Grading_Banner.png,1,DAPR-2010--Core_Recording/Course_Orientation/Grading_Banner.png
497,DAPR-2010--Core_Recording/Course_Orientation/Policies_Banner.png,1,DAPR-2010--Core_Recording/Course_Orientation/Policies_Banner.png
498,DAPR-2010--Core_Recording/Course_Orientation/Term_at_a_Glance.png,1,DAPR-2010--Core_Recording/Course_Orientation/Term_at_a_Glance.png
499,DAPR-2010--Core_Recording/Drum_Recording/Drum_Kit_Panels_with_Overhead_Options.png,1,DAPR-2010--Core_Recording/Drum_Recording/Drum_Kit_Panels_with_Overhead_Options.png
500,DAPR-2010--Core_Recording/Drum_Recording/Kit_Preparation.png,1,DAPR-2010--Core_Recording/Drum_Recording/Kit_Preparation.png
501,DAPR-2010--Core_Recording/Drum_Recording/Kit_Preparation_Alt.png,0,
502,DAPR-2010--Core_Recording/Drum_Recording/Overhead_Kit_Plan_with_Red_Markers.png,1,DAPR-2010--Core_Recording/Drum_Recording/Overhead_Kit_Plan_with_Red_Markers.png
503,DAPR-2010--Core_Recording/Drum_Recording/Overheads_Equal_Distance_to_Snare.png,1,DAPR-2010--Core_Recording/Drum_Recording/Overheads_Equal_Distance_to_Snare.png
504,DAPR-2010--Core_Recording/Drum_Recording/Perspective_Kit_with_Numbered_Blue_Markers.png,1,DAPR-2010--Core_Recording/Drum_Recording/Perspective_Kit_with_Numbered_Blue_Markers.png
505,DAPR-2010--Core_Recording/Drum_Recording/Spaced_Pair_versus_Coincident_Line_Drawing.png,0,
506,DAPR-2010--Core_Recording/Drum_Recording/Tuning_and_Prep.png,1,DAPR-2010--Core_Recording/Drum_Recording/Tuning_and_Prep.png
507,DAPR-2010--Core_Recording/Drum_Recording/Wiki_Banner.png,1,DAPR-2010--Core_Recording/Drum_Recording/Wiki_Banner.png
508,DAPR-2010--Core_Recording/Final_Exam/Final_Study_Guide_Banner.png,1,DAPR-2010--Core_Recording/Final_Exam/Final_Study_Guide_Banner.png
509,DAPR-2010--Core_Recording/Gain_Staging/Decibel_Scales.png,0,
510,DAPR-2010--Core_Recording/Gain_Staging/Decibel_Scales_Aligned_at_Nominal.png,1,DAPR-2010--Core_Recording/Gain_Staging/Decibel_Scales_Aligned_at_Nominal.png
511,DAPR-2010--Core_Recording/Gain_Staging/Decibel_Scales_with_Headroom_Bracket.png,0,
512,DAPR-2010--Core_Recording/Gain_Staging/Headroom_Noise_Floor.png,1,DAPR-2010--Core_Recording/Gain_Staging/Headroom_Noise_Floor.png
513,DAPR-2010--Core_Recording/Gain_Staging/Headroom_Noise_Floor_Alt.png,0,
514,DAPR-2010--Core_Recording/Gain_Staging/Meter_Alignment_Scales.png,1,DAPR-2010--Core_Recording/Gain_Staging/Meter_Alignment_Scales.png
515,DAPR-2010--Core_Recording/Gain_Staging/Wiki_Banner.png,1,DAPR-2010--Core_Recording/Gain_Staging/Wiki_Banner.png
516,DAPR-2010--Core_Recording/Guitar_and_Bass_Recording/Bass_DI_and_Mic_Alignment.png,1,DAPR-2010--Core_Recording/Guitar_and_Bass_Recording/Bass_DI_and_Mic_Alignment.png
517,DAPR-2010--Core_Recording/Guitar_and_Bass_Recording/Detailed_Signal_Chain_with_Orange_Note.png,1,DAPR-2010--Core_Recording/Guitar_and_Bass_Recording/Detailed_Signal_Chain_with_Orange_Note.png
518,DAPR-2010--Core_Recording/Guitar_and_Bass_Recording/Instrument_Split_to_DI_and_Amp.png,1,DAPR-2010--Core_Recording/Guitar_and_Bass_Recording/Instrument_Split_to_DI_and_Amp.png
519,DAPR-2010--Core_Recording/Guitar_and_Bass_Recording/Speaker_Cone_Face_with_Red_Markers.png,0,
520,DAPR-2010--Core_Recording/Guitar_and_Bass_Recording/Speaker_Cone_with_Numbered_Blue_Callouts.png,1,DAPR-2010--Core_Recording/Guitar_and_Bass_Recording/Speaker_Cone_with_Numbered_Blue_Callouts.png
521,DAPR-2010--Core_Recording/Guitar_and_Bass_Recording/Wiki_Banner.png,1,DAPR-2010--Core_Recording/Guitar_and_Bass_Recording/Wiki_Banner.png
522,DAPR-2010--Core_Recording/Impedance_and_Voltage/Bridging_Versus_Matching_Alt.png,0,
523,DAPR-2010--Core_Recording/Impedance_and_Voltage/Bridging_versus_Matching.png,1,DAPR-2010--Core_Recording/Impedance_and_Voltage/Bridging_versus_Matching.png
524,DAPR-2010--Core_Recording/Impedance_and_Voltage/Five_Connection_Cases.png,1,DAPR-2010--Core_Recording/Impedance_and_Voltage/Five_Connection_Cases.png
525,DAPR-2010--Core_Recording/Impedance_and_Voltage/Resistor_Divider_with_Blue_Header_Table.png,1,DAPR-2010--Core_Recording/Impedance_and_Voltage/Resistor_Divider_with_Blue_Header_Table.png
526,DAPR-2010--Core_Recording/Impedance_and_Voltage/Right_and_Wrong_Connections.png,1,DAPR-2010--Core_Recording/Impedance_and_Voltage/Right_and_Wrong_Connections.png
527,DAPR-2010--Core_Recording/Impedance_and_Voltage/Safe_Interconnection.png,1,DAPR-2010--Core_Recording/Impedance_and_Voltage/Safe_Interconnection.png
528,DAPR-2010--Core_Recording/Impedance_and_Voltage/Source_and_Load_Circuit_with_Table.png,0,
529,DAPR-2010--Core_Recording/Impedance_and_Voltage/Voltage_Divider.png,0,
530,DAPR-2010--Core_Recording/Impedance_and_Voltage/Wiki_Banner.png,1,DAPR-2010--Core_Recording/Impedance_and_Voltage/Wiki_Banner.png
531,DAPR-2010--Core_Recording/Microphones/Dark_Green_Polar_Pattern_Row.png,1,DAPR-2010--Core_Recording/Microphones/Dark_Green_Polar_Pattern_Row.png
532,DAPR-2010--Core_Recording/Microphones/Polar_Patterns.png,0,
533,DAPR-2010--Core_Recording/Microphones/Polar_Plots_with_Ring_Scale_Legend.png,0,
534,DAPR-2010--Core_Recording/Microphones/Pressure_vs_Gradient.png,0,
535,DAPR-2010--Core_Recording/Microphones/Proximity_Effect.png,1,DAPR-2010--Core_Recording/Microphones/Proximity_Effect.png
536,DAPR-2010--Core_Recording/Microphones/Proximity_Effect_Alt.png,0,
537,DAPR-2010--Core_Recording/Microphones/Spec_Sheet_Anatomy.png,1,DAPR-2010--Core_Recording/Microphones/Spec_Sheet_Anatomy.png
538,DAPR-2010--Core_Recording/Microphones/Spec_Sheet_Anatomy_Alt.png,0,
539,DAPR-2010--Core_Recording/Microphones/Transducer_Types.png,1,DAPR-2010--Core_Recording/Microphones/Transducer_Types.png
540,DAPR-2010--Core_Recording/Microphones/Transducer_Types_Alt.png,0,
541,DAPR-2010--Core_Recording/Microphones/Wiki_Banner.png,1,DAPR-2010--Core_Recording/Microphones/Wiki_Banner.png
542,DAPR-2010--Core_Recording/Miking_Techniques/Array_Panels_with_Drawn_Microphones.png,1,DAPR-2010--Core_Recording/Miking_Techniques/Array_Panels_with_Drawn_Microphones.png
543,DAPR-2010--Core_Recording/Miking_Techniques/Coincident_Arrays.png,1,DAPR-2010--Core_Recording/Miking_Techniques/Coincident_Arrays.png
544,DAPR-2010--Core_Recording/Miking_Techniques/Coincident_Arrays_Alt.png,0,
545,DAPR-2010--Core_Recording/Miking_Techniques/Phase_Versus_Polarity_Alt.png,0,
546,DAPR-2010--Core_Recording/Miking_Techniques/Phase_versus_Polarity.png,1,DAPR-2010--Core_Recording/Miking_Techniques/Phase_versus_Polarity.png
547,DAPR-2010--Core_Recording/Miking_Techniques/Snare_Top_and_Bottom_Polarity.png,1,DAPR-2010--Core_Recording/Miking_Techniques/Snare_Top_and_Bottom_Polarity.png
548,DAPR-2010--Core_Recording/Miking_Techniques/Three_to_One_Rule.png,0,
549,DAPR-2010--Core_Recording/Miking_Techniques/Titled_Leakage_Path_Spacing_Diagram.png,0,
550,DAPR-2010--Core_Recording/Miking_Techniques/Untitled_Leakage_Path_Spacing_Diagram.png,1,DAPR-2010--Core_Recording/Miking_Techniques/Untitled_Leakage_Path_Spacing_Diagram.png
551,DAPR-2010--Core_Recording/Miking_Techniques/Wiki_Banner.png,1,DAPR-2010--Core_Recording/Miking_Techniques/Wiki_Banner.png
552,DAPR-2010--Core_Recording/Patch_Bays/Normalling_Columns_with_Plain_Jack_Boxes.png,1,DAPR-2010--Core_Recording/Patch_Bays/Normalling_Columns_with_Plain_Jack_Boxes.png
553,DAPR-2010--Core_Recording/Patch_Bays/Normalling_Grid_with_Blue_Patch_Cables.png,1,DAPR-2010--Core_Recording/Patch_Bays/Normalling_Grid_with_Blue_Patch_Cables.png
554,DAPR-2010--Core_Recording/Patch_Bays/Normalling_Types.png,0,
555,DAPR-2010--Core_Recording/Patch_Bays/Studio_B_Bay_Map.png,1,DAPR-2010--Core_Recording/Patch_Bays/Studio_B_Bay_Map.png
556,DAPR-2010--Core_Recording/Patch_Bays/Wiki_Banner.png,1,DAPR-2010--Core_Recording/Patch_Bays/Wiki_Banner.png
557,DAPR-2010--Core_Recording/Pro_Tools_for_Tracking/Pro_Tools_Edit_Window.png,2,DAPR-2010--Core_Recording/Session_Delivery_and_Archiving/Pro_Tools_Edit_Window.png;DAPR-2010--Core_Recording/Pro_Tools_for_Tracking/Pro_Tools_Edit_Window.png
558,DAPR-2010--Core_Recording/Pro_Tools_for_Tracking/Pro_Tools_Mix_Window.png,1,DAPR-2010--Core_Recording/Pro_Tools_for_Tracking/Pro_Tools_Mix_Window.png
559,DAPR-2010--Core_Recording/Pro_Tools_for_Tracking/Pro_Tools_Record_Arm_Controls.png,1,DAPR-2010--Core_Recording/Pro_Tools_for_Tracking/Pro_Tools_Record_Arm_Controls.png
560,DAPR-2010--Core_Recording/Pro_Tools_for_Tracking/Punch_In_With_Pre_and_Post_Roll.png,1,DAPR-2010--Core_Recording/Pro_Tools_for_Tracking/Punch_In_With_Pre_and_Post_Roll.png
561,DAPR-2010--Core_Recording/Pro_Tools_for_Tracking/Punch_and_Playlists.png,1,DAPR-2010--Core_Recording/Pro_Tools_for_Tracking/Punch_and_Playlists.png
562,DAPR-2010--Core_Recording/Pro_Tools_for_Tracking/Punch_and_Playlists_Alt.png,0,
563,DAPR-2010--Core_Recording/Pro_Tools_for_Tracking/Wiki_Banner.png,1,DAPR-2010--Core_Recording/Pro_Tools_for_Tracking/Wiki_Banner.png
564,DAPR-2010--Core_Recording/Session_Delivery_and_Archiving/Assistant_Timeline.png,2,DAPR-2010--Core_Recording/Studio_Etiquette/Assistant_Timeline.png;DAPR-2010--Core_Recording/Session_Delivery_and_Archiving/Assistant_Timeline.png
565,DAPR-2010--Core_Recording/Session_Delivery_and_Archiving/Comping_Playlists.png,2,DAPR-2010--Core_Recording/Session_Delivery_and_Archiving/Comping_Playlists.png;DAPR-2010--Core_Recording/Vocal_Recording/Comping_Playlists.png
566,DAPR-2010--Core_Recording/Session_Delivery_and_Archiving/Session_Folder.png,2,DAPR-2010--Core_Recording/Session_Delivery_and_Archiving/Session_Folder.png;DAPR-2010--Core_Recording/The_Digital_Recording_Process/Session_Folder.png
567,DAPR-2010--Core_Recording/Studio_Business/Break_Even_Rate_by_Utilization.png,1,DAPR-2010--Core_Recording/Studio_Business/Break_Even_Rate_by_Utilization.png
568,DAPR-2010--Core_Recording/Studio_Business/Cost_Breakdown.png,1,DAPR-2010--Core_Recording/Studio_Business/Cost_Breakdown.png
569,DAPR-2010--Core_Recording/Studio_Business/Rate_Structures.png,1,DAPR-2010--Core_Recording/Studio_Business/Rate_Structures.png
570,DAPR-2010--Core_Recording/Studio_Business/Wiki_Banner.png,1,DAPR-2010--Core_Recording/Studio_Business/Wiki_Banner.png
571,DAPR-2010--Core_Recording/Studio_Etiquette/Session_Roles.png,1,DAPR-2010--Core_Recording/Studio_Etiquette/Session_Roles.png
572,DAPR-2010--Core_Recording/Studio_Etiquette/Session_Roles_Alt.png,0,
573,DAPR-2010--Core_Recording/Studio_Etiquette/Where_the_Assistant_Stands.png,1,DAPR-2010--Core_Recording/Studio_Etiquette/Where_the_Assistant_Stands.png
574,DAPR-2010--Core_Recording/Studio_Etiquette/Wiki_Banner.png,1,DAPR-2010--Core_Recording/Studio_Etiquette/Wiki_Banner.png
575,DAPR-2010--Core_Recording/Studio_Use_and_Care/Fragile_Gear.png,1,DAPR-2010--Core_Recording/Studio_Use_and_Care/Fragile_Gear.png
576,DAPR-2010--Core_Recording/Studio_Use_and_Care/Fragile_Gear_Alt.png,0,
577,DAPR-2010--Core_Recording/Studio_Use_and_Care/Gear_Handling.png,1,DAPR-2010--Core_Recording/Studio_Use_and_Care/Gear_Handling.png
578,DAPR-2010--Core_Recording/Studio_Use_and_Care/Power_Up_Sequence.png,1,DAPR-2010--Core_Recording/Studio_Use_and_Care/Power_Up_Sequence.png
579,DAPR-2010--Core_Recording/Studio_Use_and_Care/Power_Up_Sequence_Alt.png,0,
580,DAPR-2010--Core_Recording/Studio_Use_and_Care/Session_Strike_Order.png,1,DAPR-2010--Core_Recording/Studio_Use_and_Care/Session_Strike_Order.png
581,DAPR-2010--Core_Recording/Studio_Use_and_Care/Studio_Floor_Plan.png,1,DAPR-2010--Core_Recording/Studio_Use_and_Care/Studio_Floor_Plan.png
582,DAPR-2010--Core_Recording/Studio_Use_and_Care/Wiki_Banner.png,1,DAPR-2010--Core_Recording/Studio_Use_and_Care/Wiki_Banner.png
583,DAPR-2010--Core_Recording/The_Digital_Recording_Process/Air_to_File.png,1,DAPR-2010--Core_Recording/The_Digital_Recording_Process/Air_to_File.png
584,DAPR-2010--Core_Recording/The_Digital_Recording_Process/Air_to_File_Alt.png,0,
585,DAPR-2010--Core_Recording/The_Digital_Recording_Process/Pro_Tools_Playback_Engine.png,1,DAPR-2010--Core_Recording/The_Digital_Recording_Process/Pro_Tools_Playback_Engine.png
586,DAPR-2010--Core_Recording/The_Digital_Recording_Process/Sample_Rate_Bit_Depth.png,1,DAPR-2010--Core_Recording/The_Digital_Recording_Process/Sample_Rate_Bit_Depth.png
587,DAPR-2010--Core_Recording/The_Digital_Recording_Process/Sample_Rate_Bit_Depth_Alt.png,0,
588,DAPR-2010--Core_Recording/The_Digital_Recording_Process/Session_Folder_Alt.png,0,
589,DAPR-2010--Core_Recording/The_Digital_Recording_Process/Wiki_Banner.png,1,DAPR-2010--Core_Recording/The_Digital_Recording_Process/Wiki_Banner.png
590,DAPR-2010--Core_Recording/Vocal_Recording/Recording_Chain.png,1,DAPR-2010--Core_Recording/Vocal_Recording/Recording_Chain.png
591,DAPR-2010--Core_Recording/Vocal_Recording/Vocal_Booth_Setup_Wrong_and_Right.png,1,DAPR-2010--Core_Recording/Vocal_Recording/Vocal_Booth_Setup_Wrong_and_Right.png
592,DAPR-2010--Core_Recording/Vocal_Recording/Wiki_Banner.png,1,DAPR-2010--Core_Recording/Vocal_Recording/Wiki_Banner.png
593,DAPR-2010--Core_Recording/_unused/ASP4816_Strip_Input_Manual_Drawing.png,0,
594,DAPR-2010--Core_Recording/_unused/ORTF_versus_Spaced_Pair_Panels.png,0,
595,DAPR-2020--Core_Mixing/Acoustics__Mix_Acoustics/First_Reflection_Points.png,1,DAPR-2020--Core_Mixing/Acoustics__Mix_Acoustics/First_Reflection_Points.png
596,DAPR-2020--Core_Mixing/Acoustics__Mix_Acoustics/Listening_Triangle_Overhead.png,1,DAPR-2020--Core_Mixing/Acoustics__Mix_Acoustics/Listening_Triangle_Overhead.png
597,DAPR-2020--Core_Mixing/Acoustics__Mix_Acoustics/Room_Acoustics_Monitoring_Triangle.png,1,DAPR-2020--Core_Mixing/Acoustics__Mix_Acoustics/Room_Acoustics_Monitoring_Triangle.png
598,DAPR-2020--Core_Mixing/Acoustics__Mix_Acoustics/Thin_Foam_versus_Broadband.png,1,DAPR-2020--Core_Mixing/Acoustics__Mix_Acoustics/Thin_Foam_versus_Broadband.png
599,DAPR-2020--Core_Mixing/Acoustics__Mix_Acoustics/Treatment_Types_Comparison.png,1,DAPR-2020--Core_Mixing/Acoustics__Mix_Acoustics/Treatment_Types_Comparison.png
600,DAPR-2020--Core_Mixing/Effects__Balancing_and_Reverb/D_Verb_Algorithms_and_Decay.png,1,DAPR-2020--Core_Mixing/Effects__Balancing_and_Reverb/D_Verb_Algorithms_and_Decay.png
601,DAPR-2020--Core_Mixing/Effects__Balancing_and_Reverb/Depth_In_A_Room_Overhead.png,0,
602,DAPR-2020--Core_Mixing/Effects__Balancing_and_Reverb/Reverb_Depth_and_Distance.png,1,DAPR-2020--Core_Mixing/Effects__Balancing_and_Reverb/Reverb_Depth_and_Distance.png
603,DAPR-2020--Core_Mixing/Effects__Balancing_and_Reverb/Reverb_High_Frequency_Damping.png,1,DAPR-2020--Core_Mixing/Effects__Balancing_and_Reverb/Reverb_High_Frequency_Damping.png
604,DAPR-2020--Core_Mixing/Effects__Balancing_and_Reverb/Reverb_Impulse_Timeline.png,1,DAPR-2020--Core_Mixing/Effects__Balancing_and_Reverb/Reverb_Impulse_Timeline.png
605,DAPR-2020--Core_Mixing/Effects__Balancing_and_Reverb/Send_versus_Insert_Routing.png,1,DAPR-2020--Core_Mixing/Effects__Balancing_and_Reverb/Send_versus_Insert_Routing.png
606,DAPR-2020--Core_Mixing/Effects__Balancing_and_Reverb/Space_Scale_Comparison.png,1,DAPR-2020--Core_Mixing/Effects__Balancing_and_Reverb/Space_Scale_Comparison.png
607,DAPR-2020--Core_Mixing/Effects__Balancing_and_Reverb/Stone_Reverberant_Chamber.jpg,0,
608,DAPR-2020--Core_Mixing/Effects__Balancing_and_Reverb/Three_Source_Depth_Map.png,1,DAPR-2020--Core_Mixing/Effects__Balancing_and_Reverb/Three_Source_Depth_Map.png
609,DAPR-2020--Core_Mixing/Effects__Delay_and_Stereo_Enhancements/Figure_8_Null_Plane.png,1,DAPR-2020--Core_Mixing/Effects__Delay_and_Stereo_Enhancements/Figure_8_Null_Plane.png
610,DAPR-2020--Core_Mixing/Effects__Delay_and_Stereo_Enhancements/Mono_Collapse_Check.png,1,DAPR-2020--Core_Mixing/Effects__Delay_and_Stereo_Enhancements/Mono_Collapse_Check.png
611,DAPR-2020--Core_Mixing/Effects__Delay_and_Stereo_Enhancements/Moogerfooger_Analog_Delay.png,1,DAPR-2020--Core_Mixing/Effects__Delay_and_Stereo_Enhancements/Moogerfooger_Analog_Delay.png
612,DAPR-2020--Core_Mixing/Effects__Delay_and_Stereo_Enhancements/Stereo_Delay_Mono_Compatibility.png,1,DAPR-2020--Core_Mixing/Effects__Delay_and_Stereo_Enhancements/Stereo_Delay_Mono_Compatibility.png
613,DAPR-2020--Core_Mixing/Effects__Delay_and_Stereo_Enhancements/Width_That_Survives_Mono.jpg,0,
614,DAPR-2020--Core_Mixing/Effects__Dynamic_Effects/Attack_Too_Fast_Transient_Loss.png,1,DAPR-2020--Core_Mixing/Effects__Dynamic_Effects/Attack_Too_Fast_Transient_Loss.png
615,DAPR-2020--Core_Mixing/Effects__Dynamic_Effects/Compression_Dynamic_Range.png,1,DAPR-2020--Core_Mixing/Effects__Dynamic_Effects/Compression_Dynamic_Range.png
616,DAPR-2020--Core_Mixing/Effects__Dynamic_Effects/Dyn3_Compressor_Controls.png,1,DAPR-2020--Core_Mixing/Effects__Dynamic_Effects/Dyn3_Compressor_Controls.png
617,DAPR-2020--Core_Mixing/Effects__Dynamic_Effects/Side_Chain_Filter_Kick_Pumping.png,1,DAPR-2020--Core_Mixing/Effects__Dynamic_Effects/Side_Chain_Filter_Kick_Pumping.png
618,DAPR-2020--Core_Mixing/Effects__Dynamic_Effects/Six_Rules_of_Compression.png,1,DAPR-2020--Core_Mixing/Effects__Dynamic_Effects/Six_Rules_of_Compression.png
619,DAPR-2020--Core_Mixing/Effects__Frequency_Dynamics_and_Side-Chains/Catching_One_Sound.png,0,
620,DAPR-2020--Core_Mixing/Effects__Frequency_Dynamics_and_Side-Chains/Kick_Keyed_Ducking_Envelopes.png,1,DAPR-2020--Core_Mixing/Effects__Frequency_Dynamics_and_Side-Chains/Kick_Keyed_Ducking_Envelopes.png
621,DAPR-2020--Core_Mixing/Effects__Frequency_Dynamics_and_Side-Chains/Multiband_Bands_Versus_Dynamic_EQ_Bell.png,1,DAPR-2020--Core_Mixing/Effects__Frequency_Dynamics_and_Side-Chains/Multiband_Bands_Versus_Dynamic_EQ_Bell.png
622,DAPR-2020--Core_Mixing/Effects__Frequency_Dynamics_and_Side-Chains/One_Band_Moving.png,0,
623,DAPR-2020--Core_Mixing/Effects__Frequency_Dynamics_and_Side-Chains/Pro_Compressor_Side_Chain_Key_Input.png,1,DAPR-2020--Core_Mixing/Effects__Frequency_Dynamics_and_Side-Chains/Pro_Compressor_Side_Chain_Key_Input.png
624,DAPR-2020--Core_Mixing/Effects__Frequency_Dynamics_and_Side-Chains/Sibilance_Band_And_Key_Filter.png,1,DAPR-2020--Core_Mixing/Effects__Frequency_Dynamics_and_Side-Chains/Sibilance_Band_And_Key_Filter.png
625,DAPR-2020--Core_Mixing/Effects__Frequency_Dynamics_and_Side-Chains/Side_Chain_Trigger_and_Ducking.png,1,DAPR-2020--Core_Mixing/Effects__Frequency_Dynamics_and_Side-Chains/Side_Chain_Trigger_and_Ducking.png
626,DAPR-2020--Core_Mixing/Effects__Frequency_Dynamics_and_Side-Chains/Sidechain_Ducking.png,1,DAPR-2020--Core_Mixing/Effects__Frequency_Dynamics_and_Side-Chains/Sidechain_Ducking.png
627,DAPR-2020--Core_Mixing/Effects__Frequency_Dynamics_and_Side-Chains/Wideband_Versus_Split_Band_De_Essing.png,1,DAPR-2020--Core_Mixing/Effects__Frequency_Dynamics_and_Side-Chains/Wideband_Versus_Split_Band_De_Essing.png
628,DAPR-2020--Core_Mixing/Effects__Spectral_Effects_and_EQ/304e_Equalizer_Window.png,1,DAPR-2020--Core_Mixing/Effects__Spectral_Effects_and_EQ/304e_Equalizer_Window.png
629,DAPR-2020--Core_Mixing/Effects__Spectral_Effects_and_EQ/Boost_Wide_Cut_Narrow.png,1,DAPR-2020--Core_Mixing/Effects__Spectral_Effects_and_EQ/Boost_Wide_Cut_Narrow.png
630,DAPR-2020--Core_Mixing/Effects__Spectral_Effects_and_EQ/Competing_For_The_Same_Space.png,0,
631,DAPR-2020--Core_Mixing/Effects__Spectral_Effects_and_EQ/EQ_Frequency_Masking.png,1,DAPR-2020--Core_Mixing/Effects__Spectral_Effects_and_EQ/EQ_Frequency_Masking.png
632,DAPR-2020--Core_Mixing/Effects__Spectral_Effects_and_EQ/Six_Filter_Shapes.png,0,
633,DAPR-2020--Core_Mixing/Effects__Spectral_Effects_and_EQ/Tone_Shaping_Bench.jpg,0,
634,DAPR-2020--Core_Mixing/Effects__Spectral_Effects_and_EQ/Vocal_EQ_Frequency_Band_Chart.jpg,1,DAPR-2020--Core_Mixing/Effects__Spectral_Effects_and_EQ/Vocal_EQ_Frequency_Band_Chart.jpg
635,DAPR-2020--Core_Mixing/Final__Final_Mix_and_Final_Exam/Bounce_Mix_Dialog.png,0,
636,DAPR-2020--Core_Mixing/Final__Final_Mix_and_Final_Exam/Professional_Practice_Bounce_Specification.png,1,DAPR-2020--Core_Mixing/Final__Final_Mix_and_Final_Exam/Professional_Practice_Bounce_Specification.png
637,DAPR-2020--Core_Mixing/Final__Final_Mix_and_Final_Exam/Professional_Practice_Bounce_Truncation.png,1,DAPR-2020--Core_Mixing/Final__Final_Mix_and_Final_Exam/Professional_Practice_Bounce_Truncation.png
638,DAPR-2020--Core_Mixing/Final__Final_Mix_and_Final_Exam/Professional_Practice_Delivery_Verification_Checklist.png,1,DAPR-2020--Core_Mixing/Final__Final_Mix_and_Final_Exam/Professional_Practice_Delivery_Verification_Checklist.png
639,DAPR-2020--Core_Mixing/Final__Final_Mix_and_Final_Exam/Study_Guide_Desk.jpg,0,
640,DAPR-2020--Core_Mixing/Mixing__Comping_and_Arrangement/Arrangement_Energy_Map.png,1,DAPR-2020--Core_Mixing/Mixing__Comping_and_Arrangement/Arrangement_Energy_Map.png
641,DAPR-2020--Core_Mixing/Mixing__Comping_and_Arrangement/Gray_Clips_with_Star_and_Crossfade.png,1,DAPR-2020--Core_Mixing/Mixing__Comping_and_Arrangement/Gray_Clips_with_Star_and_Crossfade.png
642,DAPR-2020--Core_Mixing/Mixing__Comping_and_Arrangement/Green_to_Blue_Waveform_Splice_Pair.png,1,DAPR-2020--Core_Mixing/Mixing__Comping_and_Arrangement/Green_to_Blue_Waveform_Splice_Pair.png
643,DAPR-2020--Core_Mixing/Mixing__Comping_and_Arrangement/Lead_Vocal_Take_Rating_Grid.png,1,DAPR-2020--Core_Mixing/Mixing__Comping_and_Arrangement/Lead_Vocal_Take_Rating_Grid.png
644,DAPR-2020--Core_Mixing/Mixing__Comping_and_Arrangement/Playlist_Comp_Lanes.png,1,DAPR-2020--Core_Mixing/Mixing__Comping_and_Arrangement/Playlist_Comp_Lanes.png
645,DAPR-2020--Core_Mixing/Mixing__Comping_and_Arrangement/Pro_Tools_Playlist_Selector_New_Playlist.png,1,DAPR-2020--Core_Mixing/Mixing__Comping_and_Arrangement/Pro_Tools_Playlist_Selector_New_Playlist.png
646,DAPR-2020--Core_Mixing/Mixing__Comping_and_Arrangement/Vocal_Comping_Crossfade_Workflow.png,1,DAPR-2020--Core_Mixing/Mixing__Comping_and_Arrangement/Vocal_Comping_Crossfade_Workflow.png
647,DAPR-2020--Core_Mixing/Mixing__Essential_Groundwork/Channel_Strip_Full_Window.png,1,DAPR-2020--Core_Mixing/Mixing__Master-Buss_Processing_and_Endgame/Channel_Strip_Full_Window.png
648,DAPR-2020--Core_Mixing/Mixing__Essential_Groundwork/Dashboard_New_Session.png,1,DAPR-2020--Core_Mixing/Mixing__Essential_Groundwork/Dashboard_New_Session.png
649,DAPR-2020--Core_Mixing/Mixing__Essential_Groundwork/Gain_Staging_Chain.png,1,DAPR-2020--Core_Mixing/Mixing__Essential_Groundwork/Gain_Staging_Chain.png
650,DAPR-2020--Core_Mixing/Mixing__Essential_Groundwork/Headroom_As_Space.jpg,0,
651,DAPR-2020--Core_Mixing/Mixing__Essential_Groundwork/IO_Setup_Bus_Naming.png,0,
652,DAPR-2020--Core_Mixing/Mixing__Essential_Groundwork/Raw_Against_Prepared_Session.png,0,
653,DAPR-2020--Core_Mixing/Mixing__Essential_Groundwork/Session_Folder_That_Travels.jpg,0,
654,DAPR-2020--Core_Mixing/Mixing__Essential_Groundwork/Session_Preparation_Bench.jpg,0,
655,DAPR-2020--Core_Mixing/Mixing__Essential_Groundwork/Session_Setup_Window.png,0,
656,DAPR-2020--Core_Mixing/Mixing__Focus_and_Balance/Balance_Has_A_Shape.jpg,0,
657,DAPR-2020--Core_Mixing/Mixing__Focus_and_Balance/Channel_Strip_Anatomy.png,1,DAPR-2020--Core_Mixing/Mixing__Focus_and_Balance/Channel_Strip_Anatomy.png
658,DAPR-2020--Core_Mixing/Mixing__Focus_and_Balance/Drum_Mic_Path_Lengths.png,1,DAPR-2020--Core_Mixing/Mixing__Focus_and_Balance/Drum_Mic_Path_Lengths.png
659,DAPR-2020--Core_Mixing/Mixing__Focus_and_Balance/Multi_System_Playback_Check.png,1,DAPR-2020--Core_Mixing/Mixing__Focus_and_Balance/Multi_System_Playback_Check.png
660,DAPR-2020--Core_Mixing/Mixing__Focus_and_Balance/Pro_Tools_Mix_Window.png,1,DAPR-2020--Core_Mixing/Mixing__Focus_and_Balance/Pro_Tools_Mix_Window.png
661,DAPR-2020--Core_Mixing/Mixing__Focus_and_Balance/Single_Blue_Burst_beside_Stacked_Tracks.png,1,DAPR-2020--Core_Mixing/Mixing__Focus_and_Balance/Single_Blue_Burst_beside_Stacked_Tracks.png
662,DAPR-2020--Core_Mixing/Mixing__Focus_and_Balance/Single_Clip_beside_Stacked_Track_Rows.png,1,DAPR-2020--Core_Mixing/Mixing__Focus_and_Balance/Single_Clip_beside_Stacked_Track_Rows.png
663,DAPR-2020--Core_Mixing/Mixing__Focus_and_Balance/Stereo_Field_Map.png,1,DAPR-2020--Core_Mixing/Mixing__Focus_and_Balance/Stereo_Field_Map.png
664,DAPR-2020--Core_Mixing/Mixing__Focus_and_Balance/Technical_Ear_Trainer_Settings.png,1,DAPR-2020--Core_Mixing/Mixing__Focus_and_Balance/Technical_Ear_Trainer_Settings.png
665,DAPR-2020--Core_Mixing/Mixing__In-Class_Mixing/Five_Accumulating_Passes.png,0,
666,DAPR-2020--Core_Mixing/Mixing__In-Class_Mixing/Five_Pass_Mix_Order.png,1,DAPR-2020--Core_Mixing/Mixing__In-Class_Mixing/Five_Pass_Mix_Order.png
667,DAPR-2020--Core_Mixing/Mixing__In-Class_Mixing/Mix_Room_Mid_Session.jpg,0,
668,DAPR-2020--Core_Mixing/Mixing__In-Class_Mixing/Mixing_Against_The_Clock.jpg,0,
669,DAPR-2020--Core_Mixing/Mixing__In-Class_Mixing/Unity_Against_Shaped_Balance.jpg,0,
670,DAPR-2020--Core_Mixing/Mixing__Master-Buss_Processing_and_Endgame/Diminishing_Returns.jpg,0,
671,DAPR-2020--Core_Mixing/Mixing__Master-Buss_Processing_and_Endgame/Distortion_Aliasing_Spectrum.png,1,DAPR-2020--Core_Mixing/Mixing__Master-Buss_Processing_and_Endgame/Distortion_Aliasing_Spectrum.png
672,DAPR-2020--Core_Mixing/Mixing__Master-Buss_Processing_and_Endgame/Distortion_Bitcrusher_Steps.png,1,DAPR-2020--Core_Mixing/Mixing__Master-Buss_Processing_and_Endgame/Distortion_Bitcrusher_Steps.png
673,DAPR-2020--Core_Mixing/Mixing__Master-Buss_Processing_and_Endgame/Distortion_Bridge_vs_Neck_Pickup.png,1,DAPR-2020--Core_Mixing/Mixing__Master-Buss_Processing_and_Endgame/Distortion_Bridge_vs_Neck_Pickup.png
674,DAPR-2020--Core_Mixing/Mixing__Master-Buss_Processing_and_Endgame/Distortion_Digital_Clip_vs_Analog_Saturation.png,1,DAPR-2020--Core_Mixing/Mixing__Master-Buss_Processing_and_Endgame/Distortion_Digital_Clip_vs_Analog_Saturation.png
675,DAPR-2020--Core_Mixing/Mixing__Master-Buss_Processing_and_Endgame/Distortion_Harmonic_Spectra.png,1,DAPR-2020--Core_Mixing/Mixing__Master-Buss_Processing_and_Endgame/Distortion_Harmonic_Spectra.png
676,DAPR-2020--Core_Mixing/Mixing__Master-Buss_Processing_and_Endgame/Distortion_Inter_Sample_Peak.png,1,DAPR-2020--Core_Mixing/Mixing__Master-Buss_Processing_and_Endgame/Distortion_Inter_Sample_Peak.png
677,DAPR-2020--Core_Mixing/Mixing__Master-Buss_Processing_and_Endgame/Distortion_Pedal_Transfer_Curves.png,1,DAPR-2020--Core_Mixing/Mixing__Master-Buss_Processing_and_Endgame/Distortion_Pedal_Transfer_Curves.png
678,DAPR-2020--Core_Mixing/Mixing__Master-Buss_Processing_and_Endgame/Distortion_Pre_and_Post_EQ_Chain.png,1,DAPR-2020--Core_Mixing/Mixing__Master-Buss_Processing_and_Endgame/Distortion_Pre_and_Post_EQ_Chain.png
679,DAPR-2020--Core_Mixing/Mixing__Master-Buss_Processing_and_Endgame/Distortion_Soft_vs_Hard_Clipping.png,1,DAPR-2020--Core_Mixing/Mixing__Master-Buss_Processing_and_Endgame/Distortion_Soft_vs_Hard_Clipping.png
680,DAPR-2020--Core_Mixing/Mixing__Master-Buss_Processing_and_Endgame/Endgame_Listening_Position.jpg,0,
681,DAPR-2020--Core_Mixing/Mixing__Master-Buss_Processing_and_Endgame/Headroom_Level_Ladder.png,1,DAPR-2020--Core_Mixing/Mixing__Master-Buss_Processing_and_Endgame/Headroom_Level_Ladder.png
682,DAPR-2020--Core_Mixing/Mixing__Master-Buss_Processing_and_Endgame/Headroom_on_Delivery.png,1,DAPR-2020--Core_Mixing/Mixing__Master-Buss_Processing_and_Endgame/Headroom_on_Delivery.png
683,DAPR-2020--Core_Mixing/Mixing__Master-Buss_Processing_and_Endgame/Inter_Sample_Peak.png,1,DAPR-2020--Core_Mixing/Mixing__Master-Buss_Processing_and_Endgame/Inter_Sample_Peak.png
684,DAPR-2020--Core_Mixing/Mixing__Master-Buss_Processing_and_Endgame/Master_Bus_Delivery_Workflow.png,1,DAPR-2020--Core_Mixing/Mixing__Master-Buss_Processing_and_Endgame/Master_Bus_Delivery_Workflow.png
685,DAPR-2020--Core_Mixing/Mixing__Master-Buss_Processing_and_Endgame/Master_Chain_Order.png,1,DAPR-2020--Core_Mixing/Mixing__Master-Buss_Processing_and_Endgame/Master_Chain_Order.png
686,DAPR-2020--Core_Mixing/Mixing__Timing/Elastic_Audio_Timing_Correction.png,1,DAPR-2020--Core_Mixing/Mixing__Timing/Elastic_Audio_Timing_Correction.png
687,DAPR-2020--Core_Mixing/Mixing__Timing/Elastic_Audio_Warp_Markers.png,1,DAPR-2020--Core_Mixing/Mixing__Timing/Elastic_Audio_Warp_Markers.png
688,DAPR-2020--Core_Mixing/Mixing__Timing/Marker_Rows_at_Varying_Offsets.png,1,DAPR-2020--Core_Mixing/Mixing__Timing/Marker_Rows_at_Varying_Offsets.png
689,DAPR-2020--Core_Mixing/Mixing__Timing/Pro_Tools_Tce_Plugin_Preferences.png,1,DAPR-2020--Core_Mixing/Mixing__Timing/Pro_Tools_Tce_Plugin_Preferences.png
690,DAPR-2020--Core_Mixing/Mixing__Timing/Waveform_Rows_against_Grid_Lines.png,1,DAPR-2020--Core_Mixing/Mixing__Timing/Waveform_Rows_against_Grid_Lines.png
691,DAPR-2020--Core_Mixing/Mixing__Tuning/Correction_Amount_Comparison_Boxed.png,1,DAPR-2020--Core_Mixing/Mixing__Tuning/Correction_Amount_Comparison_Boxed.png
692,DAPR-2020--Core_Mixing/Mixing__Tuning/Correction_Amount_Comparison_Curves.png,1,DAPR-2020--Core_Mixing/Mixing__Tuning/Correction_Amount_Comparison_Curves.png
693,DAPR-2020--Core_Mixing/Mixing__Tuning/Correction_Speed_Scoop.png,1,DAPR-2020--Core_Mixing/Mixing__Tuning/Correction_Speed_Scoop.png
694,DAPR-2020--Core_Mixing/Mixing__Tuning/Fast_Versus_Slow_Retune_Speed.png,1,DAPR-2020--Core_Mixing/Mixing__Tuning/Fast_Versus_Slow_Retune_Speed.png
695,DAPR-2020--Core_Mixing/Mixing__Tuning/Formant_Preservation_On_A_Pitch_Shift.png,1,DAPR-2020--Core_Mixing/Mixing__Tuning/Formant_Preservation_On_A_Pitch_Shift.png
696,DAPR-2020--Core_Mixing/Mixing__Tuning/Graph_Mode_Versus_Automatic_Mode.png,1,DAPR-2020--Core_Mixing/Mixing__Tuning/Graph_Mode_Versus_Automatic_Mode.png
697,DAPR-2020--Core_Mixing/Mixing__Tuning/Lead_And_Double_Tuning_Before_And_After.png,1,DAPR-2020--Core_Mixing/Mixing__Tuning/Lead_And_Double_Tuning_Before_And_After.png
698,DAPR-2020--Core_Mixing/Mixing__Tuning/Pitch_Center_Drift_And_Vibrato.png,1,DAPR-2020--Core_Mixing/Mixing__Tuning/Pitch_Center_Drift_And_Vibrato.png
699,DAPR-2020--Core_Mixing/Mixing__Tuning/Pitch_Correction_Natural_Contour.png,1,DAPR-2020--Core_Mixing/Mixing__Tuning/Pitch_Correction_Natural_Contour.png
700,DAPR-2020--Core_Mixing/Mixing__Tuning/Scale_and_Target_Notes_Boxed.png,1,DAPR-2020--Core_Mixing/Mixing__Tuning/Scale_and_Target_Notes_Boxed.png
701,DAPR-2020--Core_Mixing/Mixing__Tuning/Scale_and_Target_Notes_Curves.png,1,DAPR-2020--Core_Mixing/Mixing__Tuning/Scale_and_Target_Notes_Curves.png
702,DAPR-2020--Core_Mixing/Mixing__Tuning/Worked_Example_Lead_Phrase_Tuning.png,1,DAPR-2020--Core_Mixing/Mixing__Tuning/Worked_Example_Lead_Phrase_Tuning.png
703,DAPR-2020--Core_Mixing/Monitoring__Calibration_and_Monitoring/Gain_Stages_Chain.png,1,DAPR-2020--Core_Mixing/Monitoring__Calibration_and_Monitoring/Gain_Stages_Chain.png
704,DAPR-2020--Core_Mixing/Monitoring__Calibration_and_Monitoring/Head_Torso_Measurement.png,1,DAPR-2020--Core_Mixing/Monitoring__Calibration_and_Monitoring/Head_Torso_Measurement.png
705,DAPR-2020--Core_Mixing/Monitoring__Calibration_and_Monitoring/Headphone_Seal_Cross_Section.png,1,DAPR-2020--Core_Mixing/Monitoring__Calibration_and_Monitoring/Headphone_Seal_Cross_Section.png
706,DAPR-2020--Core_Mixing/Monitoring__Calibration_and_Monitoring/Metering_Preferences.png,1,DAPR-2020--Core_Mixing/Monitoring__Calibration_and_Monitoring/Metering_Preferences.png
707,DAPR-2020--Core_Mixing/Monitoring__Calibration_and_Monitoring/Ms_Matrix_Signal_Flow.png,1,DAPR-2020--Core_Mixing/Monitoring__Calibration_and_Monitoring/Ms_Matrix_Signal_Flow.png
708,DAPR-2020--Core_Mixing/Orientation__Course_Orientation_and_Feedback/Avtech_Engage.jpg,1,DAPR-2020--Core_Mixing/Orientation__Course_Orientation_and_Feedback/Avtech_Engage.jpg
709,DAPR-2020--Core_Mixing/Orientation__Course_Orientation_and_Feedback/Core_Mixing_DAPR_2020.png,1,DAPR-2020--Core_Mixing/Orientation__Course_Orientation_and_Feedback/Core_Mixing_DAPR_2020.png
710,DAPR-2020--Core_Mixing/Orientation__Course_Orientation_and_Feedback/Course_Outline.png,0,
711,DAPR-2020--Core_Mixing/Orientation__Course_Orientation_and_Feedback/Course_Outline_Banner_Alt.png,0,
712,DAPR-2020--Core_Mixing/Orientation__Course_Orientation_and_Feedback/Dark_Purple_Course_Title_Card.jpg,0,
713,DAPR-2020--Core_Mixing/Orientation__Course_Orientation_and_Feedback/Grade_Breakdown.png,1,DAPR-2020--Core_Mixing/Orientation__Course_Orientation_and_Feedback/Grade_Breakdown.png
714,DAPR-2020--Core_Mixing/Orientation__Course_Orientation_and_Feedback/Learning_Outcomes.png,1,DAPR-2020--Core_Mixing/Orientation__Course_Orientation_and_Feedback/Learning_Outcomes.png
715,DAPR-2020--Core_Mixing/Orientation__Course_Orientation_and_Feedback/Syllabus_Banner.jpg,0,
716,DAPR-2020--Core_Mixing/Orientation__Course_Orientation_and_Feedback/Weekly_Rhythm.png,1,DAPR-2020--Core_Mixing/Orientation__Course_Orientation_and_Feedback/Weekly_Rhythm.png
717,DAPR-2020--Core_Mixing/Orientation__Course_Orientation_and_Feedback/Worksheet_to_PDF_Flow.png,1,DAPR-2020--Core_Mixing/Orientation__Course_Orientation_and_Feedback/Worksheet_to_PDF_Flow.png
718,DAPR-2020--Core_Mixing/Pro_Tools__Fundamentals/PT_Identify_Beat_Bar_Beat_Markers.jpg,1,DAPR-2020--Core_Mixing/Pro_Tools__Fundamentals/PT_Identify_Beat_Bar_Beat_Markers.jpg
719,DAPR-2020--Core_Mixing/Pro_Tools__Fundamentals/Playback_Engine_Window.png,0,
720,DAPR-2020--Core_Mixing/Pro_Tools__Fundamentals/Workstation_Before_You_Start.jpg,0,
721,DAPR-2020--Core_Mixing/Professional_Practice__Presentations_and_Sessions/Core_Mixing_Lab_DAPR_2020L.png,1,DAPR-2020--Core_Mixing/Professional_Practice__Presentations_and_Sessions/Core_Mixing_Lab_DAPR_2020L.png
722,DAPR-2020--Core_Mixing/Professional_Practice__Presentations_and_Sessions/Professional_Practice_Multitrack_Download_Flow.png,1,DAPR-2020--Core_Mixing/Professional_Practice__Presentations_and_Sessions/Professional_Practice_Multitrack_Download_Flow.png
723,DAPR-2020--Core_Mixing/Professional_Practice__Presentations_and_Sessions/Professional_Practice_Network_Drive_Path.png,1,DAPR-2020--Core_Mixing/Professional_Practice__Presentations_and_Sessions/Professional_Practice_Network_Drive_Path.png
724,DAPR-2020--Core_Mixing/Professional_Practice__Presentations_and_Sessions/Professional_Practice_Session_Delivery_Package.png,1,DAPR-2020--Core_Mixing/Professional_Practice__Presentations_and_Sessions/Professional_Practice_Session_Delivery_Package.png
725,DAPR-2020--Core_Mixing/Professional_Practice__Presentations_and_Sessions/Room_Set_For_A_Presentation.jpg,0,
726,DAPR-2020--Core_Mixing/Professional_Practice__Presentations_and_Sessions/Ten_Minutes_Divided.jpg,0,
727,DAPR-2020--Core_Mixing/_unused/Orientation__Course_Orientation_and_Feedback/Open_Canvas_Page_in_New_Tab.png,0,
728,DAPR-2020--Core_Mixing/_unused/Orientation__Course_Orientation_and_Feedback/Please_Complete_Your_Course_Evaluations.png,0,
729,DAPR-2020--Core_Mixing/_unused/Orientation__Course_Orientation_and_Feedback/Student_Course_Evaluations.png,0,
730,DAPR-2020--Core_Mixing/macOS__Foundations/Aax_Plugins_Folder.png,1,DAPR-2020--Core_Mixing/macOS__Foundations/Aax_Plugins_Folder.png
731,DAPR-2020--Core_Mixing/macOS__Foundations/About_General_Settings.png,1,DAPR-2020--Core_Mixing/macOS__Foundations/About_General_Settings.png
732,DAPR-2020--Core_Mixing/macOS__Foundations/About_This_MAC.png,1,DAPR-2020--Core_Mixing/macOS__Foundations/About_This_MAC.png
733,DAPR-2020--Core_Mixing/macOS__Foundations/About_This_MAC_M5.png,1,DAPR-2020--Core_Mixing/macOS__Foundations/About_This_MAC_M5.png
734,DAPR-2020--Core_Mixing/macOS__Foundations/Activity_Monitor_CPU_Tab.png,1,DAPR-2020--Core_Mixing/macOS__Foundations/Activity_Monitor_CPU_Tab.png
735,DAPR-2020--Core_Mixing/macOS__Foundations/Air_Effects_Pkg_Installer.png,1,DAPR-2020--Core_Mixing/macOS__Foundations/Air_Effects_Pkg_Installer.png
736,DAPR-2020--Core_Mixing/macOS__Foundations/Apogee_Installer_Example.png,1,DAPR-2020--Core_Mixing/macOS__Foundations/Apogee_Installer_Example.png
737,DAPR-2020--Core_Mixing/macOS__Foundations/App_Leftover_Files.png,1,DAPR-2020--Core_Mixing/macOS__Foundations/App_Leftover_Files.png
738,DAPR-2020--Core_Mixing/macOS__Foundations/Application_Support_Folder.png,1,DAPR-2020--Core_Mixing/macOS__Foundations/Application_Support_Folder.png
739,DAPR-2020--Core_Mixing/macOS__Foundations/Audio_Devices_Window.png,1,DAPR-2020--Core_Mixing/macOS__Foundations/Audio_Devices_Window.png
740,DAPR-2020--Core_Mixing/macOS__Foundations/Audio_MIDI_Setup_MIDI_Studio.png,2,DAPR-2255--Audio_Hardware_I/MIDI__MIDI_Troubleshooting_and_Diagnostics/Audio_MIDI_Setup_MIDI_Studio.png;DAPR-2020--Core_Mixing/macOS__Foundations/Audio_MIDI_Setup_MIDI_Studio.png
741,DAPR-2020--Core_Mixing/macOS__Foundations/CPU_Architecture_Timeline.png,1,DAPR-2020--Core_Mixing/macOS__Foundations/CPU_Architecture_Timeline.png
742,DAPR-2020--Core_Mixing/macOS__Foundations/Cd_Alias_Icon.png,1,DAPR-2020--Core_Mixing/macOS__Foundations/Cd_Alias_Icon.png
743,DAPR-2020--Core_Mixing/macOS__Foundations/Cloud_Status_Icon.png,1,DAPR-2020--Core_Mixing/macOS__Foundations/Cloud_Status_Icon.png
744,DAPR-2020--Core_Mixing/macOS__Foundations/Cmd_Opt_H_After.jpg,1,DAPR-2020--Core_Mixing/macOS__Foundations/Cmd_Opt_H_After.jpg
745,DAPR-2020--Core_Mixing/macOS__Foundations/Cmd_Opt_H_Before.jpg,1,DAPR-2020--Core_Mixing/macOS__Foundations/Cmd_Opt_H_Before.jpg
746,DAPR-2020--Core_Mixing/macOS__Foundations/Compress_Context_Menu.png,1,DAPR-2020--Core_Mixing/macOS__Foundations/Compress_Context_Menu.png
747,DAPR-2020--Core_Mixing/macOS__Foundations/Compressed_Zip_Result.png,1,DAPR-2020--Core_Mixing/macOS__Foundations/Compressed_Zip_Result.png
748,DAPR-2020--Core_Mixing/macOS__Foundations/Console_No_Messages.png,1,DAPR-2020--Core_Mixing/macOS__Foundations/Console_No_Messages.png
749,DAPR-2020--Core_Mixing/macOS__Foundations/DMG_PKG_EXE_Flow.png,1,DAPR-2020--Core_Mixing/macOS__Foundations/DMG_PKG_EXE_Flow.png
750,DAPR-2020--Core_Mixing/macOS__Foundations/Dark_Toolbar_with_Labeled_Capture_Buttons.png,1,DAPR-2020--Core_Mixing/macOS__Foundations/Dark_Toolbar_with_Labeled_Capture_Buttons.png
751,DAPR-2020--Core_Mixing/macOS__Foundations/Disk_Utility_Erase_Dialog.png,1,DAPR-2020--Core_Mixing/macOS__Foundations/Disk_Utility_Erase_Dialog.png
752,DAPR-2020--Core_Mixing/macOS__Foundations/Disk_Utility_Macintosh_Hd.png,1,DAPR-2020--Core_Mixing/macOS__Foundations/Disk_Utility_Macintosh_Hd.png
753,DAPR-2020--Core_Mixing/macOS__Foundations/Dolby_Audio_Bridge_Speaker_Config.png,1,DAPR-2020--Core_Mixing/macOS__Foundations/Dolby_Audio_Bridge_Speaker_Config.png
754,DAPR-2020--Core_Mixing/macOS__Foundations/Dropbox_Installer.png,1,DAPR-2020--Core_Mixing/macOS__Foundations/Dropbox_Installer.png
755,DAPR-2020--Core_Mixing/macOS__Foundations/External_Drive_Sidebar.png,1,DAPR-2020--Core_Mixing/macOS__Foundations/External_Drive_Sidebar.png
756,DAPR-2020--Core_Mixing/macOS__Foundations/File_System_Timeline.png,1,DAPR-2020--Core_Mixing/macOS__Foundations/File_System_Timeline.png
757,DAPR-2020--Core_Mixing/macOS__Foundations/Finder_Settings_Advanced.png,1,DAPR-2020--Core_Mixing/macOS__Foundations/Finder_Settings_Advanced.png
758,DAPR-2020--Core_Mixing/macOS__Foundations/Finder_Settings_General.png,1,DAPR-2020--Core_Mixing/macOS__Foundations/Finder_Settings_General.png
759,DAPR-2020--Core_Mixing/macOS__Foundations/Finder_View_Options.png,1,DAPR-2020--Core_Mixing/macOS__Foundations/Finder_View_Options.png
760,DAPR-2020--Core_Mixing/macOS__Foundations/Force_Quit_Window.png,1,DAPR-2020--Core_Mixing/macOS__Foundations/Force_Quit_Window.png
761,DAPR-2020--Core_Mixing/macOS__Foundations/Function_Keys_Panel.png,1,DAPR-2020--Core_Mixing/macOS__Foundations/Function_Keys_Panel.png
762,DAPR-2020--Core_Mixing/macOS__Foundations/Get_Info_Kind_Architecture.png,1,DAPR-2020--Core_Mixing/macOS__Foundations/Get_Info_Kind_Architecture.png
763,DAPR-2020--Core_Mixing/macOS__Foundations/Go_to_Folder_Autocomplete.png,1,DAPR-2020--Core_Mixing/macOS__Foundations/Go_to_Folder_Autocomplete.png
764,DAPR-2020--Core_Mixing/macOS__Foundations/Hardware_Software_Firmware_Stack.png,1,DAPR-2020--Core_Mixing/macOS__Foundations/Hardware_Software_Firmware_Stack.png
765,DAPR-2020--Core_Mixing/macOS__Foundations/Home_Folder_Contents.png,1,DAPR-2020--Core_Mixing/macOS__Foundations/Home_Folder_Contents.png
766,DAPR-2020--Core_Mixing/macOS__Foundations/Launch_Agents_Daemons_Folders.png,1,DAPR-2020--Core_Mixing/macOS__Foundations/Launch_Agents_Daemons_Folders.png
767,DAPR-2020--Core_Mixing/macOS__Foundations/Launch_Agents_vs_Daemons.png,1,DAPR-2020--Core_Mixing/macOS__Foundations/Launch_Agents_vs_Daemons.png
768,DAPR-2020--Core_Mixing/macOS__Foundations/Launchctl_List_Terminal.png,1,DAPR-2020--Core_Mixing/macOS__Foundations/Launchctl_List_Terminal.png
769,DAPR-2020--Core_Mixing/macOS__Foundations/Leftover_Folder_Diagram.png,0,
770,DAPR-2020--Core_Mixing/macOS__Foundations/Library_Audio_Folder.png,1,DAPR-2020--Core_Mixing/macOS__Foundations/Library_Audio_Folder.png
771,DAPR-2020--Core_Mixing/macOS__Foundations/Login_Items_Panel.png,1,DAPR-2020--Core_Mixing/macOS__Foundations/Login_Items_Panel.png
772,DAPR-2020--Core_Mixing/macOS__Foundations/Macintosh_Hd_Get_Info.png,1,DAPR-2020--Core_Mixing/macOS__Foundations/Macintosh_Hd_Get_Info.png
773,DAPR-2020--Core_Mixing/macOS__Foundations/Mouse_Settings_Panel.png,1,DAPR-2020--Core_Mixing/macOS__Foundations/Mouse_Settings_Panel.png
774,DAPR-2020--Core_Mixing/macOS__Foundations/New_Smart_Folder_Menu.png,1,DAPR-2020--Core_Mixing/macOS__Foundations/New_Smart_Folder_Menu.png
775,DAPR-2020--Core_Mixing/macOS__Foundations/Package_Contents_Folder.png,1,DAPR-2020--Core_Mixing/macOS__Foundations/Package_Contents_Folder.png
776,DAPR-2020--Core_Mixing/macOS__Foundations/Package_Contents_Menu.png,1,DAPR-2020--Core_Mixing/macOS__Foundations/Package_Contents_Menu.png
777,DAPR-2020--Core_Mixing/macOS__Foundations/Privacy_Security_Pane.png,1,DAPR-2020--Core_Mixing/macOS__Foundations/Privacy_Security_Pane.png
778,DAPR-2020--Core_Mixing/macOS__Foundations/Quick_Look_Preview.png,1,DAPR-2020--Core_Mixing/macOS__Foundations/Quick_Look_Preview.png
779,DAPR-2020--Core_Mixing/macOS__Foundations/Root_Folder_Tree.png,0,
780,DAPR-2020--Core_Mixing/macOS__Foundations/Screenshot_Options_Menu_over_System_Settings.jpg,1,DAPR-2020--Core_Mixing/macOS__Foundations/Screenshot_Options_Menu_over_System_Settings.jpg
781,DAPR-2020--Core_Mixing/macOS__Foundations/Sharing_Permissions.png,1,DAPR-2020--Core_Mixing/macOS__Foundations/Sharing_Permissions.png
782,DAPR-2020--Core_Mixing/macOS__Foundations/Skim_Dmg_Drag_to_Applications.png,1,DAPR-2020--Core_Mixing/macOS__Foundations/Skim_Dmg_Drag_to_Applications.png
783,DAPR-2020--Core_Mixing/macOS__Foundations/Smart_Folder_Icon.png,1,DAPR-2020--Core_Mixing/macOS__Foundations/Smart_Folder_Icon.png
784,DAPR-2020--Core_Mixing/macOS__Foundations/Smart_Folder_Results.png,1,DAPR-2020--Core_Mixing/macOS__Foundations/Smart_Folder_Results.png
785,DAPR-2020--Core_Mixing/macOS__Foundations/Sound_Output_List.png,1,DAPR-2020--Core_Mixing/macOS__Foundations/Sound_Output_List.png
786,DAPR-2020--Core_Mixing/macOS__Foundations/Spotlight_Audio_MIDI_Setup.jpg,1,DAPR-2020--Core_Mixing/macOS__Foundations/Spotlight_Audio_MIDI_Setup.jpg
787,DAPR-2020--Core_Mixing/macOS__Foundations/Spotlight_Pro_Tools.jpg,1,DAPR-2020--Core_Mixing/macOS__Foundations/Spotlight_Pro_Tools.jpg
788,DAPR-2020--Core_Mixing/macOS__Foundations/System_Info_Memory.png,1,DAPR-2020--Core_Mixing/macOS__Foundations/System_Info_Memory.png
789,DAPR-2020--Core_Mixing/macOS__Foundations/System_Information_USB.png,1,DAPR-2020--Core_Mixing/macOS__Foundations/System_Information_USB.png
790,DAPR-2020--Core_Mixing/macOS__Foundations/Terminal_Pwd_Ls_Cd.png,1,DAPR-2020--Core_Mixing/macOS__Foundations/Terminal_Pwd_Ls_Cd.png
791,DAPR-2020--Core_Mixing/macOS__Foundations/Time_Machine_Restore.jpg,1,DAPR-2020--Core_Mixing/macOS__Foundations/Time_Machine_Restore.jpg
792,DAPR-2020--Core_Mixing/macOS__Foundations/Turbotax_Leftover_Folder.png,1,DAPR-2020--Core_Mixing/macOS__Foundations/Turbotax_Leftover_Folder.png
793,DAPR-2020--Core_Mixing/macOS__Foundations/Utilities_Folder.png,0,
794,DAPR-2255--Audio_Hardware_I/AC_and_DC_Electricity/AC_Waveform.png,1,DAPR-2255--Audio_Hardware_I/AC_and_DC_Electricity/AC_Waveform.png
795,DAPR-2255--Audio_Hardware_I/AC_and_DC_Electricity/AC_vs_DC_Traces.png,1,DAPR-2255--Audio_Hardware_I/AC_and_DC_Electricity/AC_vs_DC_Traces.png
796,DAPR-2255--Audio_Hardware_I/AC_and_DC_Electricity/Assignment_Bench.jpg,1,DAPR-2255--Audio_Hardware_I/AC_and_DC_Electricity/Assignment_Bench.jpg
797,DAPR-2255--Audio_Hardware_I/AC_and_DC_Electricity/Audio_AC_vs_Power_AC.png,1,DAPR-2255--Audio_Hardware_I/AC_and_DC_Electricity/Audio_AC_vs_Power_AC.png
798,DAPR-2255--Audio_Hardware_I/AC_and_DC_Electricity/Audio_Signal_Levels.png,1,DAPR-2255--Audio_Hardware_I/AC_and_DC_Electricity/Audio_Signal_Levels.png
799,DAPR-2255--Audio_Hardware_I/AC_and_DC_Electricity/Battery_Lamp_Circuit.jpg,1,DAPR-2255--Audio_Hardware_I/AC_and_DC_Electricity/Battery_Lamp_Circuit.jpg
800,DAPR-2255--Audio_Hardware_I/AC_and_DC_Electricity/Bench_PSU.jpg,1,DAPR-2255--Audio_Hardware_I/AC_and_DC_Electricity/Bench_PSU.jpg
801,DAPR-2255--Audio_Hardware_I/AC_and_DC_Electricity/DC_Power_Sources_Audio.png,1,DAPR-2255--Audio_Hardware_I/AC_and_DC_Electricity/DC_Power_Sources_Audio.png
802,DAPR-2255--Audio_Hardware_I/AC_and_DC_Electricity/Frequency_Worked_Examples.png,1,DAPR-2255--Audio_Hardware_I/AC_and_DC_Electricity/Frequency_Worked_Examples.png
803,DAPR-2255--Audio_Hardware_I/AC_and_DC_Electricity/Frequency_and_Period.png,1,DAPR-2255--Audio_Hardware_I/AC_and_DC_Electricity/Frequency_and_Period.png
804,DAPR-2255--Audio_Hardware_I/AC_and_DC_Electricity/Nikola_Tesla.jpg,1,DAPR-2255--Audio_Hardware_I/AC_and_DC_Electricity/Nikola_Tesla.jpg
805,DAPR-2255--Audio_Hardware_I/AC_and_DC_Electricity/Outlet_and_Battery.jpg,1,DAPR-2255--Audio_Hardware_I/AC_and_DC_Electricity/Outlet_and_Battery.jpg
806,DAPR-2255--Audio_Hardware_I/AC_and_DC_Electricity/Peak_P2P_RMS.jpg,0,
807,DAPR-2255--Audio_Hardware_I/AC_and_DC_Electricity/Peak_P2P_RMS.png,0,
808,DAPR-2255--Audio_Hardware_I/AC_and_DC_Electricity/Peak_P2p_RMS_Voltage.png,1,DAPR-2255--Audio_Hardware_I/AC_and_DC_Electricity/Peak_P2p_RMS_Voltage.png
809,DAPR-2255--Audio_Hardware_I/AC_and_DC_Electricity/Polarity_Phase_Delay.png,1,DAPR-2255--Audio_Hardware_I/AC_and_DC_Electricity/Polarity_Phase_Delay.png
810,DAPR-2255--Audio_Hardware_I/AC_and_DC_Electricity/Power_Sources_Audio.png,1,DAPR-2255--Audio_Hardware_I/AC_and_DC_Electricity/Power_Sources_Audio.png
811,DAPR-2255--Audio_Hardware_I/AC_and_DC_Electricity/Sine_Wave_Parts.png,1,DAPR-2255--Audio_Hardware_I/AC_and_DC_Electricity/Sine_Wave_Parts.png
812,DAPR-2255--Audio_Hardware_I/AC_and_DC_Electricity/Thomas_Edison.jpg,1,DAPR-2255--Audio_Hardware_I/AC_and_DC_Electricity/Thomas_Edison.jpg
813,DAPR-2255--Audio_Hardware_I/AC_and_DC_Electricity/Why_This_Matters.png,1,DAPR-2255--Audio_Hardware_I/AC_and_DC_Electricity/Why_This_Matters.png
814,DAPR-2255--Audio_Hardware_I/Auxiliary_Resources/Reference_Downloads.png,0,
815,DAPR-2255--Audio_Hardware_I/Batteries/Alkaline_Cross_Section.jpg,0,
816,DAPR-2255--Audio_Hardware_I/Batteries/Alkaline_Cross_Section.png,0,
817,DAPR-2255--Audio_Hardware_I/Batteries/Assignment_Bench.jpg,1,DAPR-2255--Audio_Hardware_I/Batteries/Assignment_Bench.jpg
818,DAPR-2255--Audio_Hardware_I/Batteries/Battery_Symbol.jpg,0,
819,DAPR-2255--Audio_Hardware_I/Batteries/Car_Battery.jpg,1,DAPR-2255--Audio_Hardware_I/Batteries/Car_Battery.jpg
820,DAPR-2255--Audio_Hardware_I/Batteries/Cells_Series_Parallel.png,0,
821,DAPR-2255--Audio_Hardware_I/Batteries/Chemistries_Audio.png,1,DAPR-2255--Audio_Hardware_I/Batteries/Chemistries_Audio.png
822,DAPR-2255--Audio_Hardware_I/Batteries/Coin_Cell.jpg,1,DAPR-2255--Audio_Hardware_I/Batteries/Coin_Cell.jpg
823,DAPR-2255--Audio_Hardware_I/Batteries/Disposal_Recycling_Guide.png,1,DAPR-2255--Audio_Hardware_I/Batteries/Disposal_Recycling_Guide.png
824,DAPR-2255--Audio_Hardware_I/Batteries/Galvanic_Cell.jpg,1,DAPR-2255--Audio_Hardware_I/Batteries/Galvanic_Cell.jpg
825,DAPR-2255--Audio_Hardware_I/Batteries/History_Timeline.png,1,DAPR-2255--Audio_Hardware_I/Batteries/History_Timeline.png
826,DAPR-2255--Audio_Hardware_I/Batteries/Lithium_Ion.jpg,1,DAPR-2255--Audio_Hardware_I/Batteries/Lithium_Ion.jpg
827,DAPR-2255--Audio_Hardware_I/Batteries/Primary_Cell_Diagram.jpg,1,DAPR-2255--Audio_Hardware_I/Batteries/Primary_Cell_Diagram.jpg
828,DAPR-2255--Audio_Hardware_I/Batteries/Runtime_Estimation.png,1,DAPR-2255--Audio_Hardware_I/Batteries/Runtime_Estimation.png
829,DAPR-2255--Audio_Hardware_I/Batteries/Series_Parallel_Cells.jpg,0,
830,DAPR-2255--Audio_Hardware_I/Batteries/Series_Parallel_Cells.png,0,
831,DAPR-2255--Audio_Hardware_I/Batteries/Studio_Backup_Power_Reference.png,1,DAPR-2255--Audio_Hardware_I/Batteries/Studio_Backup_Power_Reference.png
832,DAPR-2255--Audio_Hardware_I/Batteries/Types_Assorted.jpg,1,DAPR-2255--Audio_Hardware_I/Batteries/Types_Assorted.jpg
833,DAPR-2255--Audio_Hardware_I/Batteries/Volta_Portrait.jpg,1,DAPR-2255--Audio_Hardware_I/Batteries/Volta_Portrait.jpg
834,DAPR-2255--Audio_Hardware_I/Batteries/Voltaic_Pile.jpg,1,DAPR-2255--Audio_Hardware_I/Batteries/Voltaic_Pile.jpg
835,DAPR-2255--Audio_Hardware_I/Batteries/Zinc_Carbon_Diagram.jpg,1,DAPR-2255--Audio_Hardware_I/Batteries/Zinc_Carbon_Diagram.jpg
836,DAPR-2255--Audio_Hardware_I/Capacitors/Assignment_Bench.jpg,1,DAPR-2255--Audio_Hardware_I/Capacitors/Assignment_Bench.jpg
837,DAPR-2255--Audio_Hardware_I/Capacitors/Axial.jpg,1,DAPR-2255--Audio_Hardware_I/Capacitors/Axial.jpg
838,DAPR-2255--Audio_Hardware_I/Capacitors/Ceramic.jpg,1,DAPR-2255--Audio_Hardware_I/Capacitors/Ceramic.jpg
839,DAPR-2255--Audio_Hardware_I/Capacitors/Ceramic_3_Digit_Code.png,1,DAPR-2255--Audio_Hardware_I/Capacitors/Ceramic_3_Digit_Code.png
840,DAPR-2255--Audio_Hardware_I/Capacitors/Charging_Curve.jpg,0,
841,DAPR-2255--Audio_Hardware_I/Capacitors/Charging_Curve.png,0,
842,DAPR-2255--Audio_Hardware_I/Capacitors/Charging_Graph.jpg,1,DAPR-2255--Audio_Hardware_I/Capacitors/Charging_Graph.jpg
843,DAPR-2255--Audio_Hardware_I/Capacitors/Charging_Stages.jpg,0,
844,DAPR-2255--Audio_Hardware_I/Capacitors/Electrolytic_3D_Render.jpg,0,
845,DAPR-2255--Audio_Hardware_I/Capacitors/Electrolytic_Aluminum.png,1,DAPR-2255--Audio_Hardware_I/Capacitors/Electrolytic_Aluminum.png
846,DAPR-2255--Audio_Hardware_I/Capacitors/Electrolytic_Large_Bank.jpg,0,
847,DAPR-2255--Audio_Hardware_I/Capacitors/Electrolytic_Power_Supply_Macro.jpg,0,
848,DAPR-2255--Audio_Hardware_I/Capacitors/Electrolytic_Types.jpg,0,
849,DAPR-2255--Audio_Hardware_I/Capacitors/Electrolytic_Variety.jpg,0,
850,DAPR-2255--Audio_Hardware_I/Capacitors/Electrolytic_on_PCB.jpg,0,
851,DAPR-2255--Audio_Hardware_I/Capacitors/Film_Cap.jpg,1,DAPR-2255--Audio_Hardware_I/Capacitors/Film_Cap.jpg
852,DAPR-2255--Audio_Hardware_I/Capacitors/High_Pass_RC.jpg,0,
853,DAPR-2255--Audio_Hardware_I/Capacitors/High_Pass_RC.png,0,
854,DAPR-2255--Audio_Hardware_I/Capacitors/History_Timeline.png,1,DAPR-2255--Audio_Hardware_I/Capacitors/History_Timeline.png
855,DAPR-2255--Audio_Hardware_I/Capacitors/Kemet_330uF_450V_Product.jpg,0,
856,DAPR-2255--Audio_Hardware_I/Capacitors/Kit_Storage_Bins.jpg,0,
857,DAPR-2255--Audio_Hardware_I/Capacitors/Kit_Value_Labels.jpg,0,
858,DAPR-2255--Audio_Hardware_I/Capacitors/Leyden_Jar.png,1,DAPR-2255--Audio_Hardware_I/Capacitors/Leyden_Jar.png
859,DAPR-2255--Audio_Hardware_I/Capacitors/Pass_AC_Frequency_Dependent.png,1,DAPR-2255--Audio_Hardware_I/Capacitors/Pass_AC_Frequency_Dependent.png
860,DAPR-2255--Audio_Hardware_I/Capacitors/Rc_Filter.jpg,1,DAPR-2255--Audio_Hardware_I/Capacitors/Rc_Filter.jpg
861,DAPR-2255--Audio_Hardware_I/Capacitors/Supercap.jpg,1,DAPR-2255--Audio_Hardware_I/Capacitors/Supercap.jpg
862,DAPR-2255--Audio_Hardware_I/Capacitors/Symbol.jpg,1,DAPR-2255--Audio_Hardware_I/Capacitors/Symbol.jpg
863,DAPR-2255--Audio_Hardware_I/Capacitors/Types_in_Audio_Circuits.png,1,DAPR-2255--Audio_Hardware_I/Capacitors/Types_in_Audio_Circuits.png
864,DAPR-2255--Audio_Hardware_I/Capacitors/Various_Types.jpg,1,DAPR-2255--Audio_Hardware_I/Capacitors/Various_Types.jpg
865,DAPR-2255--Audio_Hardware_I/Course_Orientation/Bench_Overview.jpg,1,DAPR-2255--Audio_Hardware_I/Course_Orientation/Bench_Overview.jpg
866,DAPR-2255--Audio_Hardware_I/Course_Orientation/Prerequisites_Bench.png,1,DAPR-2255--Audio_Hardware_I/Course_Orientation/Prerequisites_Bench.png
867,DAPR-2255--Audio_Hardware_I/Course_Orientation/Syllabus_Banner.png,0,
868,DAPR-2255--Audio_Hardware_I/Course_Orientation/Term_Timeline.png,1,DAPR-2255--Audio_Hardware_I/Course_Orientation/Term_Timeline.png
869,DAPR-2255--Audio_Hardware_I/Diodes_and_LEDs/1N4001_Diode.jpg,1,DAPR-2255--Audio_Hardware_I/Diodes_and_LEDs/1N4001_Diode.jpg
870,DAPR-2255--Audio_Hardware_I/Diodes_and_LEDs/Assignment_Bench.jpg,1,DAPR-2255--Audio_Hardware_I/Diodes_and_LEDs/Assignment_Bench.jpg
871,DAPR-2255--Audio_Hardware_I/Diodes_and_LEDs/Assorted_LEDs.jpg,0,
872,DAPR-2255--Audio_Hardware_I/Diodes_and_LEDs/Braun_Portrait.jpg,1,DAPR-2255--Audio_Hardware_I/Diodes_and_LEDs/Braun_Portrait.jpg
873,DAPR-2255--Audio_Hardware_I/Diodes_and_LEDs/Bridge_Rectifier.jpg,1,DAPR-2255--Audio_Hardware_I/Diodes_and_LEDs/Bridge_Rectifier.jpg
874,DAPR-2255--Audio_Hardware_I/Diodes_and_LEDs/Cathode_Band_and_Symbol.png,1,DAPR-2255--Audio_Hardware_I/Diodes_and_LEDs/Cathode_Band_and_Symbol.png
875,DAPR-2255--Audio_Hardware_I/Diodes_and_LEDs/Colors.png,1,DAPR-2255--Audio_Hardware_I/Diodes_and_LEDs/Colors.png
876,DAPR-2255--Audio_Hardware_I/Diodes_and_LEDs/Diode_1N4001_B.jpg,0,
877,DAPR-2255--Audio_Hardware_I/Diodes_and_LEDs/Diode_Symbol.jpg,1,DAPR-2255--Audio_Hardware_I/Diodes_and_LEDs/Diode_Symbol.jpg
878,DAPR-2255--Audio_Hardware_I/Diodes_and_LEDs/Flyback_Protection.png,0,
879,DAPR-2255--Audio_Hardware_I/Diodes_and_LEDs/Kit_Parts.jpg,0,
880,DAPR-2255--Audio_Hardware_I/Diodes_and_LEDs/LED_5mm_Cycling.jpg,0,
881,DAPR-2255--Audio_Hardware_I/Diodes_and_LEDs/LED_Circuit.jpg,0,
882,DAPR-2255--Audio_Hardware_I/Diodes_and_LEDs/LED_Circuit.png,1,DAPR-2255--Audio_Hardware_I/Diodes_and_LEDs/LED_Circuit.png
883,DAPR-2255--Audio_Hardware_I/Diodes_and_LEDs/LED_RGB_Projector.jpg,0,
884,DAPR-2255--Audio_Hardware_I/Diodes_and_LEDs/Overview_Banner.png,0,
885,DAPR-2255--Audio_Hardware_I/Diodes_and_LEDs/Photodiode_Symbol.jpg,1,DAPR-2255--Audio_Hardware_I/Diodes_and_LEDs/Photodiode_Symbol.jpg
886,DAPR-2255--Audio_Hardware_I/Diodes_and_LEDs/Protection_Circuits_Diagram.png,1,DAPR-2255--Audio_Hardware_I/Diodes_and_LEDs/Protection_Circuits_Diagram.png
887,DAPR-2255--Audio_Hardware_I/Diodes_and_LEDs/RGB_LED.jpg,1,DAPR-2255--Audio_Hardware_I/Diodes_and_LEDs/RGB_LED.jpg
888,DAPR-2255--Audio_Hardware_I/Diodes_and_LEDs/Reverse_Polarity_Protection.png,0,
889,DAPR-2255--Audio_Hardware_I/Diodes_and_LEDs/Schottky_Symbol.jpg,1,DAPR-2255--Audio_Hardware_I/Diodes_and_LEDs/Schottky_Symbol.jpg
890,DAPR-2255--Audio_Hardware_I/Diodes_and_LEDs/Series_Resistor_Method.jpg,0,
891,DAPR-2255--Audio_Hardware_I/Diodes_and_LEDs/Series_Resistor_Method.png,0,
892,DAPR-2255--Audio_Hardware_I/Diodes_and_LEDs/Zener_Photo.jpg,1,DAPR-2255--Audio_Hardware_I/Diodes_and_LEDs/Zener_Photo.jpg
893,DAPR-2255--Audio_Hardware_I/Diodes_and_LEDs/Zener_Symbol.jpg,1,DAPR-2255--Audio_Hardware_I/Diodes_and_LEDs/Zener_Symbol.jpg
894,DAPR-2255--Audio_Hardware_I/Inductors_and_Transformers/Air_Coil.jpg,1,DAPR-2255--Audio_Hardware_I/Inductors_and_Transformers/Air_Coil.jpg
895,DAPR-2255--Audio_Hardware_I/Inductors_and_Transformers/Assignment_Bench.jpg,1,DAPR-2255--Audio_Hardware_I/Inductors_and_Transformers/Assignment_Bench.jpg
896,DAPR-2255--Audio_Hardware_I/Inductors_and_Transformers/Assorted_Inductors.png,1,DAPR-2255--Audio_Hardware_I/Inductors_and_Transformers/Assorted_Inductors.png
897,DAPR-2255--Audio_Hardware_I/Inductors_and_Transformers/Audio_Voltage_Current_Impedance.png,1,DAPR-2255--Audio_Hardware_I/Inductors_and_Transformers/Audio_Voltage_Current_Impedance.png
898,DAPR-2255--Audio_Hardware_I/Inductors_and_Transformers/Chip_Inductor_Internal_Structure.jpg,1,DAPR-2255--Audio_Hardware_I/Inductors_and_Transformers/Chip_Inductor_Internal_Structure.jpg
899,DAPR-2255--Audio_Hardware_I/Inductors_and_Transformers/Choke.jpg,1,DAPR-2255--Audio_Hardware_I/Inductors_and_Transformers/Choke.jpg
900,DAPR-2255--Audio_Hardware_I/Inductors_and_Transformers/Faraday_Portrait.jpg,1,DAPR-2255--Audio_Hardware_I/Inductors_and_Transformers/Faraday_Portrait.jpg
901,DAPR-2255--Audio_Hardware_I/Inductors_and_Transformers/Ferrite_Bead_Bare.jpg,0,
902,DAPR-2255--Audio_Hardware_I/Inductors_and_Transformers/Ferrite_Bead_Cable.jpg,1,DAPR-2255--Audio_Hardware_I/Inductors_and_Transformers/Ferrite_Bead_Cable.jpg
903,DAPR-2255--Audio_Hardware_I/Inductors_and_Transformers/Ferrite_Bead_Symbol.jpg,0,
904,DAPR-2255--Audio_Hardware_I/Inductors_and_Transformers/Ferrite_Beads.jpg,0,
905,DAPR-2255--Audio_Hardware_I/Inductors_and_Transformers/Ferrite_Toroid_Core.jpg,1,DAPR-2255--Audio_Hardware_I/Inductors_and_Transformers/Ferrite_Toroid_Core.jpg
906,DAPR-2255--Audio_Hardware_I/Inductors_and_Transformers/Overview_Banner.png,0,
907,DAPR-2255--Audio_Hardware_I/Inductors_and_Transformers/PCB_Transformer.jpg,1,DAPR-2255--Audio_Hardware_I/Inductors_and_Transformers/PCB_Transformer.jpg
908,DAPR-2255--Audio_Hardware_I/Inductors_and_Transformers/Power_Xfmr.jpg,1,DAPR-2255--Audio_Hardware_I/Inductors_and_Transformers/Power_Xfmr.jpg
909,DAPR-2255--Audio_Hardware_I/Inductors_and_Transformers/Symbol.jpg,1,DAPR-2255--Audio_Hardware_I/Inductors_and_Transformers/Symbol.jpg
910,DAPR-2255--Audio_Hardware_I/Inductors_and_Transformers/Toroidal.jpg,1,DAPR-2255--Audio_Hardware_I/Inductors_and_Transformers/Toroidal.jpg
911,DAPR-2255--Audio_Hardware_I/Inductors_and_Transformers/Toroidal_Xfmr.jpg,1,DAPR-2255--Audio_Hardware_I/Inductors_and_Transformers/Toroidal_Xfmr.jpg
912,DAPR-2255--Audio_Hardware_I/Inductors_and_Transformers/Turns_Ratio.png,0,
913,DAPR-2255--Audio_Hardware_I/Inductors_and_Transformers/Turns_Ratio_Three_Jobs.jpg,0,
914,DAPR-2255--Audio_Hardware_I/Inductors_and_Transformers/Turns_Ratio_Three_Jobs.png,0,
915,DAPR-2255--Audio_Hardware_I/MIDI__Foundation/Byte_Structure.png,1,DAPR-2255--Audio_Hardware_I/MIDI__Foundation/Byte_Structure.png
916,DAPR-2255--Audio_Hardware_I/MIDI__Foundation/DIN_Cable_Seated_in_Jack.jpg,1,DAPR-2255--Audio_Hardware_I/MIDI__Foundation/DIN_Cable_Seated_in_Jack.jpg
917,DAPR-2255--Audio_Hardware_I/MIDI__Foundation/Keyboard_Controller.jpg,1,DAPR-2255--Audio_Hardware_I/MIDI__Foundation/Keyboard_Controller.jpg
918,DAPR-2255--Audio_Hardware_I/MIDI__Foundation/Monitor_Window.png,1,DAPR-2255--Audio_Hardware_I/MIDI__Foundation/Monitor_Window.png
919,DAPR-2255--Audio_Hardware_I/MIDI__Foundation/Note_on_Note_Off_Timeline.png,1,DAPR-2255--Audio_Hardware_I/MIDI__Foundation/Note_on_Note_Off_Timeline.png
920,DAPR-2255--Audio_Hardware_I/MIDI__Foundation/Same_File_Two_Synths.png,1,DAPR-2255--Audio_Hardware_I/MIDI__Foundation/Same_File_Two_Synths.png
921,DAPR-2255--Audio_Hardware_I/MIDI__Foundation/What_MIDI_Carries.png,1,DAPR-2255--Audio_Hardware_I/MIDI__Foundation/What_MIDI_Carries.png
922,DAPR-2255--Audio_Hardware_I/MIDI__MIDI_Evolution_and_Extended_Protocols/1_vs_2_Resolution.png,1,DAPR-2255--Audio_Hardware_I/MIDI__MIDI_Evolution_and_Extended_Protocols/1_vs_2_Resolution.png
923,DAPR-2255--Audio_Hardware_I/MIDI__MIDI_Evolution_and_Extended_Protocols/Cc_to_DMX_Scaling.png,1,DAPR-2255--Audio_Hardware_I/MIDI__MIDI_Evolution_and_Extended_Protocols/Cc_to_DMX_Scaling.png
924,DAPR-2255--Audio_Hardware_I/MIDI__MIDI_Evolution_and_Extended_Protocols/Device_GM_Mmc_Properties.png,1,DAPR-2255--Audio_Hardware_I/MIDI__MIDI_Evolution_and_Extended_Protocols/Device_GM_Mmc_Properties.png
925,DAPR-2255--Audio_Hardware_I/MIDI__MIDI_Evolution_and_Extended_Protocols/GM_Channel_10.png,1,DAPR-2255--Audio_Hardware_I/MIDI__MIDI_Evolution_and_Extended_Protocols/GM_Channel_10.png
926,DAPR-2255--Audio_Hardware_I/MIDI__MIDI_Evolution_and_Extended_Protocols/Msc_Device_Id.png,1,DAPR-2255--Audio_Hardware_I/MIDI__MIDI_Evolution_and_Extended_Protocols/Msc_Device_Id.png
927,DAPR-2255--Audio_Hardware_I/MIDI__MIDI_Evolution_and_Extended_Protocols/OSC_Address_Anatomy.png,1,DAPR-2255--Audio_Hardware_I/MIDI__MIDI_Evolution_and_Extended_Protocols/OSC_Address_Anatomy.png
928,DAPR-2255--Audio_Hardware_I/MIDI__MIDI_Evolution_and_Extended_Protocols/OSC_DIN_Beside_Ethernet.jpg,1,DAPR-2255--Audio_Hardware_I/MIDI__MIDI_Evolution_and_Extended_Protocols/OSC_DIN_Beside_Ethernet.jpg
929,DAPR-2255--Audio_Hardware_I/MIDI__MIDI_Evolution_and_Extended_Protocols/Qlab_Cue_List.png,1,DAPR-2255--Audio_Hardware_I/MIDI__MIDI_Evolution_and_Extended_Protocols/Qlab_Cue_List.png
930,DAPR-2255--Audio_Hardware_I/MIDI__MIDI_Evolution_and_Extended_Protocols/USB_C_Instrument_Rear.jpg,1,DAPR-2255--Audio_Hardware_I/MIDI__MIDI_Evolution_and_Extended_Protocols/USB_C_Instrument_Rear.jpg
931,DAPR-2255--Audio_Hardware_I/MIDI__MIDI_Over_USB_and_Network_Systems/Cross_Protocol_Isolation.png,1,DAPR-2255--Audio_Hardware_I/MIDI__MIDI_Over_USB_and_Network_Systems/Cross_Protocol_Isolation.png
932,DAPR-2255--Audio_Hardware_I/MIDI__MIDI_Over_USB_and_Network_Systems/Jitter_Buffer_Tradeoff.png,1,DAPR-2255--Audio_Hardware_I/MIDI__MIDI_Over_USB_and_Network_Systems/Jitter_Buffer_Tradeoff.png
933,DAPR-2255--Audio_Hardware_I/MIDI__MIDI_Over_USB_and_Network_Systems/Managed_Switch.jpg,1,DAPR-2255--Audio_Hardware_I/MIDI__MIDI_Over_USB_and_Network_Systems/Managed_Switch.jpg
934,DAPR-2255--Audio_Hardware_I/MIDI__MIDI_Over_USB_and_Network_Systems/RTP_Session_Handshake.png,1,DAPR-2255--Audio_Hardware_I/MIDI__MIDI_Over_USB_and_Network_Systems/RTP_Session_Handshake.png
935,DAPR-2255--Audio_Hardware_I/MIDI__MIDI_Over_USB_and_Network_Systems/RTP_Two_Interfaces_One_Cable.jpg,1,DAPR-2255--Audio_Hardware_I/MIDI__MIDI_Over_USB_and_Network_Systems/RTP_Two_Interfaces_One_Cable.jpg
936,DAPR-2255--Audio_Hardware_I/MIDI__MIDI_Over_USB_and_Network_Systems/Serial_vs_Network_Transport.png,1,DAPR-2255--Audio_Hardware_I/MIDI__MIDI_Over_USB_and_Network_Systems/Serial_vs_Network_Transport.png
937,DAPR-2255--Audio_Hardware_I/MIDI__MIDI_Over_USB_and_Network_Systems/USB_B_Cable_End.jpg,1,DAPR-2255--Audio_Hardware_I/MIDI__MIDI_Over_USB_and_Network_Systems/USB_B_Cable_End.jpg
938,DAPR-2255--Audio_Hardware_I/MIDI__MIDI_Over_USB_and_Network_Systems/VLAN_Segmentation.png,1,DAPR-2255--Audio_Hardware_I/MIDI__MIDI_Over_USB_and_Network_Systems/VLAN_Segmentation.png
939,DAPR-2255--Audio_Hardware_I/MIDI__MIDI_Troubleshooting_and_Diagnostics/Network_MIDI_Preferences.png,1,DAPR-2255--Audio_Hardware_I/MIDI__MIDI_Troubleshooting_and_Diagnostics/Network_MIDI_Preferences.png
940,DAPR-2255--Audio_Hardware_I/MIDI__MIDI_Troubleshooting_and_Diagnostics/Test_Kit_Layout.jpg,1,DAPR-2255--Audio_Hardware_I/MIDI__MIDI_Troubleshooting_and_Diagnostics/Test_Kit_Layout.jpg
941,DAPR-2255--Audio_Hardware_I/MIDI__MIDI_Troubleshooting_and_Diagnostics/Troubleshooting_Cable_Pulled.jpg,1,DAPR-2255--Audio_Hardware_I/MIDI__MIDI_Troubleshooting_and_Diagnostics/Troubleshooting_Cable_Pulled.jpg
942,DAPR-2255--Audio_Hardware_I/MIDI__Systems_and_Implementation/Clock_vs_MTC.png,1,DAPR-2255--Audio_Hardware_I/MIDI__Systems_and_Implementation/Clock_vs_MTC.png
943,DAPR-2255--Audio_Hardware_I/MIDI__Systems_and_Implementation/DIN_Connector_Face.jpg,1,DAPR-2255--Audio_Hardware_I/MIDI__Systems_and_Implementation/DIN_Connector_Face.jpg
944,DAPR-2255--Audio_Hardware_I/MIDI__Systems_and_Implementation/DMX_Fixture.jpg,1,DAPR-2255--Audio_Hardware_I/MIDI__Systems_and_Implementation/DMX_Fixture.jpg
945,DAPR-2255--Audio_Hardware_I/MIDI__Systems_and_Implementation/DMX_Terminator.jpg,1,DAPR-2255--Audio_Hardware_I/MIDI__Systems_and_Implementation/DMX_Terminator.jpg
946,DAPR-2255--Audio_Hardware_I/MIDI__Systems_and_Implementation/DMX_Universe_Addressing.png,1,DAPR-2255--Audio_Hardware_I/MIDI__Systems_and_Implementation/DMX_Universe_Addressing.png
947,DAPR-2255--Audio_Hardware_I/MIDI__Systems_and_Implementation/Interface_Rear_Panel.jpg,1,DAPR-2255--Audio_Hardware_I/MIDI__Systems_and_Implementation/Interface_Rear_Panel.jpg
948,DAPR-2255--Audio_Hardware_I/MIDI__Systems_and_Implementation/Local_Control_Double_Trigger.png,1,DAPR-2255--Audio_Hardware_I/MIDI__Systems_and_Implementation/Local_Control_Double_Trigger.png
949,DAPR-2255--Audio_Hardware_I/MIDI__Systems_and_Implementation/PAR_Fixture_DIP_Switch_Bank.jpg,1,DAPR-2255--Audio_Hardware_I/MIDI__Systems_and_Implementation/PAR_Fixture_DIP_Switch_Bank.jpg
950,DAPR-2255--Audio_Hardware_I/MIDI__Systems_and_Implementation/PAR_Fixture_on_Double_Yoke_Bracket.jpg,1,DAPR-2255--Audio_Hardware_I/MIDI__Systems_and_Implementation/PAR_Fixture_on_Double_Yoke_Bracket.jpg
951,DAPR-2255--Audio_Hardware_I/MIDI__Systems_and_Implementation/Rack_Sound_Module.jpg,1,DAPR-2255--Audio_Hardware_I/MIDI__Systems_and_Implementation/Rack_Sound_Module.jpg
952,DAPR-2255--Audio_Hardware_I/MIDI__Systems_and_Implementation/Show_Control_Hub.png,1,DAPR-2255--Audio_Hardware_I/MIDI__Systems_and_Implementation/Show_Control_Hub.png
953,DAPR-2255--Audio_Hardware_I/MIDI__Systems_and_Implementation/TRS_MIDI_Cables_3.5mm.jpg,1,DAPR-2255--Audio_Hardware_I/MIDI__Systems_and_Implementation/TRS_MIDI_Cables_3.5mm.jpg
954,DAPR-2255--Audio_Hardware_I/MIDI__Systems_and_Implementation/Thru_Box.jpg,1,DAPR-2255--Audio_Hardware_I/MIDI__Systems_and_Implementation/Thru_Box.jpg
955,DAPR-2255--Audio_Hardware_I/MIDI__Systems_and_Implementation/Thru_Chain_vs_Thru_Box.png,1,DAPR-2255--Audio_Hardware_I/MIDI__Systems_and_Implementation/Thru_Chain_vs_Thru_Box.png
956,DAPR-2255--Audio_Hardware_I/Multimeters/Analog_Meter.jpg,1,DAPR-2255--Audio_Hardware_I/Multimeters/Analog_Meter.jpg
957,DAPR-2255--Audio_Hardware_I/Multimeters/Assignment_Bench.jpg,1,DAPR-2255--Audio_Hardware_I/Multimeters/Assignment_Bench.jpg
958,DAPR-2255--Audio_Hardware_I/Multimeters/Clamp_Meter.jpg,1,DAPR-2255--Audio_Hardware_I/Multimeters/Clamp_Meter.jpg
959,DAPR-2255--Audio_Hardware_I/Multimeters/Digital_Meter.jpg,1,DAPR-2255--Audio_Hardware_I/Multimeters/Digital_Meter.jpg
960,DAPR-2255--Audio_Hardware_I/Multimeters/Digital_Meter_Photo.jpg,0,
961,DAPR-2255--Audio_Hardware_I/Multimeters/Jack_Selection.jpg,1,DAPR-2255--Audio_Hardware_I/Multimeters/Jack_Selection.jpg
962,DAPR-2255--Audio_Hardware_I/Multimeters/Jack_Selection.png,0,
963,DAPR-2255--Audio_Hardware_I/Multimeters/Jack_Selection_Alt.jpg,0,
964,DAPR-2255--Audio_Hardware_I/Multimeters/Oersted_Portrait.jpg,1,DAPR-2255--Audio_Hardware_I/Multimeters/Oersted_Portrait.jpg
965,DAPR-2255--Audio_Hardware_I/Multimeters/Oscilloscope.jpg,1,DAPR-2255--Audio_Hardware_I/Multimeters/Oscilloscope.jpg
966,DAPR-2255--Audio_Hardware_I/Multimeters/Overview_Hero.png,1,DAPR-2255--Audio_Hardware_I/Multimeters/Overview_Hero.png
967,DAPR-2255--Audio_Hardware_I/Multimeters/Test_Leads.jpg,1,DAPR-2255--Audio_Hardware_I/Multimeters/Test_Leads.jpg
968,DAPR-2255--Audio_Hardware_I/Multimeters/Wheatstone_Bridge.jpg,1,DAPR-2255--Audio_Hardware_I/Multimeters/Wheatstone_Bridge.jpg
969,DAPR-2255--Audio_Hardware_I/Ohms_Law/Assignment_Bench.jpg,1,DAPR-2255--Audio_Hardware_I/Ohms_Law/Assignment_Bench.jpg
970,DAPR-2255--Audio_Hardware_I/Ohms_Law/Circuit_Diagram.png,1,DAPR-2255--Audio_Hardware_I/Ohms_Law/Circuit_Diagram.png
971,DAPR-2255--Audio_Hardware_I/Ohms_Law/Georg_Ohm_Portrait.jpg,1,DAPR-2255--Audio_Hardware_I/Ohms_Law/Georg_Ohm_Portrait.jpg
972,DAPR-2255--Audio_Hardware_I/Ohms_Law/Overview_Hero.png,1,DAPR-2255--Audio_Hardware_I/Ohms_Law/Overview_Hero.png
973,DAPR-2255--Audio_Hardware_I/Ohms_Law/Pie_Chart.jpg,0,
974,DAPR-2255--Audio_Hardware_I/Ohms_Law/Potentiometer.jpg,1,DAPR-2255--Audio_Hardware_I/Ohms_Law/Potentiometer.jpg
975,DAPR-2255--Audio_Hardware_I/Ohms_Law/Triangle_and_Rearrangements.jpg,0,
976,DAPR-2255--Audio_Hardware_I/Ohms_Law/Triangle_and_Rearrangements.png,0,
977,DAPR-2255--Audio_Hardware_I/Ohms_Law/Voltage_Divider.jpg,1,DAPR-2255--Audio_Hardware_I/Ohms_Law/Voltage_Divider.jpg
978,DAPR-2255--Audio_Hardware_I/Ohms_Law/Wheel_Basic.png,1,DAPR-2255--Audio_Hardware_I/Ohms_Law/Wheel_Basic.png
979,DAPR-2255--Audio_Hardware_I/Ohms_Law/Wheel_Colorcoded.png,1,DAPR-2255--Audio_Hardware_I/Ohms_Law/Wheel_Colorcoded.png
980,DAPR-2255--Audio_Hardware_I/Ohms_Law/Wheel_Colorcoded_Numbers.png,1,DAPR-2255--Audio_Hardware_I/Ohms_Law/Wheel_Colorcoded_Numbers.png
981,DAPR-2255--Audio_Hardware_I/Ohms_Law/Wheel_Numbers.png,0,
982,DAPR-2255--Audio_Hardware_I/Power/Amplifier_Specs_Infographic.png,1,DAPR-2255--Audio_Hardware_I/Power/Amplifier_Specs_Infographic.png
983,DAPR-2255--Audio_Hardware_I/Power/Assignment_Bench.jpg,1,DAPR-2255--Audio_Hardware_I/Power/Assignment_Bench.jpg
984,DAPR-2255--Audio_Hardware_I/Power/Doubling_is_3dB.png,1,DAPR-2255--Audio_Hardware_I/Power/Doubling_is_3dB.png
985,DAPR-2255--Audio_Hardware_I/Power/Heatsink.jpg,1,DAPR-2255--Audio_Hardware_I/Power/Heatsink.jpg
986,DAPR-2255--Audio_Hardware_I/Power/Heatsink_Amplifier_Chassis.jpg,1,DAPR-2255--Audio_Hardware_I/Power/Heatsink_Amplifier_Chassis.jpg
987,DAPR-2255--Audio_Hardware_I/Power/Heatsink_CPU_Cooler.jpg,1,DAPR-2255--Audio_Hardware_I/Power/Heatsink_CPU_Cooler.jpg
988,DAPR-2255--Audio_Hardware_I/Power/Heatsink_To220_Pair.jpg,1,DAPR-2255--Audio_Hardware_I/Power/Heatsink_To220_Pair.jpg
989,DAPR-2255--Audio_Hardware_I/Power/Heatsink_Why_Fins_Work.png,1,DAPR-2255--Audio_Hardware_I/Power/Heatsink_Why_Fins_Work.png
990,DAPR-2255--Audio_Hardware_I/Power/Heatsink_Why_Fins_Work_Alt.png,0,
991,DAPR-2255--Audio_Hardware_I/Power/James_Watt_Portrait.jpg,1,DAPR-2255--Audio_Hardware_I/Power/James_Watt_Portrait.jpg
992,DAPR-2255--Audio_Hardware_I/Power/Joule_Portrait.jpg,1,DAPR-2255--Audio_Hardware_I/Power/Joule_Portrait.jpg
993,DAPR-2255--Audio_Hardware_I/Power/Overview_Banner.png,0,
994,DAPR-2255--Audio_Hardware_I/Power/Power_Factor_Graph.jpg,0,
995,DAPR-2255--Audio_Hardware_I/Power/Watt_Steam_Engine.jpg,1,DAPR-2255--Audio_Hardware_I/Power/Watt_Steam_Engine.jpg
996,DAPR-2255--Audio_Hardware_I/Power/Wattmeter.jpg,1,DAPR-2255--Audio_Hardware_I/Power/Wattmeter.jpg
997,DAPR-2255--Audio_Hardware_I/Resistors/Assignment_Bench.jpg,1,DAPR-2255--Audio_Hardware_I/Resistors/Assignment_Bench.jpg
998,DAPR-2255--Audio_Hardware_I/Resistors/Assorted_Types.jpg,1,DAPR-2255--Audio_Hardware_I/Resistors/Assorted_Types.jpg
999,DAPR-2255--Audio_Hardware_I/Resistors/Audio_Applications_Infographic.png,1,DAPR-2255--Audio_Hardware_I/Resistors/Audio_Applications_Infographic.png
1000,DAPR-2255--Audio_Hardware_I/Resistors/Color_Code_Chart_Dark.png,1,DAPR-2255--Audio_Hardware_I/Resistors/Color_Code_Chart_Dark.png
1001,DAPR-2255--Audio_Hardware_I/Resistors/Color_Code_Light.png,0,
1002,DAPR-2255--Audio_Hardware_I/Resistors/Color_Digit_Chart.jpg,0,
1003,DAPR-2255--Audio_Hardware_I/Resistors/Four_Band_Worked.png,1,DAPR-2255--Audio_Hardware_I/Resistors/Four_Band_Worked.png
1004,DAPR-2255--Audio_Hardware_I/Resistors/In_Circuit_Parallel_Path.jpg,1,DAPR-2255--Audio_Hardware_I/Resistors/In_Circuit_Parallel_Path.jpg
1005,DAPR-2255--Audio_Hardware_I/Resistors/Ldr.jpg,1,DAPR-2255--Audio_Hardware_I/Resistors/Ldr.jpg
1006,DAPR-2255--Audio_Hardware_I/Resistors/Overview_Banner.png,0,
1007,DAPR-2255--Audio_Hardware_I/Resistors/PCB_Resistor.jpg,1,DAPR-2255--Audio_Hardware_I/Resistors/PCB_Resistor.jpg
1008,DAPR-2255--Audio_Hardware_I/Resistors/Potentiometer_Symbol.jpg,1,DAPR-2255--Audio_Hardware_I/Resistors/Potentiometer_Symbol.jpg
1009,DAPR-2255--Audio_Hardware_I/Resistors/Power_Ratings.jpg,1,DAPR-2255--Audio_Hardware_I/Resistors/Power_Ratings.jpg
1010,DAPR-2255--Audio_Hardware_I/Resistors/Smd_Resistors.jpg,1,DAPR-2255--Audio_Hardware_I/Resistors/Smd_Resistors.jpg
1011,DAPR-2255--Audio_Hardware_I/Resistors/Symbol_Ansi.jpg,1,DAPR-2255--Audio_Hardware_I/Resistors/Symbol_Ansi.jpg
1012,DAPR-2255--Audio_Hardware_I/Resistors/Symbol_Iec.jpg,1,DAPR-2255--Audio_Hardware_I/Resistors/Symbol_Iec.jpg
1013,DAPR-2255--Audio_Hardware_I/Schematics/Assignment_Bench.jpg,1,DAPR-2255--Audio_Hardware_I/Schematics/Assignment_Bench.jpg
1014,DAPR-2255--Audio_Hardware_I/Schematics/Battery_Schematic_Symbol.png,1,DAPR-2255--Audio_Hardware_I/Schematics/Battery_Schematic_Symbol.png
1015,DAPR-2255--Audio_Hardware_I/Schematics/Breadboard_Circuit.jpg,1,DAPR-2255--Audio_Hardware_I/Schematics/Breadboard_Circuit.jpg
1016,DAPR-2255--Audio_Hardware_I/Schematics/Circuit_Board_Detail.jpg,1,DAPR-2255--Audio_Hardware_I/Schematics/Circuit_Board_Detail.jpg
1017,DAPR-2255--Audio_Hardware_I/Schematics/Connector_Jack_Symbol.png,1,DAPR-2255--Audio_Hardware_I/Schematics/Connector_Jack_Symbol.png
1018,DAPR-2255--Audio_Hardware_I/Schematics/Earth_Ground_Symbol.jpg,1,DAPR-2255--Audio_Hardware_I/Schematics/Earth_Ground_Symbol.jpg
1019,DAPR-2255--Audio_Hardware_I/Schematics/Fuse_Symbol.png,1,DAPR-2255--Audio_Hardware_I/Schematics/Fuse_Symbol.png
1020,DAPR-2255--Audio_Hardware_I/Schematics/Junction_Dot.jpg,0,
1021,DAPR-2255--Audio_Hardware_I/Schematics/Junction_Dot.png,0,
1022,DAPR-2255--Audio_Hardware_I/Schematics/Logic_Gates.png,0,
1023,DAPR-2255--Audio_Hardware_I/Schematics/Loudspeaker_Symbol.png,1,DAPR-2255--Audio_Hardware_I/Schematics/Loudspeaker_Symbol.png
1024,DAPR-2255--Audio_Hardware_I/Schematics/Microphone_Symbol.png,1,DAPR-2255--Audio_Hardware_I/Schematics/Microphone_Symbol.png
1025,DAPR-2255--Audio_Hardware_I/Schematics/Opamp_Symbol.jpg,1,DAPR-2255--Audio_Hardware_I/Schematics/Opamp_Symbol.jpg
1026,DAPR-2255--Audio_Hardware_I/Schematics/PCB_Photo.jpg,1,DAPR-2255--Audio_Hardware_I/Schematics/PCB_Photo.jpg
1027,DAPR-2255--Audio_Hardware_I/Schematics/Reference_Designators.png,1,DAPR-2255--Audio_Hardware_I/Schematics/Reference_Designators.png
1028,DAPR-2255--Audio_Hardware_I/Schematics/Voltage_Source.jpg,1,DAPR-2255--Audio_Hardware_I/Schematics/Voltage_Source.jpg
1029,DAPR-2255--Audio_Hardware_I/Schematics/Wire_Junction.png,1,DAPR-2255--Audio_Hardware_I/Schematics/Wire_Junction.png
1030,DAPR-2255--Audio_Hardware_I/Series_and_Parallel_Circuits/Assignment_Bench.jpg,1,DAPR-2255--Audio_Hardware_I/Series_and_Parallel_Circuits/Assignment_Bench.jpg
1031,DAPR-2255--Audio_Hardware_I/Series_and_Parallel_Circuits/Circuit_Schematic.png,1,DAPR-2255--Audio_Hardware_I/Series_and_Parallel_Circuits/Circuit_Schematic.png
1032,DAPR-2255--Audio_Hardware_I/Series_and_Parallel_Circuits/Kcl.png,1,DAPR-2255--Audio_Hardware_I/Series_and_Parallel_Circuits/Kcl.png
1033,DAPR-2255--Audio_Hardware_I/Series_and_Parallel_Circuits/Kirchhoff_Portrait.jpg,1,DAPR-2255--Audio_Hardware_I/Series_and_Parallel_Circuits/Kirchhoff_Portrait.jpg
1034,DAPR-2255--Audio_Hardware_I/Series_and_Parallel_Circuits/Kirchhoffs_Laws.png,1,DAPR-2255--Audio_Hardware_I/Series_and_Parallel_Circuits/Kirchhoffs_Laws.png
1035,DAPR-2255--Audio_Hardware_I/Series_and_Parallel_Circuits/Kvl.png,1,DAPR-2255--Audio_Hardware_I/Series_and_Parallel_Circuits/Kvl.png
1036,DAPR-2255--Audio_Hardware_I/Series_and_Parallel_Circuits/Loaded_Voltage_Divider.png,1,DAPR-2255--Audio_Hardware_I/Series_and_Parallel_Circuits/Loaded_Voltage_Divider.png
1037,DAPR-2255--Audio_Hardware_I/Series_and_Parallel_Circuits/One_Path.png,1,DAPR-2255--Audio_Hardware_I/Series_and_Parallel_Circuits/One_Path.png
1038,DAPR-2255--Audio_Hardware_I/Series_and_Parallel_Circuits/Parallel.png,1,DAPR-2255--Audio_Hardware_I/Series_and_Parallel_Circuits/Parallel.png
1039,DAPR-2255--Audio_Hardware_I/Series_and_Parallel_Circuits/Parallel_Formula.png,1,DAPR-2255--Audio_Hardware_I/Series_and_Parallel_Circuits/Parallel_Formula.png
1040,DAPR-2255--Audio_Hardware_I/Series_and_Parallel_Circuits/Parallel_Resistor_Example.png,1,DAPR-2255--Audio_Hardware_I/Series_and_Parallel_Circuits/Parallel_Resistor_Example.png
1041,DAPR-2255--Audio_Hardware_I/Series_and_Parallel_Circuits/Series_Example.png,1,DAPR-2255--Audio_Hardware_I/Series_and_Parallel_Circuits/Series_Example.png
1042,DAPR-2255--Audio_Hardware_I/Series_and_Parallel_Circuits/Series_Parallel_Resistors.jpg,1,DAPR-2255--Audio_Hardware_I/Series_and_Parallel_Circuits/Series_Parallel_Resistors.jpg
1043,DAPR-2255--Audio_Hardware_I/Series_and_Parallel_Circuits/Series_Voltage_Drops.png,1,DAPR-2255--Audio_Hardware_I/Series_and_Parallel_Circuits/Series_Voltage_Drops.png
1044,DAPR-2255--Audio_Hardware_I/Series_and_Parallel_Circuits/Series_and_Parallel_Metered.png,0,
1045,DAPR-2255--Audio_Hardware_I/Series_and_Parallel_Circuits/Several_Paths.jpg,0,
1046,DAPR-2255--Audio_Hardware_I/Series_and_Parallel_Circuits/Several_Paths.png,1,DAPR-2255--Audio_Hardware_I/Series_and_Parallel_Circuits/Several_Paths.png
1047,DAPR-2255--Audio_Hardware_I/Series_and_Parallel_Circuits/Voltage_Divider.jpg,0,
1048,DAPR-2255--Audio_Hardware_I/Series_and_Parallel_Circuits/Voltage_Divider.png,1,DAPR-2255--Audio_Hardware_I/Series_and_Parallel_Circuits/Voltage_Divider.png
1049,DAPR-2255--Audio_Hardware_I/Series_and_Parallel_Circuits/Voltage_Divider_Infographic.png,1,DAPR-2255--Audio_Hardware_I/Series_and_Parallel_Circuits/Voltage_Divider_Infographic.png
1050,DAPR-2255--Audio_Hardware_I/Switches/3pdt_Toggle_Photo.jpg,1,DAPR-2255--Audio_Hardware_I/Switches/3pdt_Toggle_Photo.jpg
1051,DAPR-2255--Audio_Hardware_I/Switches/Assignment_Bench.jpg,1,DAPR-2255--Audio_Hardware_I/Switches/Assignment_Bench.jpg
1052,DAPR-2255--Audio_Hardware_I/Switches/Dip_Switch.jpg,1,DAPR-2255--Audio_Hardware_I/Switches/Dip_Switch.jpg
1053,DAPR-2255--Audio_Hardware_I/Switches/Dpdt_Symbol.jpg,1,DAPR-2255--Audio_Hardware_I/Switches/Dpdt_Symbol.jpg
1054,DAPR-2255--Audio_Hardware_I/Switches/Dpst_Symbol.jpg,1,DAPR-2255--Audio_Hardware_I/Switches/Dpst_Symbol.jpg
1055,DAPR-2255--Audio_Hardware_I/Switches/Evolution_of_Switching.png,1,DAPR-2255--Audio_Hardware_I/Switches/Evolution_of_Switching.png
1056,DAPR-2255--Audio_Hardware_I/Switches/Poles_Throws_Lugcount.jpg,0,
1057,DAPR-2255--Audio_Hardware_I/Switches/Poles_Throws_Lugcount.png,0,
1058,DAPR-2255--Audio_Hardware_I/Switches/Push_Button_Box.jpg,1,DAPR-2255--Audio_Hardware_I/Switches/Push_Button_Box.jpg
1059,DAPR-2255--Audio_Hardware_I/Switches/Pushbutton_Sparkfun.jpg,1,DAPR-2255--Audio_Hardware_I/Switches/Pushbutton_Sparkfun.jpg
1060,DAPR-2255--Audio_Hardware_I/Switches/Relay_Schematic_Symbols.png,1,DAPR-2255--Audio_Hardware_I/Switches/Relay_Schematic_Symbols.png
1061,DAPR-2255--Audio_Hardware_I/Switches/Rocker_Switch.jpg,1,DAPR-2255--Audio_Hardware_I/Switches/Rocker_Switch.jpg
1062,DAPR-2255--Audio_Hardware_I/Switches/Rotary_Switch.jpg,1,DAPR-2255--Audio_Hardware_I/Switches/Rotary_Switch.jpg
1063,DAPR-2255--Audio_Hardware_I/Switches/Slide_Switch.jpg,1,DAPR-2255--Audio_Hardware_I/Switches/Slide_Switch.jpg
1064,DAPR-2255--Audio_Hardware_I/Switches/Spdt_Symbol.jpg,1,DAPR-2255--Audio_Hardware_I/Switches/Spdt_Symbol.jpg
1065,DAPR-2255--Audio_Hardware_I/Switches/Spst_Symbol.jpg,1,DAPR-2255--Audio_Hardware_I/Switches/Spst_Symbol.jpg
1066,DAPR-2255--Audio_Hardware_I/Switches/Talkback_Box_Switches.png,1,DAPR-2255--Audio_Hardware_I/Switches/Talkback_Box_Switches.png
1067,DAPR-2255--Audio_Hardware_I/Switches/Throws_and_Poles.png,1,DAPR-2255--Audio_Hardware_I/Switches/Throws_and_Poles.png
1068,DAPR-2255--Audio_Hardware_I/Switches/Toggle_Panel_Mount.jpg,0,
1069,DAPR-2255--Audio_Hardware_I/Switches/Toggle_Switch_Photo.png,1,DAPR-2255--Audio_Hardware_I/Switches/Toggle_Switch_Photo.png
1070,DAPR-2255--Audio_Hardware_I/Switches/Types_in_Audio_Equipment.png,1,DAPR-2255--Audio_Hardware_I/Switches/Types_in_Audio_Equipment.png
1071,DAPR-2255--Audio_Hardware_I/Switches/Wiring_Diagrams.jpg,1,DAPR-2255--Audio_Hardware_I/Switches/Wiring_Diagrams.jpg
1072,DAPR-2255--Audio_Hardware_I/Transistors/2N2222A.jpg,0,
1073,DAPR-2255--Audio_Hardware_I/Transistors/2N2222B.jpg,0,
1074,DAPR-2255--Audio_Hardware_I/Transistors/Amplifier_Circuit.jpg,1,DAPR-2255--Audio_Hardware_I/Transistors/Amplifier_Circuit.jpg
1075,DAPR-2255--Audio_Hardware_I/Transistors/Applications_in_Audio.png,1,DAPR-2255--Audio_Hardware_I/Transistors/Applications_in_Audio.png
1076,DAPR-2255--Audio_Hardware_I/Transistors/As_a_Switch.jpg,0,
1077,DAPR-2255--Audio_Hardware_I/Transistors/As_a_Switch.png,0,
1078,DAPR-2255--Audio_Hardware_I/Transistors/Assignment_Bench.jpg,1,DAPR-2255--Audio_Hardware_I/Transistors/Assignment_Bench.jpg
1079,DAPR-2255--Audio_Hardware_I/Transistors/Assorted_Types.png,1,DAPR-2255--Audio_Hardware_I/Transistors/Assorted_Types.png
1080,DAPR-2255--Audio_Hardware_I/Transistors/BJT_vs_FET_Audio.png,1,DAPR-2255--Audio_Hardware_I/Transistors/BJT_vs_FET_Audio.png
1081,DAPR-2255--Audio_Hardware_I/Transistors/Bell_Labs_Inventors.jpg,1,DAPR-2255--Audio_Hardware_I/Transistors/Bell_Labs_Inventors.jpg
1082,DAPR-2255--Audio_Hardware_I/Transistors/FET_Symbols.jpg,1,DAPR-2255--Audio_Hardware_I/Transistors/FET_Symbols.jpg
1083,DAPR-2255--Audio_Hardware_I/Transistors/First_Transistor_Replica.jpg,1,DAPR-2255--Audio_Hardware_I/Transistors/First_Transistor_Replica.jpg
1084,DAPR-2255--Audio_Hardware_I/Transistors/First_Transistor_to_Microprocessor.png,1,DAPR-2255--Audio_Hardware_I/Transistors/First_Transistor_to_Microprocessor.png
1085,DAPR-2255--Audio_Hardware_I/Transistors/Heatsink.png,1,DAPR-2255--Audio_Hardware_I/Transistors/Heatsink.png
1086,DAPR-2255--Audio_Hardware_I/Transistors/Inside_Integrated_Circuits.png,1,DAPR-2255--Audio_Hardware_I/Transistors/Inside_Integrated_Circuits.png
1087,DAPR-2255--Audio_Hardware_I/Transistors/NPN_PNP_Arrow.jpg,0,
1088,DAPR-2255--Audio_Hardware_I/Transistors/NPN_PNP_Arrow.png,0,
1089,DAPR-2255--Audio_Hardware_I/Transistors/NPN_PNP_Symbols.png,1,DAPR-2255--Audio_Hardware_I/Transistors/NPN_PNP_Symbols.png
1090,DAPR-2255--Audio_Hardware_I/Transistors/Overview_Banner.png,0,
1091,DAPR-2255--Audio_Hardware_I/Transistors/Switch_Circuit.png,0,
1092,DAPR-2255--Audio_Hardware_I/Transistors/TO92_Transistors.jpg,0,
1093,DAPR-2255--Audio_Hardware_I/Transistors/Three_BJT_Amplifier_Configs.png,1,DAPR-2255--Audio_Hardware_I/Transistors/Three_BJT_Amplifier_Configs.png
1094,DAPR-2255--Audio_Hardware_I/Transistors/To92_Package.png,1,DAPR-2255--Audio_Hardware_I/Transistors/To92_Package.png
1095,DAPR-2255--Audio_Hardware_I/Transistors/Transistor_Package_Sizes.jpg,0,
1096,DAPR-2255--Audio_Hardware_I/Voltage_and_Current/Breadboard_Circuit.jpg,1,DAPR-2255--Audio_Hardware_I/Voltage_and_Current/Breadboard_Circuit.jpg
1097,DAPR-2255--Audio_Hardware_I/Voltage_and_Current/Complete_Path.png,1,DAPR-2255--Audio_Hardware_I/Voltage_and_Current/Complete_Path.png
1098,DAPR-2255--Audio_Hardware_I/Voltage_and_Current/Conventional_vs_Electron_Flow.png,1,DAPR-2255--Audio_Hardware_I/Voltage_and_Current/Conventional_vs_Electron_Flow.png
1099,DAPR-2255--Audio_Hardware_I/Voltage_and_Current/Orders_of_Magnitude.png,1,DAPR-2255--Audio_Hardware_I/Voltage_and_Current/Orders_of_Magnitude.png
1100,DAPR-2255--Audio_Hardware_I/Voltage_and_Current/Reservoir_Analogy.png,1,DAPR-2255--Audio_Hardware_I/Voltage_and_Current/Reservoir_Analogy.png
1101,DAPR-2255--Audio_Hardware_I/Voltage_and_Current/Reservoir_Analogy_Alt.png,1,DAPR-2255--Audio_Hardware_I/Voltage_and_Current/Reservoir_Analogy_Alt.png
1102,DAPR-2255--Audio_Hardware_I/Wiring_and_Safety/AWG_Runs_Backwards.jpg,1,DAPR-2255--Audio_Hardware_I/Wiring_and_Safety/AWG_Runs_Backwards.jpg
1103,DAPR-2255--Audio_Hardware_I/Wiring_and_Safety/AWG_Runs_Backwards.png,1,DAPR-2255--Audio_Hardware_I/Wiring_and_Safety/AWG_Runs_Backwards.png
1104,DAPR-2255--Audio_Hardware_I/Wiring_and_Safety/AWG_Wire_Gauge_Chart.png,1,DAPR-2255--Audio_Hardware_I/Wiring_and_Safety/AWG_Wire_Gauge_Chart.png
1105,DAPR-2255--Audio_Hardware_I/Wiring_and_Safety/Assignment_Bench.jpg,1,DAPR-2255--Audio_Hardware_I/Wiring_and_Safety/Assignment_Bench.jpg
1106,DAPR-2255--Audio_Hardware_I/Wiring_and_Safety/Breadboard.png,1,DAPR-2255--Audio_Hardware_I/Wiring_and_Safety/Breadboard.png
1107,DAPR-2255--Audio_Hardware_I/Wiring_and_Safety/Breadboard_Photo.jpg,1,DAPR-2255--Audio_Hardware_I/Wiring_and_Safety/Breadboard_Photo.jpg
1108,DAPR-2255--Audio_Hardware_I/Wiring_and_Safety/Cable_Insulation_Materials.png,1,DAPR-2255--Audio_Hardware_I/Wiring_and_Safety/Cable_Insulation_Materials.png
1109,DAPR-2255--Audio_Hardware_I/Wiring_and_Safety/Conductor_Progression.jpg,1,DAPR-2255--Audio_Hardware_I/Wiring_and_Safety/Conductor_Progression.jpg
1110,DAPR-2255--Audio_Hardware_I/Wiring_and_Safety/Current_Path_Through_Body.png,1,DAPR-2255--Audio_Hardware_I/Wiring_and_Safety/Current_Path_Through_Body.png
1111,DAPR-2255--Audio_Hardware_I/Wiring_and_Safety/Esd_Wrist_Strap.jpg,1,DAPR-2255--Audio_Hardware_I/Wiring_and_Safety/Esd_Wrist_Strap.jpg
1112,DAPR-2255--Audio_Hardware_I/Wiring_and_Safety/Flux.jpg,1,DAPR-2255--Audio_Hardware_I/Wiring_and_Safety/Flux.jpg
1113,DAPR-2255--Audio_Hardware_I/Wiring_and_Safety/Footswitch.jpg,1,DAPR-2255--Audio_Hardware_I/Wiring_and_Safety/Footswitch.jpg
1114,DAPR-2255--Audio_Hardware_I/Wiring_and_Safety/Good_vs_Cold_Solder_Joint.png,1,DAPR-2255--Audio_Hardware_I/Wiring_and_Safety/Good_vs_Cold_Solder_Joint.png
1115,DAPR-2255--Audio_Hardware_I/Wiring_and_Safety/Heat_Shrink.jpg,1,DAPR-2255--Audio_Hardware_I/Wiring_and_Safety/Heat_Shrink.jpg
1116,DAPR-2255--Audio_Hardware_I/Wiring_and_Safety/Heat_Shrink.png,1,DAPR-2255--Audio_Hardware_I/Wiring_and_Safety/Heat_Shrink.png
1117,DAPR-2255--Audio_Hardware_I/Wiring_and_Safety/Helping_Hands.jpg,1,DAPR-2255--Audio_Hardware_I/Wiring_and_Safety/Helping_Hands.jpg
1118,DAPR-2255--Audio_Hardware_I/Wiring_and_Safety/Overview_Hero.png,1,DAPR-2255--Audio_Hardware_I/Wiring_and_Safety/Overview_Hero.png
1119,DAPR-2255--Audio_Hardware_I/Wiring_and_Safety/Solder_Wire.jpg,1,DAPR-2255--Audio_Hardware_I/Wiring_and_Safety/Solder_Wire.jpg
1120,DAPR-2255--Audio_Hardware_I/Wiring_and_Safety/Soldering_Iron.jpg,1,DAPR-2255--Audio_Hardware_I/Wiring_and_Safety/Soldering_Iron.jpg
1121,DAPR-2255--Audio_Hardware_I/Wiring_and_Safety/Wire_Stripper.jpg,1,DAPR-2255--Audio_Hardware_I/Wiring_and_Safety/Wire_Stripper.jpg
1122,DAPR-2255--Audio_Hardware_I/Wiring_and_Safety/Wire_Stripper_Photo.jpg,1,DAPR-2255--Audio_Hardware_I/Wiring_and_Safety/Wire_Stripper_Photo.jpg
1123,DAPR-2255--Audio_Hardware_I/_duplicates/wiring-safety/wiring-safety-breadboard.png,0,
1124,DAPR-2255--Audio_Hardware_I/_duplicates/wiring-safety/wiring-safety-footswitch.jpg,0,
1125,DAPR-2255--Audio_Hardware_I/_duplicates/wiring-safety/wiring-safety-soldering-iron.jpg,0,
1126,DAPR-2255--Audio_Hardware_I/_superseded/ac-dc-electricity-ac-vs-dc-at-a-glance-01.png,0,
1127,DAPR-2255--Audio_Hardware_I/_superseded/ac-dc-electricity-ac-vs-dc-traces.jpg,0,
1128,DAPR-2255--Audio_Hardware_I/_superseded/ac-dc-electricity-overview-hero.png,0,
1129,DAPR-2255--Audio_Hardware_I/_superseded/diodes-leds-cathode-band-and-symbol.jpg,0,
1130,DAPR-2255--Audio_Hardware_I/_superseded/resistors-four-band-worked.jpg,0,
1131,DAPR-2255--Audio_Hardware_I/_superseded/resistors-in-circuit-parallel-path.png,0,
1132,DAPR-2255--Audio_Hardware_I/_superseded/series-parallel-parallel-formula.jpg,0,
1133,DAPR-2255--Audio_Hardware_I/_unused/MIDI__Foundation/GM_Channel_10.png,0,
1134,DAPR-2255--Audio_Hardware_I/_unused/MIDI__Foundation/Same_File_Two_Synths_Alt.png,0,
1135,DAPR-2255--Audio_Hardware_I/_unused/MIDI__Foundation/What_MIDI_Carries_Alt.png,0,
1136,DAPR-2255--Audio_Hardware_I/_unused/MIDI__MIDI_Over_USB_and_Network_Systems/Jitter_Buffer_Tradeoff_Alt.png,0,
1137,DAPR-2255--Audio_Hardware_I/_unused/MIDI__Systems_and_Implementation/Clock_vs_MTC_Alt.png,0,
1138,DAPR-2255--Audio_Hardware_I/_unused/MIDI__Systems_and_Implementation/PAR_Fixture_Side_XLR_Ports.jpg,0,
1139,DAPR-3255--Audio_Hardware_II/Course_Orientation/Course_Sequence_Prerequisites.png,1,DAPR-3255--Audio_Hardware_II/Course_Orientation/Course_Sequence_Prerequisites.png
1140,DAPR-3255--Audio_Hardware_II/Course_Orientation/Grade_Weighting.png,1,DAPR-3255--Audio_Hardware_II/Course_Orientation/Grade_Weighting.png
1141,DAPR-3255--Audio_Hardware_II/Course_Orientation/Graded_Points_By_Area.png,1,DAPR-3255--Audio_Hardware_II/Course_Orientation/Graded_Points_By_Area.png
1142,DAPR-3255--Audio_Hardware_II/Course_Orientation/Points_By_Course_Area.png,0,
1143,DAPR-3255--Audio_Hardware_II/Course_Orientation/Term_Schedule_Gantt.png,0,
1144,DAPR-3255--Audio_Hardware_II/Course_Orientation/Term_Schedule_Spring_2027.png,1,DAPR-3255--Audio_Hardware_II/Course_Orientation/Term_Schedule_Spring_2027.png
1145,DAPR-3255--Audio_Hardware_II/Electronics/5-Pin_DIN_Female_to_Female_MIDI.png,0,
1146,DAPR-3255--Audio_Hardware_II/Electronics/Aluminum_Panel_With_Three_Connectors.jpg,1,DAPR-3255--Audio_Hardware_II/Electronics/Aluminum_Panel_With_Three_Connectors.jpg
1147,DAPR-3255--Audio_Hardware_II/Electronics/Body_Outlines_With_Current_Paths.png,1,DAPR-3255--Audio_Hardware_II/Electronics/Body_Outlines_With_Current_Paths.png
1148,DAPR-3255--Audio_Hardware_II/Electronics/Breadboard_Internal_Connections.png,1,DAPR-3255--Audio_Hardware_II/Electronics/Breadboard_Internal_Connections.png
1149,DAPR-3255--Audio_Hardware_II/Electronics/Capacitor_Electrolytic_Cutaway.jpg,1,DAPR-3255--Audio_Hardware_II/Electronics/Capacitor_Electrolytic_Cutaway.jpg
1150,DAPR-3255--Audio_Hardware_II/Electronics/Close_Up_of_Soldered_Connector_Lugs.jpg,1,DAPR-3255--Audio_Hardware_II/Electronics/Close_Up_of_Soldered_Connector_Lugs.jpg
1151,DAPR-3255--Audio_Hardware_II/Electronics/Constant_Q_Against_Proportional_Q.png,1,DAPR-3255--Audio_Hardware_II/Electronics/Constant_Q_Against_Proportional_Q.png
1152,DAPR-3255--Audio_Hardware_II/Electronics/Current_Path_Through_Body.jpg,0,
1153,DAPR-3255--Audio_Hardware_II/Electronics/Doped_Blocks_and_Depletion_Gap.png,1,DAPR-3255--Audio_Hardware_II/Electronics/Doped_Blocks_and_Depletion_Gap.png
1154,DAPR-3255--Audio_Hardware_II/Electronics/Early_Peaking_Gradual_Rolloff_Curves.png,1,DAPR-3255--Audio_Hardware_II/Electronics/Early_Peaking_Gradual_Rolloff_Curves.png
1155,DAPR-3255--Audio_Hardware_II/Electronics/Filter_Q_Against_Bandwidth.png,1,DAPR-3255--Audio_Hardware_II/Electronics/Filter_Q_Against_Bandwidth.png
1156,DAPR-3255--Audio_Hardware_II/Electronics/Flat_Line_and_Sine_Graphs.png,1,DAPR-3255--Audio_Hardware_II/Electronics/Flat_Line_and_Sine_Graphs.png
1157,DAPR-3255--Audio_Hardware_II/Electronics/Frequency_Scaling.png,1,DAPR-3255--Audio_Hardware_II/Electronics/Frequency_Scaling.png
1158,DAPR-3255--Audio_Hardware_II/Electronics/Good_vs_Cold_Solder_Joint.jpg,1,DAPR-3255--Audio_Hardware_II/Electronics/Good_vs_Cold_Solder_Joint.jpg
1159,DAPR-3255--Audio_Hardware_II/Electronics/Grey_Mannequins_With_Glowing_Paths.png,0,
1160,DAPR-3255--Audio_Hardware_II/Electronics/Parametric_EQ_Boost_and_Cut.png,1,DAPR-3255--Audio_Hardware_II/Electronics/Parametric_EQ_Boost_and_Cut.png
1161,DAPR-3255--Audio_Hardware_II/Electronics/Peak_P2p_RMS_Voltage.jpg,1,DAPR-3255--Audio_Hardware_II/Electronics/Peak_P2p_RMS_Voltage.jpg
1162,DAPR-3255--Audio_Hardware_II/Electronics/Red_Node_Merging_Rendered_Resistor_Inputs.png,0,
1163,DAPR-3255--Audio_Hardware_II/Electronics/Rendered_Resistors_and_Transistor_Disc.png,0,
1164,DAPR-3255--Audio_Hardware_II/Electronics/Rendered_Slab_With_Bubbles_and_Spheres.png,0,
1165,DAPR-3255--Audio_Hardware_II/Electronics/Rendered_Triangles_With_Banded_Resistors.png,0,
1166,DAPR-3255--Audio_Hardware_II/Electronics/Resistors_Assorted_Types.jpg,1,DAPR-3255--Audio_Hardware_II/Electronics/Resistors_Assorted_Types.jpg
1167,DAPR-3255--Audio_Hardware_II/Electronics/Sharp_Knee_Rolloff_Curve_Trio.png,1,DAPR-3255--Audio_Hardware_II/Electronics/Sharp_Knee_Rolloff_Curve_Trio.png
1168,DAPR-3255--Audio_Hardware_II/Electronics/Sine_Wave_With_Amplitude_Reference_Lines.png,1,DAPR-3255--Audio_Hardware_II/Electronics/Sine_Wave_With_Amplitude_Reference_Lines.png
1169,DAPR-3255--Audio_Hardware_II/Electronics/Solder_Joint_Macro.jpg,1,DAPR-3255--Audio_Hardware_II/Electronics/Solder_Joint_Macro.jpg
1170,DAPR-3255--Audio_Hardware_II/Electronics/Straight_and_Wavy_Extruded_Ribbons.png,0,
1171,DAPR-3255--Audio_Hardware_II/Electronics/Symbol_Battery.png,0,
1172,DAPR-3255--Audio_Hardware_II/Electronics/Symbol_Capacitor.png,0,
1173,DAPR-3255--Audio_Hardware_II/Electronics/Symbol_Diode.png,0,
1174,DAPR-3255--Audio_Hardware_II/Electronics/Symbol_FET.png,0,
1175,DAPR-3255--Audio_Hardware_II/Electronics/Symbol_Ground.png,0,
1176,DAPR-3255--Audio_Hardware_II/Electronics/Symbol_Inductor.png,0,
1177,DAPR-3255--Audio_Hardware_II/Electronics/Symbol_Opamp.png,0,
1178,DAPR-3255--Audio_Hardware_II/Electronics/Symbol_Resistor.png,0,
1179,DAPR-3255--Audio_Hardware_II/Electronics/Symbol_Switch_Spst.png,0,
1180,DAPR-3255--Audio_Hardware_II/Electronics/Symbol_Transformer.png,0,
1181,DAPR-3255--Audio_Hardware_II/Electronics/Talkback_Box_Assembled.jpg,1,DAPR-3255--Audio_Hardware_II/Electronics/Talkback_Box_Assembled.jpg
1182,DAPR-3255--Audio_Hardware_II/Electronics/Talkback_Box_DIN_Solder_Joints.jpg,1,DAPR-3255--Audio_Hardware_II/Electronics/Talkback_Box_DIN_Solder_Joints.jpg
1183,DAPR-3255--Audio_Hardware_II/Electronics/Talkback_Box_Kit_Contents.jpg,1,DAPR-3255--Audio_Hardware_II/Electronics/Talkback_Box_Kit_Contents.jpg
1184,DAPR-3255--Audio_Hardware_II/Electronics/Talkback_Box_Panel_Connectors.jpg,1,DAPR-3255--Audio_Hardware_II/Electronics/Talkback_Box_Panel_Connectors.jpg
1185,DAPR-3255--Audio_Hardware_II/Electronics/Talkback_Box_XLR_Female_Jack.jpg,1,DAPR-3255--Audio_Hardware_II/Electronics/Talkback_Box_XLR_Female_Jack.jpg
1186,DAPR-3255--Audio_Hardware_II/Electronics/Three_BJT_Amplifier_Configs.jpg,1,DAPR-3255--Audio_Hardware_II/Electronics/Three_BJT_Amplifier_Configs.jpg
1187,DAPR-3255--Audio_Hardware_II/Electronics/Transistor_Schematic_With_Four_Resistors.png,1,DAPR-3255--Audio_Hardware_II/Electronics/Transistor_Schematic_With_Four_Resistors.png
1188,DAPR-3255--Audio_Hardware_II/Electronics/Two_Labeled_Amplifier_Schematics.png,1,DAPR-3255--Audio_Hardware_II/Electronics/Two_Labeled_Amplifier_Schematics.png
1189,DAPR-3255--Audio_Hardware_II/Electronics/Virtual_Ground_Node_and_Three_Inputs.png,1,DAPR-3255--Audio_Hardware_II/Electronics/Virtual_Ground_Node_and_Three_Inputs.png
1190,DAPR-3255--Audio_Hardware_II/Electronics/Wave_Ribbon_With_Measurement_Arrows.png,0,
1191,DAPR-3255--Audio_Hardware_II/Electronics__AC_DC_and_Semiconductors/Half_Wave_Full_Wave_Rectification.png,1,DAPR-3255--Audio_Hardware_II/Electronics__AC_DC_and_Semiconductors/Half_Wave_Full_Wave_Rectification.png
1192,DAPR-3255--Audio_Hardware_II/Electronics__AC_DC_and_Semiconductors/Reactance_Across_Audio_Band.png,1,DAPR-3255--Audio_Hardware_II/Electronics__AC_DC_and_Semiconductors/Reactance_Across_Audio_Band.png
1193,DAPR-3255--Audio_Hardware_II/Electronics__Transistor_Biasing_and_Breadboarding/Common_Emitter_DC_Voltages.png,1,DAPR-3255--Audio_Hardware_II/Electronics__Transistor_Biasing_and_Breadboarding/Common_Emitter_DC_Voltages.png
1194,DAPR-3255--Audio_Hardware_II/Electronics__Transistor_Biasing_and_Breadboarding/Meter_Voltage_Current_Resistance.png,1,DAPR-3255--Audio_Hardware_II/Electronics__Transistor_Biasing_and_Breadboarding/Meter_Voltage_Current_Resistance.png
1195,DAPR-3255--Audio_Hardware_II/Final_Exam/AC_DC_Source.png,1,DAPR-3255--Audio_Hardware_II/Final_Exam/AC_DC_Source.png
1196,DAPR-3255--Audio_Hardware_II/Final_Exam/Battery.png,1,DAPR-3255--Audio_Hardware_II/Final_Exam/Battery.png
1197,DAPR-3255--Audio_Hardware_II/Final_Exam/Capacitor.png,1,DAPR-3255--Audio_Hardware_II/Final_Exam/Capacitor.png
1198,DAPR-3255--Audio_Hardware_II/Final_Exam/Digital_Logic_Gates_Part_1.png,0,
1199,DAPR-3255--Audio_Hardware_II/Final_Exam/Digital_Logic_Gates_Part_2.png,0,
1200,DAPR-3255--Audio_Hardware_II/Final_Exam/Diode.png,1,DAPR-3255--Audio_Hardware_II/Final_Exam/Diode.png
1201,DAPR-3255--Audio_Hardware_II/Final_Exam/Diode_LED_Photodiode.png,0,
1202,DAPR-3255--Audio_Hardware_II/Final_Exam/Diode_Schottky_Zener.png,1,DAPR-3255--Audio_Hardware_II/Final_Exam/Diode_Schottky_Zener.png
1203,DAPR-3255--Audio_Hardware_II/Final_Exam/Fuses_and_PTC.png,1,DAPR-3255--Audio_Hardware_II/Final_Exam/Fuses_and_PTC.png
1204,DAPR-3255--Audio_Hardware_II/Final_Exam/Headers_and_Connectors.png,0,
1205,DAPR-3255--Audio_Hardware_II/Final_Exam/Inductor.png,1,DAPR-3255--Audio_Hardware_II/Final_Exam/Inductor.png
1206,DAPR-3255--Audio_Hardware_II/Final_Exam/Integrated_Circuits.png,1,DAPR-3255--Audio_Hardware_II/Final_Exam/Integrated_Circuits.png
1207,DAPR-3255--Audio_Hardware_II/Final_Exam/Integrated_Circuits_Voltage_Regulators.png,0,
1208,DAPR-3255--Audio_Hardware_II/Final_Exam/Motors.png,0,
1209,DAPR-3255--Audio_Hardware_II/Final_Exam/Op_Amp.png,1,DAPR-3255--Audio_Hardware_II/Final_Exam/Op_Amp.png
1210,DAPR-3255--Audio_Hardware_II/Final_Exam/Relays.png,0,
1211,DAPR-3255--Audio_Hardware_II/Final_Exam/Resistor.png,1,DAPR-3255--Audio_Hardware_II/Final_Exam/Resistor.png
1212,DAPR-3255--Audio_Hardware_II/Final_Exam/Schematic_Full.png,0,
1213,DAPR-3255--Audio_Hardware_II/Final_Exam/Schematic_Symbols.png,0,
1214,DAPR-3255--Audio_Hardware_II/Final_Exam/Schematics_Junctions.png,1,DAPR-3255--Audio_Hardware_II/Final_Exam/Schematics_Junctions.png
1215,DAPR-3255--Audio_Hardware_II/Final_Exam/Speakers_Buzzers.png,1,DAPR-3255--Audio_Hardware_II/Final_Exam/Speakers_Buzzers.png
1216,DAPR-3255--Audio_Hardware_II/Final_Exam/Switch_SPST.png,1,DAPR-3255--Audio_Hardware_II/Final_Exam/Switch_SPST.png
1217,DAPR-3255--Audio_Hardware_II/Final_Exam/Switches_DPDT.png,1,DAPR-3255--Audio_Hardware_II/Final_Exam/Switches_DPDT.png
1218,DAPR-3255--Audio_Hardware_II/Final_Exam/Switches_SPDT_SP3T.png,1,DAPR-3255--Audio_Hardware_II/Final_Exam/Switches_SPDT_SP3T.png
1219,DAPR-3255--Audio_Hardware_II/Final_Exam/Transformer.png,1,DAPR-3255--Audio_Hardware_II/Final_Exam/Transformer.png
1220,DAPR-3255--Audio_Hardware_II/Final_Exam/Transformer_Center_Tapped.png,1,DAPR-3255--Audio_Hardware_II/Final_Exam/Transformer_Center_Tapped.png
1221,DAPR-3255--Audio_Hardware_II/Final_Exam/Transformer_Symbols.jpg,0,
1222,DAPR-3255--Audio_Hardware_II/Final_Exam/Transistor_FET.png,1,DAPR-3255--Audio_Hardware_II/Final_Exam/Transistor_FET.png
1223,DAPR-3255--Audio_Hardware_II/Final_Exam/Variable_Resistor.png,1,DAPR-3255--Audio_Hardware_II/Final_Exam/Variable_Resistor.png
1224,DAPR-3255--Audio_Hardware_II/Final_Exam/Voltage_Ground.png,1,DAPR-3255--Audio_Hardware_II/Final_Exam/Voltage_Ground.png
1225,DAPR-3255--Audio_Hardware_II/Networking__Audio_Network_Architecture/Cube_Chain_With_Yellow_Tags.png,0,
1226,DAPR-3255--Audio_Hardware_II/Networking__Audio_Network_Architecture/Flooded_Versus_Selective_Port_Delivery.png,1,DAPR-3255--Audio_Hardware_II/Networking__Audio_Network_Architecture/Flooded_Versus_Selective_Port_Delivery.png
1227,DAPR-3255--Audio_Hardware_II/Networking__Audio_Network_Architecture/Four_Copies_Versus_One_Branch.png,1,DAPR-3255--Audio_Hardware_II/Networking__Audio_Network_Architecture/Four_Copies_Versus_One_Branch.png
1228,DAPR-3255--Audio_Hardware_II/Networking__Audio_Network_Architecture/Funnel_Sorting_Packets_into_Queues.png,0,
1229,DAPR-3255--Audio_Hardware_II/Networking__Audio_Network_Architecture/One_Switch_and_Dashed_Divider.png,1,DAPR-3255--Audio_Hardware_II/Networking__Audio_Network_Architecture/One_Switch_and_Dashed_Divider.png
1230,DAPR-3255--Audio_Hardware_II/Networking__Audio_Network_Architecture/Red_Cube_Above_Orange_and_Grey.png,0,
1231,DAPR-3255--Audio_Hardware_II/Networking__Audio_Network_Architecture/Red_Wall_Separating_Green_and_Blue.png,0,
1232,DAPR-3255--Audio_Hardware_II/Networking__Audio_Network_Architecture/Red_and_Green_Columns_Under_Bars.png,0,
1233,DAPR-3255--Audio_Hardware_II/Networking__Audio_Network_Architecture/Tagged_Frames_on_Link_Between_Switches.png,1,DAPR-3255--Audio_Hardware_II/Networking__Audio_Network_Architecture/Tagged_Frames_on_Link_Between_Switches.png
1234,DAPR-3255--Audio_Hardware_II/Networking__Audio_Network_Architecture/Three_Tier_Clock_Tree.png,1,DAPR-3255--Audio_Hardware_II/Networking__Audio_Network_Architecture/Three_Tier_Clock_Tree.png
1235,DAPR-3255--Audio_Hardware_II/Networking__Audio_Network_Architecture/Tube_Bundle_Beside_Branching_Stem.png,0,
1236,DAPR-3255--Audio_Hardware_II/Networking__Audio_Network_Architecture/Wedge_Merging_Four_Cube_Rows.png,1,DAPR-3255--Audio_Hardware_II/Networking__Audio_Network_Architecture/Wedge_Merging_Four_Cube_Rows.png
1237,DAPR-3255--Audio_Hardware_II/Networking__Foundations_of_Audio_Networking/Analog_Snake_vs_Network.png,1,DAPR-3255--Audio_Hardware_II/Networking__Foundations_of_Audio_Networking/Analog_Snake_vs_Network.png
1238,DAPR-3255--Audio_Hardware_II/Networking__Foundations_of_Audio_Networking/Cube_Tray_With_Missing_Piece.png,1,DAPR-3255--Audio_Hardware_II/Networking__Foundations_of_Audio_Networking/Cube_Tray_With_Missing_Piece.png
1239,DAPR-3255--Audio_Hardware_II/Networking__Foundations_of_Audio_Networking/Exploded_Stack_of_Seven_Slabs.png,1,DAPR-3255--Audio_Hardware_II/Networking__Foundations_of_Audio_Networking/Exploded_Stack_of_Seven_Slabs.png
1240,DAPR-3255--Audio_Hardware_II/Networking__Foundations_of_Audio_Networking/Green_Pipe_Arching_Between_Cubes.png,1,DAPR-3255--Audio_Hardware_II/Networking__Foundations_of_Audio_Networking/Green_Pipe_Arching_Between_Cubes.png
1241,DAPR-3255--Audio_Hardware_II/Networking__Foundations_of_Audio_Networking/Layer_1_Point_to_Point_vs_Switched.png,1,DAPR-3255--Audio_Hardware_II/Networking__Foundations_of_Audio_Networking/Layer_1_Point_to_Point_vs_Switched.png
1242,DAPR-3255--Audio_Hardware_II/Networking__Foundations_of_Audio_Networking/OSI_Stack_Layer_6_Presentation.png,1,DAPR-3255--Audio_Hardware_II/Networking__Foundations_of_Audio_Networking/OSI_Stack_Layer_6_Presentation.png
1243,DAPR-3255--Audio_Hardware_II/Networking__Foundations_of_Audio_Networking/OSI_Stack_Layer_7_Application.png,1,DAPR-3255--Audio_Hardware_II/Networking__Foundations_of_Audio_Networking/OSI_Stack_Layer_7_Application.png
1244,DAPR-3255--Audio_Hardware_II/Networking__Foundations_of_Audio_Networking/OSI_Stack_Layers_5_to_7.png,1,DAPR-3255--Audio_Hardware_II/Networking__Foundations_of_Audio_Networking/OSI_Stack_Layers_5_to_7.png
1245,DAPR-3255--Audio_Hardware_II/Networking__Foundations_of_Audio_Networking/Orange_Sphere_Bridging_Two_Plates.png,1,DAPR-3255--Audio_Hardware_II/Networking__Foundations_of_Audio_Networking/Orange_Sphere_Bridging_Two_Plates.png
1246,DAPR-3255--Audio_Hardware_II/Networking__Foundations_of_Audio_Networking/Seven_Colored_Layers_Labeled_in_Order.png,1,DAPR-3255--Audio_Hardware_II/Networking__Foundations_of_Audio_Networking/Seven_Colored_Layers_Labeled_in_Order.png
1247,DAPR-3255--Audio_Hardware_II/Networking__Foundations_of_Audio_Networking/Straight_Through_vs_Crossover.png,1,DAPR-3255--Audio_Hardware_II/Networking__Foundations_of_Audio_Networking/Straight_Through_vs_Crossover.png
1248,DAPR-3255--Audio_Hardware_II/Networking__Foundations_of_Audio_Networking/Switch_Table_and_Forwarded_Path.png,1,DAPR-3255--Audio_Hardware_II/Networking__Foundations_of_Audio_Networking/Switch_Table_and_Forwarded_Path.png
1249,DAPR-3255--Audio_Hardware_II/Networking__Foundations_of_Audio_Networking/T568a_T568b_Pin_Order.png,1,DAPR-3255--Audio_Hardware_II/Networking__Foundations_of_Audio_Networking/T568a_T568b_Pin_Order.png
1250,DAPR-3255--Audio_Hardware_II/Networking__Foundations_of_Audio_Networking/Two_Arrow_Ladders_With_Dropped_Packet.png,1,DAPR-3255--Audio_Hardware_II/Networking__Foundations_of_Audio_Networking/Two_Arrow_Ladders_With_Dropped_Packet.png
1251,DAPR-3255--Audio_Hardware_II/Networking__Foundations_of_Audio_Networking/Two_Subnet_Groups_and_Central_Router.png,1,DAPR-3255--Audio_Hardware_II/Networking__Foundations_of_Audio_Networking/Two_Subnet_Groups_and_Central_Router.png
1252,DAPR-3255--Audio_Hardware_II/Networking__IP_Addressing/Dante_Address_Plan_Blocks.png,1,DAPR-3255--Audio_Hardware_II/Networking__IP_Addressing/Dante_Address_Plan_Blocks.png
1253,DAPR-3255--Audio_Hardware_II/Networking__IP_Addressing/Host_and_Cloud_Across_Translation_Box.png,1,DAPR-3255--Audio_Hardware_II/Networking__IP_Addressing/Host_and_Cloud_Across_Translation_Box.png
1254,DAPR-3255--Audio_Hardware_II/Networking__IP_Addressing/Labeled_Range_Bars_of_Increasing_Length.png,1,DAPR-3255--Audio_Hardware_II/Networking__IP_Addressing/Labeled_Range_Bars_of_Increasing_Length.png
1255,DAPR-3255--Audio_Hardware_II/Networking__IP_Addressing/Octet_Boxes_With_Network_Host_Braces.png,1,DAPR-3255--Audio_Hardware_II/Networking__IP_Addressing/Octet_Boxes_With_Network_Host_Braces.png
1256,DAPR-3255--Audio_Hardware_II/Networking__IP_Addressing/Prefix_Table_and_Tapering_Triangle.png,1,DAPR-3255--Audio_Hardware_II/Networking__IP_Addressing/Prefix_Table_and_Tapering_Triangle.png
1257,DAPR-3255--Audio_Hardware_II/Networking__IP_Addressing/Rendered_Bars_Divided_into_Equal_Pieces.png,1,DAPR-3255--Audio_Hardware_II/Networking__IP_Addressing/Rendered_Bars_Divided_into_Equal_Pieces.png
1258,DAPR-3255--Audio_Hardware_II/Networking__IP_Addressing/Rendered_Packets_Changing_Color_Midstream.png,1,DAPR-3255--Audio_Hardware_II/Networking__IP_Addressing/Rendered_Packets_Changing_Color_Midstream.png
1259,DAPR-3255--Audio_Hardware_II/Networking__IP_Addressing/Row_of_Shrinking_Blue_Cubes.png,1,DAPR-3255--Audio_Hardware_II/Networking__IP_Addressing/Row_of_Shrinking_Blue_Cubes.png
1260,DAPR-3255--Audio_Hardware_II/Networking__IP_Addressing/Segmented_Bar_Over_Hexadecimal_Address.png,1,DAPR-3255--Audio_Hardware_II/Networking__IP_Addressing/Segmented_Bar_Over_Hexadecimal_Address.png
1261,DAPR-3255--Audio_Hardware_II/Networking__IP_Addressing/Stacked_Bars_Split_into_Usable_Halves.png,1,DAPR-3255--Audio_Hardware_II/Networking__IP_Addressing/Stacked_Bars_Split_into_Usable_Halves.png
1262,DAPR-3255--Audio_Hardware_II/Networking__IP_Addressing/Three_Blue_Blocks_and_One_Green.png,0,
1263,DAPR-3255--Audio_Hardware_II/Networking__IP_Addressing/Three_Extruded_Bars_Increasing_in_Length.png,1,DAPR-3255--Audio_Hardware_II/Networking__IP_Addressing/Three_Extruded_Bars_Increasing_in_Length.png
1264,DAPR-3255--Audio_Hardware_II/Networking__IP_Addressing/Three_Segment_Extruded_Bar.png,0,
1265,DAPR-3255--Audio_Hardware_II/Networking__Industry_Network_Audio_Protocols/Black_Block_With_Three_Segmented_Cables.png,1,DAPR-3255--Audio_Hardware_II/Networking__Industry_Network_Audio_Protocols/Black_Block_With_Three_Segmented_Cables.png
1266,DAPR-3255--Audio_Hardware_II/Networking__Industry_Network_Audio_Protocols/Colored_Spheres_on_Grid_Plane.png,1,DAPR-3255--Audio_Hardware_II/Networking__Industry_Network_Audio_Protocols/Colored_Spheres_on_Grid_Plane.png
1267,DAPR-3255--Audio_Hardware_II/Networking__Industry_Network_Audio_Protocols/Cutaway_Pipe_With_Green_Core.png,0,
1268,DAPR-3255--Audio_Hardware_II/Networking__Industry_Network_Audio_Protocols/Daisy_Chained_Boxes_and_No_Switch.png,1,DAPR-3255--Audio_Hardware_II/Networking__Industry_Network_Audio_Protocols/Daisy_Chained_Boxes_and_No_Switch.png
1269,DAPR-3255--Audio_Hardware_II/Networking__Industry_Network_Audio_Protocols/Descending_Labeled_Bandwidth_Bars.png,1,DAPR-3255--Audio_Hardware_II/Networking__Industry_Network_Audio_Protocols/Descending_Labeled_Bandwidth_Bars.png
1270,DAPR-3255--Audio_Hardware_II/Networking__Industry_Network_Audio_Protocols/Exploded_Slabs_With_White_Markers.png,1,DAPR-3255--Audio_Hardware_II/Networking__Industry_Network_Audio_Protocols/Exploded_Slabs_With_White_Markers.png
1271,DAPR-3255--Audio_Hardware_II/Networking__Industry_Network_Audio_Protocols/Four_Blue_Cubes_Linked_in_Line.png,0,
1272,DAPR-3255--Audio_Hardware_II/Networking__Industry_Network_Audio_Protocols/Isometric_Hub_With_Glowing_Arcs.png,1,DAPR-3255--Audio_Hardware_II/Networking__Industry_Network_Audio_Protocols/Isometric_Hub_With_Glowing_Arcs.png
1273,DAPR-3255--Audio_Hardware_II/Networking__Industry_Network_Audio_Protocols/Layer_Bars_With_Protocol_Pills.png,1,DAPR-3255--Audio_Hardware_II/Networking__Industry_Network_Audio_Protocols/Layer_Bars_With_Protocol_Pills.png
1274,DAPR-3255--Audio_Hardware_II/Networking__Industry_Network_Audio_Protocols/Overlapping_Translucent_Colored_Spheres.png,1,DAPR-3255--Audio_Hardware_II/Networking__Industry_Network_Audio_Protocols/Overlapping_Translucent_Colored_Spheres.png
1275,DAPR-3255--Audio_Hardware_II/Networking__Industry_Network_Audio_Protocols/Scatter_Plot_of_Latency_and_Channels.png,1,DAPR-3255--Audio_Hardware_II/Networking__Industry_Network_Audio_Protocols/Scatter_Plot_of_Latency_and_Channels.png
1276,DAPR-3255--Audio_Hardware_II/Networking__Industry_Network_Audio_Protocols/Source_Splitting_into_Three_Streams.png,1,DAPR-3255--Audio_Hardware_II/Networking__Industry_Network_Audio_Protocols/Source_Splitting_into_Three_Streams.png
1277,DAPR-3255--Audio_Hardware_II/Networking__Industry_Network_Audio_Protocols/Split_Bandwidth_Bar_Above_Switch_Row.png,1,DAPR-3255--Audio_Hardware_II/Networking__Industry_Network_Audio_Protocols/Split_Bandwidth_Bar_Above_Switch_Row.png
1278,DAPR-3255--Audio_Hardware_II/Networking__Industry_Network_Audio_Protocols/Star_Wired_Devices_With_Subscription_Arrows.png,1,DAPR-3255--Audio_Hardware_II/Networking__Industry_Network_Audio_Protocols/Star_Wired_Devices_With_Subscription_Arrows.png
1279,DAPR-3255--Audio_Hardware_II/Networking__Industry_Network_Audio_Protocols/Three_Circle_Venn_With_Shared_Center.png,1,DAPR-3255--Audio_Hardware_II/Networking__Industry_Network_Audio_Protocols/Three_Circle_Venn_With_Shared_Center.png
1280,DAPR-3255--Audio_Hardware_II/Networking__Industry_Network_Audio_Protocols/Three_Pipes_of_Decreasing_Diameter.png,0,
1281,DAPR-3255--Audio_Hardware_II/Networking__Network_Configuration_and_Control/Alternating_Arrows_Between_Two_Posts.png,0,
1282,DAPR-3255--Audio_Hardware_II/Networking__Network_Configuration_and_Control/Box_Chain_With_Return_Arc.png,1,DAPR-3255--Audio_Hardware_II/Networking__Network_Configuration_and_Control/Box_Chain_With_Return_Arc.png
1283,DAPR-3255--Audio_Hardware_II/Networking__Network_Configuration_and_Control/Client_and_Server_Four_Message_Exchange.png,1,DAPR-3255--Audio_Hardware_II/Networking__Network_Configuration_and_Control/Client_and_Server_Four_Message_Exchange.png
1284,DAPR-3255--Audio_Hardware_II/Networking__Network_Configuration_and_Control/Hand_Labeled_Devices_Versus_Central_Server.png,1,DAPR-3255--Audio_Hardware_II/Networking__Network_Configuration_and_Control/Hand_Labeled_Devices_Versus_Central_Server.png
1285,DAPR-3255--Audio_Hardware_II/Networking__Network_Configuration_and_Control/Managed_vs_Unmanaged_Switch.png,1,DAPR-3255--Audio_Hardware_II/Networking__Network_Configuration_and_Control/Managed_vs_Unmanaged_Switch.png
1286,DAPR-3255--Audio_Hardware_II/Networking__Network_Configuration_and_Control/Rounded_Cubes_and_Orange_Arrows.png,1,DAPR-3255--Audio_Hardware_II/Networking__Network_Configuration_and_Control/Rounded_Cubes_and_Orange_Arrows.png
1287,DAPR-3255--Audio_Hardware_II/Networking__Network_Configuration_and_Control/Separate_Knobs_Versus_Shared_Manifold.png,0,
1288,DAPR-3255--Audio_Hardware_II/Networking__Network_Diagnostics/Block_Clusters_With_Tube_Junctions.png,1,DAPR-3255--Audio_Hardware_II/Networking__Network_Diagnostics/Block_Clusters_With_Tube_Junctions.png
1289,DAPR-3255--Audio_Hardware_II/Networking__Network_Diagnostics/Blue_Diamonds_Branching_to_Grey_Blocks.png,1,DAPR-3255--Audio_Hardware_II/Networking__Network_Diagnostics/Blue_Diamonds_Branching_to_Grey_Blocks.png
1290,DAPR-3255--Audio_Hardware_II/Networking__Network_Diagnostics/Broadcast_Question_and_Single_Reply.png,1,DAPR-3255--Audio_Hardware_II/Networking__Network_Diagnostics/Broadcast_Question_and_Single_Reply.png
1291,DAPR-3255--Audio_Hardware_II/Networking__Network_Diagnostics/Echo_Request_and_Reply_Timing.png,1,DAPR-3255--Audio_Hardware_II/Networking__Network_Diagnostics/Echo_Request_and_Reply_Timing.png
1292,DAPR-3255--Audio_Hardware_II/Networking__Network_Diagnostics/Expanding_Arrows_Halting_Along_Hop_Chain.png,1,DAPR-3255--Audio_Hardware_II/Networking__Network_Diagnostics/Expanding_Arrows_Halting_Along_Hop_Chain.png
1293,DAPR-3255--Audio_Hardware_II/Networking__Network_Diagnostics/Fanned_Orange_Arrows_and_Green_Return.png,1,DAPR-3255--Audio_Hardware_II/Networking__Network_Diagnostics/Fanned_Orange_Arrows_and_Green_Return.png
1294,DAPR-3255--Audio_Hardware_II/Networking__Network_Diagnostics/Flowchart_of_Diamonds_and_Outcomes.png,1,DAPR-3255--Audio_Hardware_II/Networking__Network_Diagnostics/Flowchart_of_Diamonds_and_Outcomes.png
1295,DAPR-3255--Audio_Hardware_II/Networking__Network_Diagnostics/Green_Arrows_Bursting_Against_Posts.png,1,DAPR-3255--Audio_Hardware_II/Networking__Network_Diagnostics/Green_Arrows_Bursting_Against_Posts.png
1296,DAPR-3255--Audio_Hardware_II/Networking__Network_Diagnostics/Inline_Tap_and_Mirror_Port_Wiring.png,1,DAPR-3255--Audio_Hardware_II/Networking__Network_Diagnostics/Inline_Tap_and_Mirror_Port_Wiring.png
1297,DAPR-3255--Audio_Hardware_II/Networking__Network_Diagnostics/Mirror_Against_Tap.png,0,
1298,DAPR-3255--Audio_Hardware_II/Networking__Network_Diagnostics/Opposing_Arrows_and_Vertical_Measure.png,1,DAPR-3255--Audio_Hardware_II/Networking__Network_Diagnostics/Opposing_Arrows_and_Vertical_Measure.png
1299,DAPR-3255--Audio_Hardware_II/Networking__Network_Diagnostics/Six_Rung_Ladder_With_Tool_Labels.png,1,DAPR-3255--Audio_Hardware_II/Networking__Network_Diagnostics/Six_Rung_Ladder_With_Tool_Labels.png
1300,DAPR-3255--Audio_Hardware_II/Networking__Network_Diagnostics/Staircase_of_Six_Colored_Slabs.png,1,DAPR-3255--Audio_Hardware_II/Networking__Network_Diagnostics/Staircase_of_Six_Colored_Slabs.png
1301,DAPR-3255--Audio_Hardware_II/Networking__Network_Diagnostics/Wide_Source_Block_With_Converging_Arrows.png,1,DAPR-3255--Audio_Hardware_II/Networking__Network_Diagnostics/Wide_Source_Block_With_Converging_Arrows.png
1302,DAPR-3255--Audio_Hardware_II/Networking__Subnets_and_Address_Ranges/Facility_Subnet_Plan.png,1,DAPR-3255--Audio_Hardware_II/Networking__Subnets_and_Address_Ranges/Facility_Subnet_Plan.png
1303,DAPR-3255--Audio_Hardware_II/Networking__Subnets_and_Address_Ranges/Slash_26_Blocks_of_64.png,1,DAPR-3255--Audio_Hardware_II/Networking__Subnets_and_Address_Ranges/Slash_26_Blocks_of_64.png
1304,DAPR-3255--Audio_Hardware_II/Software_Tools/Capture_Points_Mirror_and_Tap.png,1,DAPR-3255--Audio_Hardware_II/Software_Tools/Capture_Points_Mirror_and_Tap.png
1305,DAPR-3255--Audio_Hardware_II/Software_Tools/Dante_Routing_Grid_Concept.png,1,DAPR-3255--Audio_Hardware_II/Software_Tools/Dante_Routing_Grid_Concept.png
1306,DAPR-3255--Audio_Hardware_II/Software_Tools/Design_Online_Push_Adjust_Cycle.png,1,DAPR-3255--Audio_Hardware_II/Software_Tools/Design_Online_Push_Adjust_Cycle.png
1307,DAPR-3255--Audio_Hardware_II/Software_Tools/Wireless_Management_Four_Jobs.png,1,DAPR-3255--Audio_Hardware_II/Software_Tools/Wireless_Management_Four_Jobs.png
1308,DAPR-3255--Audio_Hardware_II/Wireless_Systems/Antenna_Patterns.png,1,DAPR-3255--Audio_Hardware_II/Wireless_Systems/Antenna_Patterns.png
1309,DAPR-3255--Audio_Hardware_II/Wireless_Systems/Microphone_Against_IEM_Direction.png,1,DAPR-3255--Audio_Hardware_II/Wireless_Systems/Microphone_Against_IEM_Direction.png
1310,DAPR-3255--Audio_Hardware_II/Wireless_Systems/Multipath_Null_and_Diversity.png,1,DAPR-3255--Audio_Hardware_II/Wireless_Systems/Multipath_Null_and_Diversity.png
1311,DAPR-3255--Audio_Hardware_II/Wireless_Systems/Third_Order_Intermodulation.png,1,DAPR-3255--Audio_Hardware_II/Wireless_Systems/Third_Order_Intermodulation.png
1312,DAPR-3255--Audio_Hardware_II/Wireless_Systems/Wireless_Audio_Bands.png,1,DAPR-3255--Audio_Hardware_II/Wireless_Systems/Wireless_Audio_Bands.png
1313,DAPR-3255--Audio_Hardware_II/_duplicates/Electronics/Rendered_Triangles_With_Tan_Resistors.png,0,
1314,DAPR-3340--Spatial_Audio_I/Ambisonics_and_Binaural/AirPods_and_iPhone_Spatial_Audio_Setup.jpg,1,DAPR-3340--Spatial_Audio_I/Ambisonics_and_Binaural/AirPods_and_iPhone_Spatial_Audio_Setup.jpg
1315,DAPR-3340--Spatial_Audio_I/Ambisonics_and_Binaural/Ambisonic_Bus_Rows_in_Bus_Tab.png,1,DAPR-3340--Spatial_Audio_I/Ambisonics_and_Binaural/Ambisonic_Bus_Rows_in_Bus_Tab.png
1316,DAPR-3340--Spatial_Audio_I/Ambisonics_and_Binaural/Ambisonic_Decoder_Plugin_Insert_Menu.png,1,DAPR-3340--Spatial_Audio_I/Ambisonics_and_Binaural/Ambisonic_Decoder_Plugin_Insert_Menu.png
1317,DAPR-3340--Spatial_Audio_I/Ambisonics_and_Binaural/Ambisonic_Input_Format_Dropdown_Open.png,1,DAPR-3340--Spatial_Audio_I/Ambisonics_and_Binaural/Ambisonic_Input_Format_Dropdown_Open.png
1318,DAPR-3340--Spatial_Audio_I/Ambisonics_and_Binaural/Ambisonic_Input_Format_Menu.png,1,DAPR-3340--Spatial_Audio_I/Ambisonics_and_Binaural/Ambisonic_Input_Format_Menu.png
1319,DAPR-3340--Spatial_Audio_I/Ambisonics_and_Binaural/Ambisonic_Logo.png,0,
1320,DAPR-3340--Spatial_Audio_I/Ambisonics_and_Binaural/Ambisonic_Strings_Clip_Track_List.png,1,DAPR-3340--Spatial_Audio_I/Ambisonics_and_Binaural/Ambisonic_Strings_Clip_Track_List.png
1321,DAPR-3340--Spatial_Audio_I/Ambisonics_and_Binaural/Ambisonic_Track_Strip_Routed_to_Bus.png,1,DAPR-3340--Spatial_Audio_I/Ambisonics_and_Binaural/Ambisonic_Track_Strip_Routed_to_Bus.png
1322,DAPR-3340--Spatial_Audio_I/Ambisonics_and_Binaural/Ambisonic_and_Quad_Tracks_With_Waveforms.png,1,DAPR-3340--Spatial_Audio_I/Ambisonics_and_Binaural/Ambisonic_and_Quad_Tracks_With_Waveforms.png
1323,DAPR-3340--Spatial_Audio_I/Ambisonics_and_Binaural/Ambisonics_Ambisonics_versus_Binaural.png,0,
1324,DAPR-3340--Spatial_Audio_I/Ambisonics_and_Binaural/Ambisonics_Ambix_versus_Fuma_Channel_Order.png,0,
1325,DAPR-3340--Spatial_Audio_I/Ambisonics_and_Binaural/Ambisonics_Nine_Zero_Four_Speaker_Layout.png,1,DAPR-3340--Spatial_Audio_I/Ambisonics_and_Binaural/Ambisonics_Nine_Zero_Four_Speaker_Layout.png
1326,DAPR-3340--Spatial_Audio_I/Ambisonics_and_Binaural/Audio_360_Control_and_Spatialiser.png,0,
1327,DAPR-3340--Spatial_Audio_I/Ambisonics_and_Binaural/B_Format_Clips_List_Expanded.png,1,DAPR-3340--Spatial_Audio_I/Ambisonics_and_Binaural/B_Format_Clips_List_Expanded.png
1328,DAPR-3340--Spatial_Audio_I/Ambisonics_and_Binaural/Binaural_Encoder_Plugin_Window.png,1,DAPR-3340--Spatial_Audio_I/Ambisonics_and_Binaural/Binaural_Encoder_Plugin_Window.png
1329,DAPR-3340--Spatial_Audio_I/Ambisonics_and_Binaural/Binaural_Renderer_Channel_Strip.png,1,DAPR-3340--Spatial_Audio_I/Ambisonics_and_Binaural/Binaural_Renderer_Channel_Strip.png
1330,DAPR-3340--Spatial_Audio_I/Ambisonics_and_Binaural/Channel_Order_Matrix_and_Format_Menu.png,1,DAPR-3340--Spatial_Audio_I/Ambisonics_and_Binaural/Channel_Order_Matrix_and_Format_Menu.png
1331,DAPR-3340--Spatial_Audio_I/Ambisonics_and_Binaural/Clip_List_of_Ambisonic_Component_Channels.png,1,DAPR-3340--Spatial_Audio_I/Ambisonics_and_Binaural/Clip_List_of_Ambisonic_Component_Channels.png
1332,DAPR-3340--Spatial_Audio_I/Ambisonics_and_Binaural/Clips_List_With_Ambisonic_Files.png,1,DAPR-3340--Spatial_Audio_I/Ambisonics_and_Binaural/Clips_List_With_Ambisonic_Files.png
1333,DAPR-3340--Spatial_Audio_I/Ambisonics_and_Binaural/Desert_Ambience_AmbiX_Clip_List.png,0,
1334,DAPR-3340--Spatial_Audio_I/Ambisonics_and_Binaural/Dummy_Head_Binaural_Microphone.png,1,DAPR-3340--Spatial_Audio_I/Ambisonics_and_Binaural/Dummy_Head_Binaural_Microphone.png
1335,DAPR-3340--Spatial_Audio_I/Ambisonics_and_Binaural/Handheld_Ambisonic_Recorder_Photo.jpg,1,DAPR-3340--Spatial_Audio_I/Ambisonics_and_Binaural/Handheld_Ambisonic_Recorder_Photo.jpg
1336,DAPR-3340--Spatial_Audio_I/Ambisonics_and_Binaural/Hexagon_Grid_Speaker_Layout_Editor.jpg,1,DAPR-3340--Spatial_Audio_I/Ambisonics_and_Binaural/Hexagon_Grid_Speaker_Layout_Editor.jpg
1337,DAPR-3340--Spatial_Audio_I/Ambisonics_and_Binaural/In_Ear_Binaural_Microphone_Photo.png,1,DAPR-3340--Spatial_Audio_I/Ambisonics_and_Binaural/In_Ear_Binaural_Microphone_Photo.png
1338,DAPR-3340--Spatial_Audio_I/Ambisonics_and_Binaural/New_Path_Format_Menu_With_Ambisonics.png,1,DAPR-3340--Spatial_Audio_I/Ambisonics_and_Binaural/New_Path_Format_Menu_With_Ambisonics.png
1339,DAPR-3340--Spatial_Audio_I/Ambisonics_and_Binaural/Pt_Atmos_Binaural_Mode_Menu.png,1,DAPR-3340--Spatial_Audio_I/Ambisonics_and_Binaural/Pt_Atmos_Binaural_Mode_Menu.png
1340,DAPR-3340--Spatial_Audio_I/Ambisonics_and_Binaural/Pt_Immersive_Panner_Lcr_Object.png,1,DAPR-3340--Spatial_Audio_I/Ambisonics_and_Binaural/Pt_Immersive_Panner_Lcr_Object.png
1341,DAPR-3340--Spatial_Audio_I/Ambisonics_and_Binaural/Pt_Immersive_Panner_Mono_Object.png,1,DAPR-3340--Spatial_Audio_I/Ambisonics_and_Binaural/Pt_Immersive_Panner_Mono_Object.png
1342,DAPR-3340--Spatial_Audio_I/Ambisonics_and_Binaural/Pt_Immersive_Panner_Mpegh_Speaker_Layout.png,1,DAPR-3340--Spatial_Audio_I/Ambisonics_and_Binaural/Pt_Immersive_Panner_Mpegh_Speaker_Layout.png
1343,DAPR-3340--Spatial_Audio_I/Ambisonics_and_Binaural/Recording_Ambisonics.jpg,1,DAPR-3340--Spatial_Audio_I/Ambisonics_and_Binaural/Recording_Ambisonics.jpg
1344,DAPR-3340--Spatial_Audio_I/Ambisonics_and_Binaural/Render_Mode_Near_Mid_Far.png,0,
1345,DAPR-3340--Spatial_Audio_I/Ambisonics_and_Binaural/Routing_Matrix_Grid_Close_Up.png,1,DAPR-3340--Spatial_Audio_I/Ambisonics_and_Binaural/Routing_Matrix_Grid_Close_Up.png
1346,DAPR-3340--Spatial_Audio_I/Ambisonics_and_Binaural/SoundField_Decoder_Plugin_Window.png,1,DAPR-3340--Spatial_Audio_I/Ambisonics_and_Binaural/SoundField_Decoder_Plugin_Window.png
1347,DAPR-3340--Spatial_Audio_I/Ambisonics_and_Binaural/Sound_Field_Plugin_Menu_Showing_HEar.png,1,DAPR-3340--Spatial_Audio_I/Ambisonics_and_Binaural/Sound_Field_Plugin_Menu_Showing_HEar.png
1348,DAPR-3340--Spatial_Audio_I/Ambisonics_and_Binaural/Spot_Dialog_With_Timecode_Fields.png,1,DAPR-3340--Spatial_Audio_I/Ambisonics_and_Binaural/Spot_Dialog_With_Timecode_Fields.png
1349,DAPR-3340--Spatial_Audio_I/Ambisonics_and_Binaural/Tetrahedral_Ambisonic_Microphone_Capsules.jpg,1,DAPR-3340--Spatial_Audio_I/Ambisonics_and_Binaural/Tetrahedral_Ambisonic_Microphone_Capsules.jpg
1350,DAPR-3340--Spatial_Audio_I/Configuring_Pro_Tools_for_Atmos_Mixing/Annotated_Object_Panel_Controls.png,1,DAPR-3340--Spatial_Audio_I/Configuring_Pro_Tools_for_Atmos_Mixing/Annotated_Object_Panel_Controls.png
1351,DAPR-3340--Spatial_Audio_I/Configuring_Pro_Tools_for_Atmos_Mixing/Atmos_Submix_Channel_Strip_Bank.png,1,DAPR-3340--Spatial_Audio_I/Configuring_Pro_Tools_for_Atmos_Mixing/Atmos_Submix_Channel_Strip_Bank.png
1352,DAPR-3340--Spatial_Audio_I/Configuring_Pro_Tools_for_Atmos_Mixing/Atmos_Tab_With_Object_Paths.png,1,DAPR-3340--Spatial_Audio_I/Configuring_Pro_Tools_for_Atmos_Mixing/Atmos_Tab_With_Object_Paths.png
1353,DAPR-3340--Spatial_Audio_I/Configuring_Pro_Tools_for_Atmos_Mixing/Audio_Device_List_With_Bridge_Checked.png,1,DAPR-3340--Spatial_Audio_I/Configuring_Pro_Tools_for_Atmos_Mixing/Audio_Device_List_With_Bridge_Checked.png
1354,DAPR-3340--Spatial_Audio_I/Configuring_Pro_Tools_for_Atmos_Mixing/Aux_Device_List_Window.png,1,DAPR-3340--Spatial_Audio_I/Configuring_Pro_Tools_for_Atmos_Mixing/Aux_Device_List_Window.png
1355,DAPR-3340--Spatial_Audio_I/Configuring_Pro_Tools_for_Atmos_Mixing/Bed_Channels_and_Object_Rows.png,1,DAPR-3340--Spatial_Audio_I/Configuring_Pro_Tools_for_Atmos_Mixing/Bed_Channels_and_Object_Rows.png
1356,DAPR-3340--Spatial_Audio_I/Configuring_Pro_Tools_for_Atmos_Mixing/Bed_and_Object_Path_Creation_Dialog.png,1,DAPR-3340--Spatial_Audio_I/Configuring_Pro_Tools_for_Atmos_Mixing/Bed_and_Object_Path_Creation_Dialog.png
1357,DAPR-3340--Spatial_Audio_I/Configuring_Pro_Tools_for_Atmos_Mixing/Bed_versus_Object_Decision.png,1,DAPR-3340--Spatial_Audio_I/Configuring_Pro_Tools_for_Atmos_Mixing/Bed_versus_Object_Decision.png
1358,DAPR-3340--Spatial_Audio_I/Configuring_Pro_Tools_for_Atmos_Mixing/Bus_List_of_Atmos_Stems.png,1,DAPR-3340--Spatial_Audio_I/Configuring_Pro_Tools_for_Atmos_Mixing/Bus_List_of_Atmos_Stems.png
1359,DAPR-3340--Spatial_Audio_I/Configuring_Pro_Tools_for_Atmos_Mixing/Close_Up_of_Groups_Button.png,1,DAPR-3340--Spatial_Audio_I/Configuring_Pro_Tools_for_Atmos_Mixing/Close_Up_of_Groups_Button.png
1360,DAPR-3340--Spatial_Audio_I/Configuring_Pro_Tools_for_Atmos_Mixing/Configuring_the_Dolby_Atmos_Renderers_Input_Configuration.gif,1,DAPR-3340--Spatial_Audio_I/Configuring_Pro_Tools_for_Atmos_Mixing/Configuring_the_Dolby_Atmos_Renderers_Input_Configuration.gif
1361,DAPR-3340--Spatial_Audio_I/Configuring_Pro_Tools_for_Atmos_Mixing/Create_Stereo_Objects_Menu.png,1,DAPR-3340--Spatial_Audio_I/Configuring_Pro_Tools_for_Atmos_Mixing/Create_Stereo_Objects_Menu.png
1362,DAPR-3340--Spatial_Audio_I/Configuring_Pro_Tools_for_Atmos_Mixing/Default_Format_Path_Order_Menu.png,1,DAPR-3340--Spatial_Audio_I/Configuring_Pro_Tools_for_Atmos_Mixing/Default_Format_Path_Order_Menu.png
1363,DAPR-3340--Spatial_Audio_I/Configuring_Pro_Tools_for_Atmos_Mixing/Dolby_Atmos_Tab_Bed_and_Object_List.png,1,DAPR-3340--Spatial_Audio_I/Configuring_Pro_Tools_for_Atmos_Mixing/Dolby_Atmos_Tab_Bed_and_Object_List.png
1364,DAPR-3340--Spatial_Audio_I/Configuring_Pro_Tools_for_Atmos_Mixing/Green_Submix_and_Reverb_Strips.png,1,DAPR-3340--Spatial_Audio_I/Configuring_Pro_Tools_for_Atmos_Mixing/Green_Submix_and_Reverb_Strips.png
1365,DAPR-3340--Spatial_Audio_I/Configuring_Pro_Tools_for_Atmos_Mixing/Green_Triangle_Output_Button.png,1,DAPR-3340--Spatial_Audio_I/Configuring_Pro_Tools_for_Atmos_Mixing/Green_Triangle_Output_Button.png
1366,DAPR-3340--Spatial_Audio_I/Configuring_Pro_Tools_for_Atmos_Mixing/Groups_Window_With_Group_List.png,0,
1367,DAPR-3340--Spatial_Audio_I/Configuring_Pro_Tools_for_Atmos_Mixing/IO_Setup_Bus_Mapped_to_Output.png,0,
1368,DAPR-3340--Spatial_Audio_I/Configuring_Pro_Tools_for_Atmos_Mixing/IO_Setup_Bus_Unmapped_Main.png,0,
1369,DAPR-3340--Spatial_Audio_I/Configuring_Pro_Tools_for_Atmos_Mixing/IO_Setup_Output_Tab.png,0,
1370,DAPR-3340--Spatial_Audio_I/Configuring_Pro_Tools_for_Atmos_Mixing/Input_Assignment_List_With_Groups.png,1,DAPR-3340--Spatial_Audio_I/Configuring_Pro_Tools_for_Atmos_Mixing/Input_Assignment_List_With_Groups.png
1371,DAPR-3340--Spatial_Audio_I/Configuring_Pro_Tools_for_Atmos_Mixing/Input_Configuration_Bed_and_Object_Rows.png,1,DAPR-3340--Spatial_Audio_I/Configuring_Pro_Tools_for_Atmos_Mixing/Input_Configuration_Bed_and_Object_Rows.png
1372,DAPR-3340--Spatial_Audio_I/Configuring_Pro_Tools_for_Atmos_Mixing/Input_Configuration_List_of_Object_Assignments.png,1,DAPR-3340--Spatial_Audio_I/Configuring_Pro_Tools_for_Atmos_Mixing/Input_Configuration_List_of_Object_Assignments.png
1373,DAPR-3340--Spatial_Audio_I/Configuring_Pro_Tools_for_Atmos_Mixing/Input_Configuration_Object_Group_Assignments.png,1,DAPR-3340--Spatial_Audio_I/Configuring_Pro_Tools_for_Atmos_Mixing/Input_Configuration_Object_Group_Assignments.png
1374,DAPR-3340--Spatial_Audio_I/Configuring_Pro_Tools_for_Atmos_Mixing/Mixer_Strips_Assigned_to_Objects.png,1,DAPR-3340--Spatial_Audio_I/Configuring_Pro_Tools_for_Atmos_Mixing/Mixer_Strips_Assigned_to_Objects.png
1375,DAPR-3340--Spatial_Audio_I/Configuring_Pro_Tools_for_Atmos_Mixing/Narrow_Strip_With_Object_Output.png,1,DAPR-3340--Spatial_Audio_I/Configuring_Pro_Tools_for_Atmos_Mixing/Narrow_Strip_With_Object_Output.png
1376,DAPR-3340--Spatial_Audio_I/Configuring_Pro_Tools_for_Atmos_Mixing/New_Paths_Dialog.png,0,
1377,DAPR-3340--Spatial_Audio_I/Configuring_Pro_Tools_for_Atmos_Mixing/New_Paths_Dialog_for_Bed_and_Objects.png,1,DAPR-3340--Spatial_Audio_I/Configuring_Pro_Tools_for_Atmos_Mixing/New_Paths_Dialog_for_Bed_and_Objects.png
1378,DAPR-3340--Spatial_Audio_I/Configuring_Pro_Tools_for_Atmos_Mixing/Object_Assigned_Post_Mixer_Strips.png,1,DAPR-3340--Spatial_Audio_I/Configuring_Pro_Tools_for_Atmos_Mixing/Object_Assigned_Post_Mixer_Strips.png
1379,DAPR-3340--Spatial_Audio_I/Configuring_Pro_Tools_for_Atmos_Mixing/Object_Group_Assignment_Dropdown.png,1,DAPR-3340--Spatial_Audio_I/Configuring_Pro_Tools_for_Atmos_Mixing/Object_Group_Assignment_Dropdown.png
1380,DAPR-3340--Spatial_Audio_I/Configuring_Pro_Tools_for_Atmos_Mixing/Object_Output_Selection_Menu.png,1,DAPR-3340--Spatial_Audio_I/Configuring_Pro_Tools_for_Atmos_Mixing/Object_Output_Selection_Menu.png
1381,DAPR-3340--Spatial_Audio_I/Configuring_Pro_Tools_for_Atmos_Mixing/Object_Paths_Mapped_to_Outputs.png,1,DAPR-3340--Spatial_Audio_I/Configuring_Pro_Tools_for_Atmos_Mixing/Object_Paths_Mapped_to_Outputs.png
1382,DAPR-3340--Spatial_Audio_I/Configuring_Pro_Tools_for_Atmos_Mixing/Output_Menu_Listing_Bed_Formats.png,1,DAPR-3340--Spatial_Audio_I/Configuring_Pro_Tools_for_Atmos_Mixing/Output_Menu_Listing_Bed_Formats.png
1383,DAPR-3340--Spatial_Audio_I/Configuring_Pro_Tools_for_Atmos_Mixing/Output_Paths_for_Bed_and_Objects.png,0,
1384,DAPR-3340--Spatial_Audio_I/Configuring_Pro_Tools_for_Atmos_Mixing/Output_Tab_Channel_Grid_Assignments.png,1,DAPR-3340--Spatial_Audio_I/Configuring_Pro_Tools_for_Atmos_Mixing/Output_Tab_Channel_Grid_Assignments.png
1385,DAPR-3340--Spatial_Audio_I/Configuring_Pro_Tools_for_Atmos_Mixing/Playback_Engine_Focusrite_Selection.png,1,DAPR-3340--Spatial_Audio_I/Configuring_Pro_Tools_for_Atmos_Mixing/Playback_Engine_Focusrite_Selection.png
1386,DAPR-3340--Spatial_Audio_I/Configuring_Pro_Tools_for_Atmos_Mixing/Playback_Engine_Set_to_Dolby_Bridge.png,1,DAPR-3340--Spatial_Audio_I/Configuring_Pro_Tools_for_Atmos_Mixing/Playback_Engine_Set_to_Dolby_Bridge.png
1387,DAPR-3340--Spatial_Audio_I/Configuring_Pro_Tools_for_Atmos_Mixing/Pt_Atmos_Object_Assignment_Dropdown.png,1,DAPR-3340--Spatial_Audio_I/Configuring_Pro_Tools_for_Atmos_Mixing/Pt_Atmos_Object_Assignment_Dropdown.png
1388,DAPR-3340--Spatial_Audio_I/Configuring_Pro_Tools_for_Atmos_Mixing/Pt_Atmos_Object_Group_Menu.png,1,DAPR-3340--Spatial_Audio_I/Configuring_Pro_Tools_for_Atmos_Mixing/Pt_Atmos_Object_Group_Menu.png
1389,DAPR-3340--Spatial_Audio_I/Configuring_Pro_Tools_for_Atmos_Mixing/Red_Arrow_Pointing_to_Atmos_Tab.png,1,DAPR-3340--Spatial_Audio_I/Configuring_Pro_Tools_for_Atmos_Mixing/Red_Arrow_Pointing_to_Atmos_Tab.png
1390,DAPR-3340--Spatial_Audio_I/Configuring_Pro_Tools_for_Atmos_Mixing/Red_Record_Enable_Button_Icon.png,1,DAPR-3340--Spatial_Audio_I/Configuring_Pro_Tools_for_Atmos_Mixing/Red_Record_Enable_Button_Icon.png
1391,DAPR-3340--Spatial_Audio_I/Configuring_Pro_Tools_for_Atmos_Mixing/Renaming_an_Object_Input_Row.png,1,DAPR-3340--Spatial_Audio_I/Configuring_Pro_Tools_for_Atmos_Mixing/Renaming_an_Object_Input_Row.png
1392,DAPR-3340--Spatial_Audio_I/Configuring_Pro_Tools_for_Atmos_Mixing/Renderer_Groups_List_Window.png,1,DAPR-3340--Spatial_Audio_I/Configuring_Pro_Tools_for_Atmos_Mixing/Renderer_Groups_List_Window.png
1393,DAPR-3340--Spatial_Audio_I/Configuring_Pro_Tools_for_Atmos_Mixing/Renderer_Host_Address_Field_Arrow.png,1,DAPR-3340--Spatial_Audio_I/Configuring_Pro_Tools_for_Atmos_Mixing/Renderer_Host_Address_Field_Arrow.png
1394,DAPR-3340--Spatial_Audio_I/Configuring_Pro_Tools_for_Atmos_Mixing/Renderer_Preferences_Devices_and_Monitoring.png,2,DAPR-3340--Spatial_Audio_I/Configuring_Pro_Tools_for_Atmos_Mixing/Renderer_Preferences_Devices_and_Monitoring.png;DAPR-3340--Spatial_Audio_I/The_Dolby_Atmos_Renderer/Renderer_Preferences_Devices_and_Monitoring.png
1395,DAPR-3340--Spatial_Audio_I/Configuring_Pro_Tools_for_Atmos_Mixing/Renderer_Selector.png,1,DAPR-3340--Spatial_Audio_I/Configuring_Pro_Tools_for_Atmos_Mixing/Renderer_Selector.png
1396,DAPR-3340--Spatial_Audio_I/Configuring_Pro_Tools_for_Atmos_Mixing/Tiny_Right_Arrow_Button_Icon.png,1,DAPR-3340--Spatial_Audio_I/Configuring_Pro_Tools_for_Atmos_Mixing/Tiny_Right_Arrow_Button_Icon.png
1397,DAPR-3340--Spatial_Audio_I/Configuring_Pro_Tools_for_Atmos_Mixing/Track_Output_Assigned_to_Bed_Bus.png,1,DAPR-3340--Spatial_Audio_I/Configuring_Pro_Tools_for_Atmos_Mixing/Track_Output_Assigned_to_Bed_Bus.png
1398,DAPR-3340--Spatial_Audio_I/Configuring_Pro_Tools_for_Atmos_Mixing/Track_Output_Selector_Showing_Object.png,1,DAPR-3340--Spatial_Audio_I/Configuring_Pro_Tools_for_Atmos_Mixing/Track_Output_Selector_Showing_Object.png
1399,DAPR-3340--Spatial_Audio_I/Configuring_Pro_Tools_for_Atmos_Mixing/Typing_a_New_Group_Name.png,1,DAPR-3340--Spatial_Audio_I/Configuring_Pro_Tools_for_Atmos_Mixing/Typing_a_New_Group_Name.png
1400,DAPR-3340--Spatial_Audio_I/Course_Orientation/Campus_Waterfall_Behind_Concrete_Beams.jpg,1,DAPR-3340--Spatial_Audio_I/Course_Orientation/Campus_Waterfall_Behind_Concrete_Beams.jpg
1401,DAPR-3340--Spatial_Audio_I/Course_Orientation/Orientation_Course_Description.png,1,DAPR-3340--Spatial_Audio_I/Course_Orientation/Orientation_Course_Description.png
1402,DAPR-3340--Spatial_Audio_I/Course_Orientation/Orientation_Prerequisites.png,1,DAPR-3340--Spatial_Audio_I/Course_Orientation/Orientation_Prerequisites.png
1403,DAPR-3340--Spatial_Audio_I/Course_Orientation/Schedule_Module_Timeline.png,1,DAPR-3340--Spatial_Audio_I/Course_Orientation/Schedule_Module_Timeline.png
1404,DAPR-3340--Spatial_Audio_I/Creating_Dolby_Atmos_Deliverables/Audio_Vivid_Renderer_Select.png,1,DAPR-3340--Spatial_Audio_I/Creating_Dolby_Atmos_Deliverables/Audio_Vivid_Renderer_Select.png
1405,DAPR-3340--Spatial_Audio_I/Creating_Dolby_Atmos_Deliverables/Binaural_Settings.png,1,DAPR-3340--Spatial_Audio_I/Creating_Dolby_Atmos_Deliverables/Binaural_Settings.png
1406,DAPR-3340--Spatial_Audio_I/Creating_Dolby_Atmos_Deliverables/Bounce_Mix_ADM_BWF.png,1,DAPR-3340--Spatial_Audio_I/Creating_Dolby_Atmos_Deliverables/Bounce_Mix_ADM_BWF.png
1407,DAPR-3340--Spatial_Audio_I/Creating_Dolby_Atmos_Deliverables/Deliverable_Tree.png,1,DAPR-3340--Spatial_Audio_I/Creating_Dolby_Atmos_Deliverables/Deliverable_Tree.png
1408,DAPR-3340--Spatial_Audio_I/Creating_Dolby_Atmos_Deliverables/Export_Master_to_ADM_Dialog.png,1,DAPR-3340--Spatial_Audio_I/Creating_Dolby_Atmos_Deliverables/Export_Master_to_ADM_Dialog.png
1409,DAPR-3340--Spatial_Audio_I/Creating_Dolby_Atmos_Deliverables/Export_Master_to_IMF_IAB_Dialog.png,1,DAPR-3340--Spatial_Audio_I/Creating_Dolby_Atmos_Deliverables/Export_Master_to_IMF_IAB_Dialog.png
1410,DAPR-3340--Spatial_Audio_I/Creating_Dolby_Atmos_Deliverables/Export_Master_to_MP_Four_Dialog.png,1,DAPR-3340--Spatial_Audio_I/Creating_Dolby_Atmos_Deliverables/Export_Master_to_MP_Four_Dialog.png
1411,DAPR-3340--Spatial_Audio_I/Creating_Dolby_Atmos_Deliverables/Export_Re_Renders_Dialog.png,1,DAPR-3340--Spatial_Audio_I/Creating_Dolby_Atmos_Deliverables/Export_Re_Renders_Dialog.png
1412,DAPR-3340--Spatial_Audio_I/Creating_Dolby_Atmos_Deliverables/Loudness_Analysis_Results_Window.png,1,DAPR-3340--Spatial_Audio_I/Creating_Dolby_Atmos_Deliverables/Loudness_Analysis_Results_Window.png
1413,DAPR-3340--Spatial_Audio_I/Creating_Dolby_Atmos_Deliverables/Loudness_Analysis_Window_Before_Measuring.png,1,DAPR-3340--Spatial_Audio_I/Creating_Dolby_Atmos_Deliverables/Loudness_Analysis_Window_Before_Measuring.png
1414,DAPR-3340--Spatial_Audio_I/Creating_Dolby_Atmos_Deliverables/Mpeg_H_Renderer_Bed_Assign.png,1,DAPR-3340--Spatial_Audio_I/Creating_Dolby_Atmos_Deliverables/Mpeg_H_Renderer_Bed_Assign.png
1415,DAPR-3340--Spatial_Audio_I/Creating_Dolby_Atmos_Deliverables/Re_Render_Layout_Dropdown_Menu.png,1,DAPR-3340--Spatial_Audio_I/Creating_Dolby_Atmos_Deliverables/Re_Render_Layout_Dropdown_Menu.png
1416,DAPR-3340--Spatial_Audio_I/Creating_Dolby_Atmos_Deliverables/Re_Render_Properties_Dialog.png,1,DAPR-3340--Spatial_Audio_I/Creating_Dolby_Atmos_Deliverables/Re_Render_Properties_Dialog.png
1417,DAPR-3340--Spatial_Audio_I/Creating_Dolby_Atmos_Deliverables/Record_In_and_Out_Toggle.png,1,DAPR-3340--Spatial_Audio_I/Creating_Dolby_Atmos_Deliverables/Record_In_and_Out_Toggle.png
1418,DAPR-3340--Spatial_Audio_I/Creating_Dolby_Atmos_Deliverables/Recording_a_Dolby_Atmos_Master.png,1,DAPR-3340--Spatial_Audio_I/Creating_Dolby_Atmos_Deliverables/Recording_a_Dolby_Atmos_Master.png
1419,DAPR-3340--Spatial_Audio_I/Creating_Dolby_Atmos_Deliverables/Rerender_Window_With_Live_Layouts.png,1,DAPR-3340--Spatial_Audio_I/Creating_Dolby_Atmos_Deliverables/Rerender_Window_With_Live_Layouts.png
1420,DAPR-3340--Spatial_Audio_I/Creating_Dolby_Atmos_Deliverables/Unlock_Master_File_Button.png,1,DAPR-3340--Spatial_Audio_I/Creating_Dolby_Atmos_Deliverables/Unlock_Master_File_Button.png
1421,DAPR-3340--Spatial_Audio_I/Creating_Dolby_Atmos_Deliverables/Walkmix_360ra_Headphone_View.png,1,DAPR-3340--Spatial_Audio_I/Creating_Dolby_Atmos_Deliverables/Walkmix_360ra_Headphone_View.png
1422,DAPR-3340--Spatial_Audio_I/Creating_Dolby_Atmos_Deliverables/Walkmix_360ra_Speaker_View.png,1,DAPR-3340--Spatial_Audio_I/Creating_Dolby_Atmos_Deliverables/Walkmix_360ra_Speaker_View.png
1423,DAPR-3340--Spatial_Audio_I/Final_Project_and_Final_Exam/Course_Concept_Map.png,0,
1424,DAPR-3340--Spatial_Audio_I/Final_Project_and_Final_Exam/Final_Exam_Coverage_Map.png,1,DAPR-3340--Spatial_Audio_I/Final_Project_and_Final_Exam/Final_Exam_Coverage_Map.png
1425,DAPR-3340--Spatial_Audio_I/Introduction_to_Surround_and_Multichannel_Audio/Analog_Digital_Delivery_Evolution.png,0,
1426,DAPR-3340--Spatial_Audio_I/Introduction_to_Surround_and_Multichannel_Audio/Atmos_Monitoring_Reference_Levels.png,0,
1427,DAPR-3340--Spatial_Audio_I/Introduction_to_Surround_and_Multichannel_Audio/Blu_Ray_Disc.png,0,
1428,DAPR-3340--Spatial_Audio_I/Introduction_to_Surround_and_Multichannel_Audio/Compact_Disc.png,0,
1429,DAPR-3340--Spatial_Audio_I/Introduction_to_Surround_and_Multichannel_Audio/DTS.png,0,
1430,DAPR-3340--Spatial_Audio_I/Introduction_to_Surround_and_Multichannel_Audio/DTS_96_24.png,0,
1431,DAPR-3340--Spatial_Audio_I/Introduction_to_Surround_and_Multichannel_Audio/DTS_Digital_Surround.png,0,
1432,DAPR-3340--Spatial_Audio_I/Introduction_to_Surround_and_Multichannel_Audio/DTS_ES.png,0,
1433,DAPR-3340--Spatial_Audio_I/Introduction_to_Surround_and_Multichannel_Audio/DTS_HD_High_Resolution.png,0,
1434,DAPR-3340--Spatial_Audio_I/Introduction_to_Surround_and_Multichannel_Audio/DTS_HD_Master_Audio.png,0,
1435,DAPR-3340--Spatial_Audio_I/Introduction_to_Surround_and_Multichannel_Audio/DTS_Neo_6.png,0,
1436,DAPR-3340--Spatial_Audio_I/Introduction_to_Surround_and_Multichannel_Audio/DTS_Neo_X.png,0,
1437,DAPR-3340--Spatial_Audio_I/Introduction_to_Surround_and_Multichannel_Audio/DVD_Audio.png,0,
1438,DAPR-3340--Spatial_Audio_I/Introduction_to_Surround_and_Multichannel_Audio/DVD_Video.png,0,
1439,DAPR-3340--Spatial_Audio_I/Introduction_to_Surround_and_Multichannel_Audio/Dangerous_Monitor_ST_SR.png,0,
1440,DAPR-3340--Spatial_Audio_I/Introduction_to_Surround_and_Multichannel_Audio/Delivered_vs_Receiver_Processing.png,0,
1441,DAPR-3340--Spatial_Audio_I/Introduction_to_Surround_and_Multichannel_Audio/Dolby_Pro_Logic.png,0,
1442,DAPR-3340--Spatial_Audio_I/Introduction_to_Surround_and_Multichannel_Audio/Dolby_Pro_Logic_History_Overview.png,0,
1443,DAPR-3340--Spatial_Audio_I/Introduction_to_Surround_and_Multichannel_Audio/Dolby_Pro_Logic_History_Timeline.png,0,
1444,DAPR-3340--Spatial_Audio_I/Introduction_to_Surround_and_Multichannel_Audio/Dolby_Pro_Logic_II.png,0,
1445,DAPR-3340--Spatial_Audio_I/Introduction_to_Surround_and_Multichannel_Audio/Dolby_Pro_Logic_IIx.png,0,
1446,DAPR-3340--Spatial_Audio_I/Introduction_to_Surround_and_Multichannel_Audio/Dolby_Pro_Logic_IIz.png,0,
1447,DAPR-3340--Spatial_Audio_I/Introduction_to_Surround_and_Multichannel_Audio/Dolby_Stereo_Logo.png,0,
1448,DAPR-3340--Spatial_Audio_I/Introduction_to_Surround_and_Multichannel_Audio/Dolby_Surround.png,0,
1449,DAPR-3340--Spatial_Audio_I/Introduction_to_Surround_and_Multichannel_Audio/Five_Point_One_to_Seven_Point_One_Extension.png,0,
1450,DAPR-3340--Spatial_Audio_I/Introduction_to_Surround_and_Multichannel_Audio/Grouped_Monitor_Control.png,0,
1451,DAPR-3340--Spatial_Audio_I/Introduction_to_Surround_and_Multichannel_Audio/HD_DVD.png,0,
1452,DAPR-3340--Spatial_Audio_I/Introduction_to_Surround_and_Multichannel_Audio/Itu_51_Speaker_Layout.png,0,
1453,DAPR-3340--Spatial_Audio_I/Introduction_to_Surround_and_Multichannel_Audio/Itu_71_Speaker_Layout.png,0,
1454,DAPR-3340--Spatial_Audio_I/Introduction_to_Surround_and_Multichannel_Audio/LFE_vs_Bass_Management.png,0,
1455,DAPR-3340--Spatial_Audio_I/Introduction_to_Surround_and_Multichannel_Audio/Laser_Disc.png,0,
1456,DAPR-3340--Spatial_Audio_I/Introduction_to_Surround_and_Multichannel_Audio/Legacy_Dolby_Hardware_Milestones.png,0,
1457,DAPR-3340--Spatial_Audio_I/Introduction_to_Surround_and_Multichannel_Audio/Listener_Surrounded_by_Speaker_Circle.png,0,
1458,DAPR-3340--Spatial_Audio_I/Introduction_to_Surround_and_Multichannel_Audio/Matrix_Encoder_Decoder.png,0,
1459,DAPR-3340--Spatial_Audio_I/Introduction_to_Surround_and_Multichannel_Audio/Modern_71_Side_Rear_Layout.png,0,
1460,DAPR-3340--Spatial_Audio_I/Introduction_to_Surround_and_Multichannel_Audio/Modern_Atmos_Monitoring_Path.png,0,
1461,DAPR-3340--Spatial_Audio_I/Introduction_to_Surround_and_Multichannel_Audio/Multichannel_Calibration_Workflow.png,0,
1462,DAPR-3340--Spatial_Audio_I/Introduction_to_Surround_and_Multichannel_Audio/Multichannel_Output_Counts.png,0,
1463,DAPR-3340--Spatial_Audio_I/Introduction_to_Surround_and_Multichannel_Audio/Overhead_Speaker_Layout_Diagram.png,0,
1464,DAPR-3340--Spatial_Audio_I/Introduction_to_Surround_and_Multichannel_Audio/Pro_Logic_IIx_vs_IIz.png,0,
1465,DAPR-3340--Spatial_Audio_I/Introduction_to_Surround_and_Multichannel_Audio/Quadraphonic_Speaker_Layout.png,0,
1466,DAPR-3340--Spatial_Audio_I/Introduction_to_Surround_and_Multichannel_Audio/Red_Net_Control_Grouped_Outputs.png,0,
1467,DAPR-3340--Spatial_Audio_I/Introduction_to_Surround_and_Multichannel_Audio/Red_Net_Control_Output_Trim.png,0,
1468,DAPR-3340--Spatial_Audio_I/Introduction_to_Surround_and_Multichannel_Audio/SACD.png,0,
1469,DAPR-3340--Spatial_Audio_I/Introduction_to_Surround_and_Multichannel_Audio/Sdds_71_Five_Front_Layout.png,0,
1470,DAPR-3340--Spatial_Audio_I/Introduction_to_Surround_and_Multichannel_Audio/Sdds_Educational_Badge.png,0,
1471,DAPR-3340--Spatial_Audio_I/Introduction_to_Surround_and_Multichannel_Audio/Seven_Point_One_Channel_Order_vs_Labels.png,0,
1472,DAPR-3340--Spatial_Audio_I/Introduction_to_Surround_and_Multichannel_Audio/Seven_Point_One_Families_Comparison.png,0,
1473,DAPR-3340--Spatial_Audio_I/Introduction_to_Surround_and_Multichannel_Audio/Seven_Point_One_Music_Use.png,0,
1474,DAPR-3340--Spatial_Audio_I/Introduction_to_Surround_and_Multichannel_Audio/Seven_Point_One_Naming_Crosswalk.png,0,
1475,DAPR-3340--Spatial_Audio_I/Introduction_to_Surround_and_Multichannel_Audio/Seven_Point_One_and_Height_Formats.png,0,
1476,DAPR-3340--Spatial_Audio_I/Introduction_to_Surround_and_Multichannel_Audio/Software_vs_Hardware_Monitor_Control.png,0,
1477,DAPR-3340--Spatial_Audio_I/Introduction_to_Surround_and_Multichannel_Audio/Stereo_to_Immersive_Progression.png,0,
1478,DAPR-3340--Spatial_Audio_I/Introduction_to_Surround_and_Multichannel_Audio/Surround_Format_Timeline.png,0,
1479,DAPR-3340--Spatial_Audio_I/Introduction_to_Surround_and_Multichannel_Audio/Surround_Monitoring_Signal_Flow.png,0,
1480,DAPR-3340--Spatial_Audio_I/Introduction_to_Surround_and_Multichannel_Audio/Welcome_Surround_Mixing_and_Immersive_Audio.png,0,
1481,DAPR-3340--Spatial_Audio_I/Introduction_to_Surround_and_Multichannel_Audio/Windows_Media_Audio_9_Pro_71.png,0,
1482,DAPR-3340--Spatial_Audio_I/Introduction_to_Surround_and_Multichannel_Audio/Windows_Media_Audio_9_Pro_Badge.png,0,
1483,DAPR-3340--Spatial_Audio_I/Introduction_to_Surround_and_Multichannel_Audio/Windows_Media_vs_Windows_Spatial_Sound.png,0,
1484,DAPR-3340--Spatial_Audio_I/Mixing_in_Dolby_Atmos/Auto_Height_Override_Context_Menu.png,1,DAPR-3340--Spatial_Audio_I/Mixing_in_Dolby_Atmos/Auto_Height_Override_Context_Menu.png
1485,DAPR-3340--Spatial_Audio_I/Mixing_in_Dolby_Atmos/Bed_and_Object_Structure.png,1,DAPR-3340--Spatial_Audio_I/Mixing_in_Dolby_Atmos/Bed_and_Object_Structure.png
1486,DAPR-3340--Spatial_Audio_I/Mixing_in_Dolby_Atmos/Create_Group_Dialog_for_Guitar_Mix.png,1,DAPR-3340--Spatial_Audio_I/Mixing_in_Dolby_Atmos/Create_Group_Dialog_for_Guitar_Mix.png
1487,DAPR-3340--Spatial_Audio_I/Mixing_in_Dolby_Atmos/Frame_Rate_Menu_in_Renderer_Preferences.png,1,DAPR-3340--Spatial_Audio_I/Mixing_in_Dolby_Atmos/Frame_Rate_Menu_in_Renderer_Preferences.png
1488,DAPR-3340--Spatial_Audio_I/Mixing_in_Dolby_Atmos/Group_Assignment_Buttons_Highlighted.png,1,DAPR-3340--Spatial_Audio_I/Mixing_in_Dolby_Atmos/Group_Assignment_Buttons_Highlighted.png
1489,DAPR-3340--Spatial_Audio_I/Mixing_in_Dolby_Atmos/Guitar_Object_Channel_Strips.png,1,DAPR-3340--Spatial_Audio_I/Mixing_in_Dolby_Atmos/Guitar_Object_Channel_Strips.png
1490,DAPR-3340--Spatial_Audio_I/Mixing_in_Dolby_Atmos/Guitar_Strips_With_EQ_Plugin_Open.png,1,DAPR-3340--Spatial_Audio_I/Mixing_in_Dolby_Atmos/Guitar_Strips_With_EQ_Plugin_Open.png
1491,DAPR-3340--Spatial_Audio_I/Mixing_in_Dolby_Atmos/Highlighted_Panner_Toolbar_Button.png,1,DAPR-3340--Spatial_Audio_I/Mixing_in_Dolby_Atmos/Highlighted_Panner_Toolbar_Button.png
1492,DAPR-3340--Spatial_Audio_I/Mixing_in_Dolby_Atmos/LTC_Generator_Plugin_Window.png,1,DAPR-3340--Spatial_Audio_I/Mixing_in_Dolby_Atmos/LTC_Generator_Plugin_Window.png
1493,DAPR-3340--Spatial_Audio_I/Mixing_in_Dolby_Atmos/LTC_Generator_Track_Strip.png,1,DAPR-3340--Spatial_Audio_I/Mixing_in_Dolby_Atmos/LTC_Generator_Track_Strip.png
1494,DAPR-3340--Spatial_Audio_I/Mixing_in_Dolby_Atmos/Miniature_Panner_Room_Thumbnail.png,1,DAPR-3340--Spatial_Audio_I/Mixing_in_Dolby_Atmos/Miniature_Panner_Room_Thumbnail.png
1495,DAPR-3340--Spatial_Audio_I/Mixing_in_Dolby_Atmos/Modify_Groups_Attributes_Dialog.png,1,DAPR-3340--Spatial_Audio_I/Mixing_in_Dolby_Atmos/Modify_Groups_Attributes_Dialog.png
1496,DAPR-3340--Spatial_Audio_I/Mixing_in_Dolby_Atmos/Music_Panner_Network_Address_Menu.png,1,DAPR-3340--Spatial_Audio_I/Mixing_in_Dolby_Atmos/Music_Panner_Network_Address_Menu.png
1497,DAPR-3340--Spatial_Audio_I/Mixing_in_Dolby_Atmos/Music_Panner_Object_Pair_Linking.png,1,DAPR-3340--Spatial_Audio_I/Mixing_in_Dolby_Atmos/Music_Panner_Object_Pair_Linking.png
1498,DAPR-3340--Spatial_Audio_I/Mixing_in_Dolby_Atmos/Music_Panner_Object_Selection_Menu.png,1,DAPR-3340--Spatial_Audio_I/Mixing_in_Dolby_Atmos/Music_Panner_Object_Selection_Menu.png
1499,DAPR-3340--Spatial_Audio_I/Mixing_in_Dolby_Atmos/Music_Panner_Path_Shape_Buttons.png,1,DAPR-3340--Spatial_Audio_I/Mixing_in_Dolby_Atmos/Music_Panner_Path_Shape_Buttons.png
1500,DAPR-3340--Spatial_Audio_I/Mixing_in_Dolby_Atmos/Music_Panner_Plugin_Window.png,1,DAPR-3340--Spatial_Audio_I/Mixing_in_Dolby_Atmos/Music_Panner_Plugin_Window.png
1501,DAPR-3340--Spatial_Audio_I/Mixing_in_Dolby_Atmos/Music_Panner_Sequencer_Step_Buttons.png,1,DAPR-3340--Spatial_Audio_I/Mixing_in_Dolby_Atmos/Music_Panner_Sequencer_Step_Buttons.png
1502,DAPR-3340--Spatial_Audio_I/Mixing_in_Dolby_Atmos/Object_Assignment_Strips.png,0,
1503,DAPR-3340--Spatial_Audio_I/Mixing_in_Dolby_Atmos/Object_Panner_With_Position_Controls.png,1,DAPR-3340--Spatial_Audio_I/Mixing_in_Dolby_Atmos/Object_Panner_With_Position_Controls.png
1504,DAPR-3340--Spatial_Audio_I/Mixing_in_Dolby_Atmos/Output_Paths_Including_LTC_Channel.png,1,DAPR-3340--Spatial_Audio_I/Mixing_in_Dolby_Atmos/Output_Paths_Including_LTC_Channel.png
1505,DAPR-3340--Spatial_Audio_I/Mixing_in_Dolby_Atmos/Pan_Curve_Shape_Icons.png,1,DAPR-3340--Spatial_Audio_I/Mixing_in_Dolby_Atmos/Pan_Curve_Shape_Icons.png
1506,DAPR-3340--Spatial_Audio_I/Mixing_in_Dolby_Atmos/Panner_Grid_Icon_Dropdown_Open.png,1,DAPR-3340--Spatial_Audio_I/Mixing_in_Dolby_Atmos/Panner_Grid_Icon_Dropdown_Open.png
1507,DAPR-3340--Spatial_Audio_I/Mixing_in_Dolby_Atmos/Panner_Mode_Menu_With_Theater_Chosen.png,1,DAPR-3340--Spatial_Audio_I/Mixing_in_Dolby_Atmos/Panner_Mode_Menu_With_Theater_Chosen.png
1508,DAPR-3340--Spatial_Audio_I/Mixing_in_Dolby_Atmos/Pt_Immersive_Panner_Lcr_Object_Channels.png,0,
1509,DAPR-3340--Spatial_Audio_I/Mixing_in_Dolby_Atmos/Pt_Immersive_Panner_Stereo_Object.png,1,DAPR-3340--Spatial_Audio_I/Mixing_in_Dolby_Atmos/Pt_Immersive_Panner_Stereo_Object.png
1510,DAPR-3340--Spatial_Audio_I/Mixing_in_Dolby_Atmos/Pt_Immersive_Panner_Top_View_Speakers.png,1,DAPR-3340--Spatial_Audio_I/Mixing_in_Dolby_Atmos/Pt_Immersive_Panner_Top_View_Speakers.png
1511,DAPR-3340--Spatial_Audio_I/Mixing_in_Dolby_Atmos/Pt_Object_Track_Xyz_Automation.png,0,
1512,DAPR-3340--Spatial_Audio_I/Mixing_in_Dolby_Atmos/Red_Arrow_to_VCA_Master_Strip.png,1,DAPR-3340--Spatial_Audio_I/Mixing_in_Dolby_Atmos/Red_Arrow_to_VCA_Master_Strip.png
1513,DAPR-3340--Spatial_Audio_I/Mixing_in_Dolby_Atmos/Renderer_Device_Settings_and_LTC_Channel.png,1,DAPR-3340--Spatial_Audio_I/Mixing_in_Dolby_Atmos/Renderer_Device_Settings_and_LTC_Channel.png
1514,DAPR-3340--Spatial_Audio_I/Mixing_in_Dolby_Atmos/Reverbs_in_an_Atmos_Mix.png,1,DAPR-3340--Spatial_Audio_I/Mixing_in_Dolby_Atmos/Reverbs_in_an_Atmos_Mix.png
1515,DAPR-3340--Spatial_Audio_I/Mixing_in_Dolby_Atmos/Sequencer_Step_Buttons_Panel.png,1,DAPR-3340--Spatial_Audio_I/Mixing_in_Dolby_Atmos/Sequencer_Step_Buttons_Panel.png
1516,DAPR-3340--Spatial_Audio_I/Mixing_in_Dolby_Atmos/Sequencer_Step_Duration_Dropdown.png,1,DAPR-3340--Spatial_Audio_I/Mixing_in_Dolby_Atmos/Sequencer_Step_Duration_Dropdown.png
1517,DAPR-3340--Spatial_Audio_I/Mixing_in_Dolby_Atmos/The_Atmos_Music_Panner.gif,1,DAPR-3340--Spatial_Audio_I/Mixing_in_Dolby_Atmos/The_Atmos_Music_Panner.gif
1518,DAPR-3340--Spatial_Audio_I/Mixing_in_Dolby_Atmos/Timecode_Rate_Dropdown_Menu.png,1,DAPR-3340--Spatial_Audio_I/Mixing_in_Dolby_Atmos/Timecode_Rate_Dropdown_Menu.png
1519,DAPR-3340--Spatial_Audio_I/Mixing_in_Dolby_Atmos/Track_Output_Bed_or_Object.png,0,
1520,DAPR-3340--Spatial_Audio_I/Mixing_in_Dolby_Atmos/Transport_Bar_Sync_Button_Highlighted.png,1,DAPR-3340--Spatial_Audio_I/Mixing_in_Dolby_Atmos/Transport_Bar_Sync_Button_Highlighted.png
1521,DAPR-3340--Spatial_Audio_I/Mixing_in_Dolby_Atmos/Two_Object_Panner_Windows_Side_by_Side.png,1,DAPR-3340--Spatial_Audio_I/Mixing_in_Dolby_Atmos/Two_Object_Panner_Windows_Side_by_Side.png
1522,DAPR-3340--Spatial_Audio_I/Mixing_in_Dolby_Atmos/Working_with_Multiple_Beds.png,1,DAPR-3340--Spatial_Audio_I/Mixing_in_Dolby_Atmos/Working_with_Multiple_Beds.png
1523,DAPR-3340--Spatial_Audio_I/Surround_Mastering_and_Surround_Encoding/Channel_File_Assignment_for_Encoding.jpg,1,DAPR-3340--Spatial_Audio_I/Surround_Mastering_and_Surround_Encoding/Channel_File_Assignment_for_Encoding.jpg
1524,DAPR-3340--Spatial_Audio_I/Surround_Mastering_and_Surround_Encoding/Channel_File_Slot_Assignment_Dialog.png,1,DAPR-3340--Spatial_Audio_I/Surround_Mastering_and_Surround_Encoding/Channel_File_Slot_Assignment_Dialog.png
1525,DAPR-3340--Spatial_Audio_I/Surround_Mastering_and_Surround_Encoding/Common_Audio_Meters.png,1,DAPR-3340--Spatial_Audio_I/Surround_Mastering_and_Surround_Encoding/Common_Audio_Meters.png
1526,DAPR-3340--Spatial_Audio_I/Surround_Mastering_and_Surround_Encoding/Compressor_Batch_With_Dolby_Digital_Preset.png,1,DAPR-3340--Spatial_Audio_I/Surround_Mastering_and_Surround_Encoding/Compressor_Batch_With_Dolby_Digital_Preset.png
1527,DAPR-3340--Spatial_Audio_I/Surround_Mastering_and_Surround_Encoding/Dither_Quantization.png,1,DAPR-3340--Spatial_Audio_I/Surround_Mastering_and_Surround_Encoding/Dither_Quantization.png
1528,DAPR-3340--Spatial_Audio_I/Surround_Mastering_and_Surround_Encoding/Dither_versus_Truncation_Noise_Floor.png,1,DAPR-3340--Spatial_Audio_I/Surround_Mastering_and_Surround_Encoding/Dither_versus_Truncation_Noise_Floor.png
1529,DAPR-3340--Spatial_Audio_I/Surround_Mastering_and_Surround_Encoding/Dolby_Digital_Encoding_Preset_Window.jpg,1,DAPR-3340--Spatial_Audio_I/Surround_Mastering_and_Surround_Encoding/Dolby_Digital_Encoding_Preset_Window.jpg
1530,DAPR-3340--Spatial_Audio_I/Surround_Mastering_and_Surround_Encoding/Down_Mixer_Plugin_Window.jpg,1,DAPR-3340--Spatial_Audio_I/Surround_Mastering_and_Surround_Encoding/Down_Mixer_Plugin_Window.jpg
1531,DAPR-3340--Spatial_Audio_I/Surround_Mastering_and_Surround_Encoding/EQ_Low_Pass_Filter_On_Sub.png,1,DAPR-3340--Spatial_Audio_I/Surround_Mastering_and_Surround_Encoding/EQ_Low_Pass_Filter_On_Sub.png
1532,DAPR-3340--Spatial_Audio_I/Surround_Mastering_and_Surround_Encoding/Equal_Loudness_Contour_Chart.jpg,1,DAPR-3340--Spatial_Audio_I/Surround_Mastering_and_Surround_Encoding/Equal_Loudness_Contour_Chart.jpg
1533,DAPR-3340--Spatial_Audio_I/Surround_Mastering_and_Surround_Encoding/Finder_Folder_of_Split_Master_Files.jpg,1,DAPR-3340--Spatial_Audio_I/Surround_Mastering_and_Surround_Encoding/Finder_Folder_of_Split_Master_Files.jpg
1534,DAPR-3340--Spatial_Audio_I/Surround_Mastering_and_Surround_Encoding/Full_Chain_of_Boxed_Processor_Icons.jpg,1,DAPR-3340--Spatial_Audio_I/Surround_Mastering_and_Surround_Encoding/Full_Chain_of_Boxed_Processor_Icons.jpg
1535,DAPR-3340--Spatial_Audio_I/Surround_Mastering_and_Surround_Encoding/Import_Audio_Dialog.png,0,
1536,DAPR-3340--Spatial_Audio_I/Surround_Mastering_and_Surround_Encoding/Limiter_Ceiling_and_Intersample.png,1,DAPR-3340--Spatial_Audio_I/Surround_Mastering_and_Surround_Encoding/Limiter_Ceiling_and_Intersample.png
1537,DAPR-3340--Spatial_Audio_I/Surround_Mastering_and_Surround_Encoding/Limiter_Plugin_With_Loudness_Readouts.png,1,DAPR-3340--Spatial_Audio_I/Surround_Mastering_and_Surround_Encoding/Limiter_Plugin_With_Loudness_Readouts.png
1538,DAPR-3340--Spatial_Audio_I/Surround_Mastering_and_Surround_Encoding/Limiting_and_Brickwall_Limiters.png,1,DAPR-3340--Spatial_Audio_I/Surround_Mastering_and_Surround_Encoding/Limiting_and_Brickwall_Limiters.png
1539,DAPR-3340--Spatial_Audio_I/Surround_Mastering_and_Surround_Encoding/Mastering_Chain_and_Print_Track_Strips.jpg,1,DAPR-3340--Spatial_Audio_I/Surround_Mastering_and_Surround_Encoding/Mastering_Chain_and_Print_Track_Strips.jpg
1540,DAPR-3340--Spatial_Audio_I/Surround_Mastering_and_Surround_Encoding/Mastering_Signal_Chain.png,1,DAPR-3340--Spatial_Audio_I/Surround_Mastering_and_Surround_Encoding/Mastering_Signal_Chain.png
1541,DAPR-3340--Spatial_Audio_I/Surround_Mastering_and_Surround_Encoding/Mastering_Suite_With_EQ_Curve.jpg,1,DAPR-3340--Spatial_Audio_I/Surround_Mastering_and_Surround_Encoding/Mastering_Suite_With_EQ_Curve.jpg
1542,DAPR-3340--Spatial_Audio_I/Surround_Mastering_and_Surround_Encoding/Mid_Slash_Side_Processing.jpg,1,DAPR-3340--Spatial_Audio_I/Surround_Mastering_and_Surround_Encoding/Mid_Slash_Side_Processing.jpg
1543,DAPR-3340--Spatial_Audio_I/Surround_Mastering_and_Surround_Encoding/Mixing_versus_Mastering.png,1,DAPR-3340--Spatial_Audio_I/Surround_Mastering_and_Surround_Encoding/Mixing_versus_Mastering.png
1544,DAPR-3340--Spatial_Audio_I/Surround_Mastering_and_Surround_Encoding/Multiband_Compression.png,1,DAPR-3340--Spatial_Audio_I/Surround_Mastering_and_Surround_Encoding/Multiband_Compression.png
1545,DAPR-3340--Spatial_Audio_I/Surround_Mastering_and_Surround_Encoding/Multiband_Crossover_Bands.png,1,DAPR-3340--Spatial_Audio_I/Surround_Mastering_and_Surround_Encoding/Multiband_Crossover_Bands.png
1546,DAPR-3340--Spatial_Audio_I/Surround_Mastering_and_Surround_Encoding/Multichannel_Stem_File_List.png,1,DAPR-3340--Spatial_Audio_I/Surround_Mastering_and_Surround_Encoding/Multichannel_Stem_File_List.png
1547,DAPR-3340--Spatial_Audio_I/Surround_Mastering_and_Surround_Encoding/Pt_IO_Setup_Dolby_Atmos_Tab.png,1,DAPR-3340--Spatial_Audio_I/Surround_Mastering_and_Surround_Encoding/Pt_IO_Setup_Dolby_Atmos_Tab.png
1548,DAPR-3340--Spatial_Audio_I/Surround_Mastering_and_Surround_Encoding/Pt_IO_Setup_Output_Atmos_Objects.png,1,DAPR-3340--Spatial_Audio_I/Surround_Mastering_and_Surround_Encoding/Pt_IO_Setup_Output_Atmos_Objects.png
1549,DAPR-3340--Spatial_Audio_I/Surround_Mastering_and_Surround_Encoding/Short_Chain_of_Boxed_Processor_Icons.jpg,1,DAPR-3340--Spatial_Audio_I/Surround_Mastering_and_Surround_Encoding/Short_Chain_of_Boxed_Processor_Icons.jpg
1550,DAPR-3340--Spatial_Audio_I/Surround_Mastering_and_Surround_Encoding/Surround_Delivery_Formats.png,1,DAPR-3340--Spatial_Audio_I/Surround_Mastering_and_Surround_Encoding/Surround_Delivery_Formats.png
1551,DAPR-3340--Spatial_Audio_I/Surround_Mastering_and_Surround_Encoding/Surround_Encoding_Plugins.jpg,1,DAPR-3340--Spatial_Audio_I/Surround_Mastering_and_Surround_Encoding/Surround_Encoding_Plugins.jpg
1552,DAPR-3340--Spatial_Audio_I/Surround_Mastering_and_Surround_Encoding/Surround_Encoding_Plugins.png,1,DAPR-3340--Spatial_Audio_I/Surround_Mastering_and_Surround_Encoding/Surround_Encoding_Plugins.png
1553,DAPR-3340--Spatial_Audio_I/Surround_Mastering_and_Surround_Encoding/Surround_Encoding_Software.jpg,1,DAPR-3340--Spatial_Audio_I/Surround_Mastering_and_Surround_Encoding/Surround_Encoding_Software.jpg
1554,DAPR-3340--Spatial_Audio_I/Surround_Mastering_and_Surround_Encoding/Surround_Encoding_Software.png,1,DAPR-3340--Spatial_Audio_I/Surround_Mastering_and_Surround_Encoding/Surround_Encoding_Software.png
1555,DAPR-3340--Spatial_Audio_I/Surround_Mastering_and_Surround_Encoding/Surround_Limiter_Plugin_Window.jpg,1,DAPR-3340--Spatial_Audio_I/Surround_Mastering_and_Surround_Encoding/Surround_Limiter_Plugin_Window.jpg
1556,DAPR-3340--Spatial_Audio_I/Surround_Mastering_and_Surround_Encoding/Surround_Metering_Plugins.png,1,DAPR-3340--Spatial_Audio_I/Surround_Mastering_and_Surround_Encoding/Surround_Metering_Plugins.png
1557,DAPR-3340--Spatial_Audio_I/Surround_Mastering_and_Surround_Encoding/Upmix_Plugin_Channel_Meters.png,1,DAPR-3340--Spatial_Audio_I/Surround_Mastering_and_Surround_Encoding/Upmix_Plugin_Channel_Meters.png
1558,DAPR-3340--Spatial_Audio_I/Surround_Mastering_and_Surround_Encoding/Upmix_Plugin_Polar_Display.png,1,DAPR-3340--Spatial_Audio_I/Surround_Mastering_and_Surround_Encoding/Upmix_Plugin_Polar_Display.png
1559,DAPR-3340--Spatial_Audio_I/Surround_Mastering_and_Surround_Encoding/Waves_Surround_Mixdown_Plugin_Window.jpg,1,DAPR-3340--Spatial_Audio_I/Surround_Mastering_and_Surround_Encoding/Waves_Surround_Mixdown_Plugin_Window.jpg
1560,DAPR-3340--Spatial_Audio_I/Surround_Mixing_and_Surround_Plugins/Automation_Breakpoints_over_Colored_Clips.jpg,1,DAPR-3340--Spatial_Audio_I/Surround_Mixing_and_Surround_Plugins/Automation_Breakpoints_over_Colored_Clips.jpg
1561,DAPR-3340--Spatial_Audio_I/Surround_Mixing_and_Surround_Plugins/Automation_Window_with_Write_Enable_Buttons.jpg,1,DAPR-3340--Spatial_Audio_I/Surround_Mixing_and_Surround_Plugins/Automation_Window_with_Write_Enable_Buttons.jpg
1562,DAPR-3340--Spatial_Audio_I/Surround_Mixing_and_Surround_Plugins/Aux_Input_Strip_Annotated.png,0,
1563,DAPR-3340--Spatial_Audio_I/Surround_Mixing_and_Surround_Plugins/Bus_Paths_Mapped_to_Surround_Monitors.png,1,DAPR-3340--Spatial_Audio_I/Surround_Mixing_and_Surround_Plugins/Bus_Paths_Mapped_to_Surround_Monitors.png
1564,DAPR-3340--Spatial_Audio_I/Surround_Mixing_and_Surround_Plugins/Bus_Tab_Listing_Surround_Busses.png,1,DAPR-3340--Spatial_Audio_I/Surround_Mixing_and_Surround_Plugins/Bus_Tab_Listing_Surround_Busses.png
1565,DAPR-3340--Spatial_Audio_I/Surround_Mixing_and_Surround_Plugins/Color_Coded_Input_Output_and_Bus_Paths.png,1,DAPR-3340--Spatial_Audio_I/Surround_Mixing_and_Surround_Plugins/Color_Coded_Input_Output_and_Bus_Paths.png
1566,DAPR-3340--Spatial_Audio_I/Surround_Mixing_and_Surround_Plugins/Compressor_Limiter_Over_Drum_Strips.png,1,DAPR-3340--Spatial_Audio_I/Surround_Mixing_and_Surround_Plugins/Compressor_Limiter_Over_Drum_Strips.png
1567,DAPR-3340--Spatial_Audio_I/Surround_Mixing_and_Surround_Plugins/Create_Group_Dialog_for_Dialog_Tracks.png,1,DAPR-3340--Spatial_Audio_I/Surround_Mixing_and_Surround_Plugins/Create_Group_Dialog_for_Dialog_Tracks.png
1568,DAPR-3340--Spatial_Audio_I/Surround_Mixing_and_Surround_Plugins/Create_Group_Dialog_for_Drum_Tracks.png,1,DAPR-3340--Spatial_Audio_I/Surround_Mixing_and_Surround_Plugins/Create_Group_Dialog_for_Drum_Tracks.png
1569,DAPR-3340--Spatial_Audio_I/Surround_Mixing_and_Surround_Plugins/Decca_Tree_Microphone_Channel_Strips.jpg,1,DAPR-3340--Spatial_Audio_I/Surround_Mixing_and_Surround_Plugins/Decca_Tree_Microphone_Channel_Strips.jpg
1570,DAPR-3340--Spatial_Audio_I/Surround_Mixing_and_Surround_Plugins/Dialog_Strips_Under_VCA_Master.png,1,DAPR-3340--Spatial_Audio_I/Surround_Mixing_and_Surround_Plugins/Dialog_Strips_Under_VCA_Master.png
1571,DAPR-3340--Spatial_Audio_I/Surround_Mixing_and_Surround_Plugins/Dialogue_and_Background_Stem_Strips.png,1,DAPR-3340--Spatial_Audio_I/Surround_Mixing_and_Surround_Plugins/Dialogue_and_Background_Stem_Strips.png
1572,DAPR-3340--Spatial_Audio_I/Surround_Mixing_and_Surround_Plugins/Divergence_Front_Rear_Link.png,1,DAPR-3340--Spatial_Audio_I/Surround_Mixing_and_Surround_Plugins/Divergence_Front_Rear_Link.png
1573,DAPR-3340--Spatial_Audio_I/Surround_Mixing_and_Surround_Plugins/Drum_Mixer_Strips_With_Inserts.jpg,1,DAPR-3340--Spatial_Audio_I/Surround_Mixing_and_Surround_Plugins/Drum_Mixer_Strips_With_Inserts.jpg
1574,DAPR-3340--Spatial_Audio_I/Surround_Mixing_and_Surround_Plugins/Drum_Strips_With_VCA_Master.png,1,DAPR-3340--Spatial_Audio_I/Surround_Mixing_and_Surround_Plugins/Drum_Strips_With_VCA_Master.png
1575,DAPR-3340--Spatial_Audio_I/Surround_Mixing_and_Surround_Plugins/Edit_Window_Pan_Automation_and_Panner.jpg,0,
1576,DAPR-3340--Spatial_Audio_I/Surround_Mixing_and_Surround_Plugins/Export_Selected_Dialog_High_Sample_Rate.png,1,DAPR-3340--Spatial_Audio_I/Surround_Mixing_and_Surround_Plugins/Export_Selected_Dialog_High_Sample_Rate.png
1577,DAPR-3340--Spatial_Audio_I/Surround_Mixing_and_Surround_Plugins/Export_Selected_Dialog_Video_Sample_Rate.png,1,DAPR-3340--Spatial_Audio_I/Surround_Mixing_and_Surround_Plugins/Export_Selected_Dialog_Video_Sample_Rate.png
1578,DAPR-3340--Spatial_Audio_I/Surround_Mixing_and_Surround_Plugins/Export_to_AAF_Options_Dialog.jpg,1,DAPR-3340--Spatial_Audio_I/Surround_Mixing_and_Surround_Plugins/Export_to_AAF_Options_Dialog.jpg
1579,DAPR-3340--Spatial_Audio_I/Surround_Mixing_and_Surround_Plugins/Guitar_and_Piano_Mixer_Strips.jpg,1,DAPR-3340--Spatial_Audio_I/Surround_Mixing_and_Surround_Plugins/Guitar_and_Piano_Mixer_Strips.jpg
1580,DAPR-3340--Spatial_Audio_I/Surround_Mixing_and_Surround_Plugins/Horn_Track_Strips_on_Shared_Bus.jpg,1,DAPR-3340--Spatial_Audio_I/Surround_Mixing_and_Surround_Plugins/Horn_Track_Strips_on_Shared_Bus.jpg
1581,DAPR-3340--Spatial_Audio_I/Surround_Mixing_and_Surround_Plugins/IO_Setup_Path_Color_Selector.png,1,DAPR-3340--Spatial_Audio_I/Surround_Mixing_and_Surround_Plugins/IO_Setup_Path_Color_Selector.png
1582,DAPR-3340--Spatial_Audio_I/Surround_Mixing_and_Surround_Plugins/Linked_Dual_Surround_Panner_Grids.jpg,1,DAPR-3340--Spatial_Audio_I/Surround_Mixing_and_Surround_Plugins/Linked_Dual_Surround_Panner_Grids.jpg
1583,DAPR-3340--Spatial_Audio_I/Surround_Mixing_and_Surround_Plugins/Loudness_Integrated_Shortterm_Truepeak.png,1,DAPR-3340--Spatial_Audio_I/Surround_Mixing_and_Surround_Plugins/Loudness_Integrated_Shortterm_Truepeak.png
1584,DAPR-3340--Spatial_Audio_I/Surround_Mixing_and_Surround_Plugins/Loudness_Metering.jpg,1,DAPR-3340--Spatial_Audio_I/Surround_Mixing_and_Surround_Plugins/Loudness_Metering.jpg
1585,DAPR-3340--Spatial_Audio_I/Surround_Mixing_and_Surround_Plugins/Master_Fader_Strip_Annotated.png,0,
1586,DAPR-3340--Spatial_Audio_I/Surround_Mixing_and_Surround_Plugins/Output_Path_Menu_With_Studio_Main.jpg,1,DAPR-3340--Spatial_Audio_I/Surround_Mixing_and_Surround_Plugins/Output_Path_Menu_With_Studio_Main.jpg
1587,DAPR-3340--Spatial_Audio_I/Surround_Mixing_and_Surround_Plugins/Output_Path_Submenu_of_Subpaths.jpg,1,DAPR-3340--Spatial_Audio_I/Surround_Mixing_and_Surround_Plugins/Output_Path_Submenu_of_Subpaths.jpg
1588,DAPR-3340--Spatial_Audio_I/Surround_Mixing_and_Surround_Plugins/Output_Window_71_Panner_Annotated.png,0,
1589,DAPR-3340--Spatial_Audio_I/Surround_Mixing_and_Surround_Plugins/Output_Window_With_Highlighted_LFE_Fader.jpg,1,DAPR-3340--Spatial_Audio_I/Surround_Mixing_and_Surround_Plugins/Output_Window_With_Highlighted_LFE_Fader.jpg
1590,DAPR-3340--Spatial_Audio_I/Surround_Mixing_and_Surround_Plugins/Plugin_Channel_Selection_Dropdown.jpg,1,DAPR-3340--Spatial_Audio_I/Surround_Mixing_and_Surround_Plugins/Plugin_Channel_Selection_Dropdown.jpg
1591,DAPR-3340--Spatial_Audio_I/Surround_Mixing_and_Surround_Plugins/Post_Production_Mix_Workflow_Chart.jpg,1,DAPR-3340--Spatial_Audio_I/Surround_Mixing_and_Surround_Plugins/Post_Production_Mix_Workflow_Chart.jpg
1592,DAPR-3340--Spatial_Audio_I/Surround_Mixing_and_Surround_Plugins/Production_Session_Flow_Chart.jpg,1,DAPR-3340--Spatial_Audio_I/Surround_Mixing_and_Surround_Plugins/Production_Session_Flow_Chart.jpg
1593,DAPR-3340--Spatial_Audio_I/Surround_Mixing_and_Surround_Plugins/Pt_Mix_Window_Atmos_Bed_Objects.png,1,DAPR-3340--Spatial_Audio_I/Surround_Mixing_and_Surround_Plugins/Pt_Mix_Window_Atmos_Bed_Objects.png
1594,DAPR-3340--Spatial_Audio_I/Surround_Mixing_and_Surround_Plugins/Pt_Surround_Panner_Annotated.png,1,DAPR-3340--Spatial_Audio_I/Surround_Recording/Pt_Surround_Panner_Annotated.png
1595,DAPR-3340--Spatial_Audio_I/Surround_Mixing_and_Surround_Plugins/Pt_Surround_Panner_Mode_Menu.png,1,DAPR-3340--Spatial_Audio_I/Surround_Mixing_and_Surround_Plugins/Pt_Surround_Panner_Mode_Menu.png
1596,DAPR-3340--Spatial_Audio_I/Surround_Mixing_and_Surround_Plugins/Reverb_Auxiliary_and_Object_Strips.png,1,DAPR-3340--Spatial_Audio_I/Surround_Mixing_and_Surround_Plugins/Reverb_Auxiliary_and_Object_Strips.png
1597,DAPR-3340--Spatial_Audio_I/Surround_Mixing_and_Surround_Plugins/Send_Assignment_Context_Menu_On_Strip.jpg,1,DAPR-3340--Spatial_Audio_I/Surround_Mixing_and_Surround_Plugins/Send_Assignment_Context_Menu_On_Strip.jpg
1598,DAPR-3340--Spatial_Audio_I/Surround_Mixing_and_Surround_Plugins/Send_Window_Stereo.png,0,
1599,DAPR-3340--Spatial_Audio_I/Surround_Mixing_and_Surround_Plugins/Static_versus_Dynamic_Automation.png,1,DAPR-3340--Spatial_Audio_I/Surround_Mixing_and_Surround_Plugins/Static_versus_Dynamic_Automation.png
1600,DAPR-3340--Spatial_Audio_I/Surround_Mixing_and_Surround_Plugins/Stem_and_Submix_Channel_Strips.png,1,DAPR-3340--Spatial_Audio_I/Surround_Mixing_and_Surround_Plugins/Stem_and_Submix_Channel_Strips.png
1601,DAPR-3340--Spatial_Audio_I/Surround_Mixing_and_Surround_Plugins/String_Section_Strips_Routed_to_Submix.png,1,DAPR-3340--Spatial_Audio_I/Surround_Mixing_and_Surround_Plugins/String_Section_Strips_Routed_to_Submix.png
1602,DAPR-3340--Spatial_Audio_I/Surround_Mixing_and_Surround_Plugins/Submix_Strips_Feeding_Main_Mix.png,1,DAPR-3340--Spatial_Audio_I/Surround_Mixing_and_Surround_Plugins/Submix_Strips_Feeding_Main_Mix.png
1603,DAPR-3340--Spatial_Audio_I/Surround_Mixing_and_Surround_Plugins/Surround_Mix_Workflow.png,1,DAPR-3340--Spatial_Audio_I/Surround_Mixing_and_Surround_Plugins/Surround_Mix_Workflow.png
1604,DAPR-3340--Spatial_Audio_I/Surround_Mixing_and_Surround_Plugins/Surround_Panner_Output_Window.jpg,1,DAPR-3340--Spatial_Audio_I/Surround_Mixing_and_Surround_Plugins/Surround_Panner_Output_Window.jpg
1605,DAPR-3340--Spatial_Audio_I/Surround_Mixing_and_Surround_Plugins/Surround_Panner_Window.png,1,DAPR-3340--Spatial_Audio_I/Surround_Mixing_and_Surround_Plugins/Surround_Panner_Window.png
1606,DAPR-3340--Spatial_Audio_I/Surround_Mixing_and_Surround_Plugins/Surround_Panner_and_Automation_Ramp.png,1,DAPR-3340--Spatial_Audio_I/Surround_Mixing_and_Surround_Plugins/Surround_Panner_and_Automation_Ramp.png
1607,DAPR-3340--Spatial_Audio_I/Surround_Mixing_and_Surround_Plugins/Surround_Plug_Ins.png,1,DAPR-3340--Spatial_Audio_I/Surround_Mixing_and_Surround_Plugins/Surround_Plug_Ins.png
1608,DAPR-3340--Spatial_Audio_I/Surround_Mixing_and_Surround_Plugins/Surround_Session_Routing.png,1,DAPR-3340--Spatial_Audio_I/Surround_Mixing_and_Surround_Plugins/Surround_Session_Routing.png
1609,DAPR-3340--Spatial_Audio_I/Surround_Mixing_and_Surround_Plugins/Track_Assignment_Context_Menu.jpg,1,DAPR-3340--Spatial_Audio_I/Surround_Mixing_and_Surround_Plugins/Track_Assignment_Context_Menu.jpg
1610,DAPR-3340--Spatial_Audio_I/Surround_Mixing_and_Surround_Plugins/Track_Input_Selector.png,0,
1611,DAPR-3340--Spatial_Audio_I/Surround_Mixing_and_Surround_Plugins/Two_Lindell_Channel_Strip_Windows.jpg,1,DAPR-3340--Spatial_Audio_I/Surround_Mixing_and_Surround_Plugins/Two_Lindell_Channel_Strip_Windows.jpg
1612,DAPR-3340--Spatial_Audio_I/Surround_Mixing_and_Surround_Plugins/Wide_Mix_Window_of_Colored_Strips.jpg,1,DAPR-3340--Spatial_Audio_I/Surround_Mixing_and_Surround_Plugins/Wide_Mix_Window_of_Colored_Strips.jpg
1613,DAPR-3340--Spatial_Audio_I/Surround_Mixing_and_Surround_Plugins/Wide_Mixer_View_With_Highlighted_Strips.jpg,1,DAPR-3340--Spatial_Audio_I/Surround_Mixing_and_Surround_Plugins/Wide_Mixer_View_With_Highlighted_Strips.jpg
1614,DAPR-3340--Spatial_Audio_I/Surround_Monitoring/Bass_Management_Signal_Path.png,1,DAPR-3340--Spatial_Audio_I/Surround_Monitoring/Bass_Management_Signal_Path.png
1615,DAPR-3340--Spatial_Audio_I/Surround_Monitoring/Calibration_Order_of_Operations.png,0,
1616,DAPR-3340--Spatial_Audio_I/Surround_Monitoring/Consumer_Listening_Environment.jpg,1,DAPR-3340--Spatial_Audio_I/Surround_Monitoring/Consumer_Listening_Environment.jpg
1617,DAPR-3340--Spatial_Audio_I/Surround_Monitoring/Consumer_Room_Compromises.png,0,
1618,DAPR-3340--Spatial_Audio_I/Surround_Monitoring/Focusrite_Red_8Pre_Front_and_Rear.png,0,
1619,DAPR-3340--Spatial_Audio_I/Surround_Monitoring/Monitoring_Environments_Comparison.png,0,
1620,DAPR-3340--Spatial_Audio_I/Surround_Monitoring/Neumann_Studio_Monitor.png,0,
1621,DAPR-3340--Spatial_Audio_I/Surround_Monitoring/New_Tracks_Dialog_for_Pink_Noise.png,1,DAPR-3340--Spatial_Audio_I/Surround_Monitoring/New_Tracks_Dialog_for_Pink_Noise.png
1622,DAPR-3340--Spatial_Audio_I/Surround_Monitoring/Pink_Noise_Test_Channel_Strip.png,1,DAPR-3340--Spatial_Audio_I/Surround_Monitoring/Pink_Noise_Test_Channel_Strip.png
1623,DAPR-3340--Spatial_Audio_I/Surround_Monitoring/Placement_Height_Distance_Toe_in.png,0,
1624,DAPR-3340--Spatial_Audio_I/Surround_Monitoring/Professional_Mixing_Environment.jpg,1,DAPR-3340--Spatial_Audio_I/Surround_Monitoring/Professional_Mixing_Environment.jpg
1625,DAPR-3340--Spatial_Audio_I/Surround_Monitoring/Pt_51_Format_Channel_Assignments.png,1,DAPR-3340--Spatial_Audio_I/Surround_Monitoring/Pt_51_Format_Channel_Assignments.png
1626,DAPR-3340--Spatial_Audio_I/Surround_Monitoring/Pt_Mix_Window_51_Surround_Routing.png,1,DAPR-3340--Spatial_Audio_I/Surround_Monitoring/Pt_Mix_Window_51_Surround_Routing.png
1627,DAPR-3340--Spatial_Audio_I/Surround_Monitoring/Room_Correction_EQ_Curve_Display.jpg,1,DAPR-3340--Spatial_Audio_I/Surround_Monitoring/Room_Correction_EQ_Curve_Display.jpg
1628,DAPR-3340--Spatial_Audio_I/Surround_Monitoring/Signal_Generator_Set_to_Pink_Noise.png,1,DAPR-3340--Spatial_Audio_I/Surround_Monitoring/Signal_Generator_Set_to_Pink_Noise.png
1629,DAPR-3340--Spatial_Audio_I/Surround_Monitoring/Soundbar_and_Subwoofer_System.png,0,
1630,DAPR-3340--Spatial_Audio_I/Surround_Monitoring/Speaker_Placement.jpg,1,DAPR-3340--Spatial_Audio_I/Surround_Monitoring/Speaker_Placement.jpg
1631,DAPR-3340--Spatial_Audio_I/Surround_Monitoring/Studio_Live_Room_Photo.jpg,1,DAPR-3340--Spatial_Audio_I/Surround_Monitoring/Studio_Live_Room_Photo.jpg
1632,DAPR-3340--Spatial_Audio_I/Surround_Monitoring/System_Calibration.png,1,DAPR-3340--Spatial_Audio_I/Surround_Monitoring/System_Calibration.png
1633,DAPR-3340--Spatial_Audio_I/Surround_Monitoring/Theatrical_Listening_Environment.jpg,1,DAPR-3340--Spatial_Audio_I/Surround_Monitoring/Theatrical_Listening_Environment.jpg
1634,DAPR-3340--Spatial_Audio_I/Surround_Monitoring/Theatrical_versus_Home_Scale.png,0,
1635,DAPR-3340--Spatial_Audio_I/Surround_Recording/Ambisonic_Microphone_With_Capsules_Exposed.jpg,1,DAPR-3340--Spatial_Audio_I/Surround_Recording/Ambisonic_Microphone_With_Capsules_Exposed.jpg
1636,DAPR-3340--Spatial_Audio_I/Surround_Recording/B_Format_WXYZ_Pickup_Patterns.png,0,
1637,DAPR-3340--Spatial_Audio_I/Surround_Recording/Cardioid_Array_With_Labeled_Distances.png,1,DAPR-3340--Spatial_Audio_I/Surround_Recording/Cardioid_Array_With_Labeled_Distances.png
1638,DAPR-3340--Spatial_Audio_I/Surround_Recording/Cardioid_Pattern_Array_Layout.png,1,DAPR-3340--Spatial_Audio_I/Surround_Recording/Cardioid_Pattern_Array_Layout.png
1639,DAPR-3340--Spatial_Audio_I/Surround_Recording/Direct_Early_Late_Reflections_Timeline.png,0,
1640,DAPR-3340--Spatial_Audio_I/Surround_Recording/Facing_Bidirectional_Polar_Pattern_Diagram.png,1,DAPR-3340--Spatial_Audio_I/Surround_Recording/Facing_Bidirectional_Polar_Pattern_Diagram.png
1641,DAPR-3340--Spatial_Audio_I/Surround_Recording/Five_Microphone_Surround_Array_Diagram.png,1,DAPR-3340--Spatial_Audio_I/Surround_Recording/Five_Microphone_Surround_Array_Diagram.png
1642,DAPR-3340--Spatial_Audio_I/Surround_Recording/Fukada_Tree.png,1,DAPR-3340--Spatial_Audio_I/Surround_Recording/Fukada_Tree.png
1643,DAPR-3340--Spatial_Audio_I/Surround_Recording/Hamasaki_Square.png,1,DAPR-3340--Spatial_Audio_I/Surround_Recording/Hamasaki_Square.png
1644,DAPR-3340--Spatial_Audio_I/Surround_Recording/IRT_Cross.png,1,DAPR-3340--Spatial_Audio_I/Surround_Recording/IRT_Cross.png
1645,DAPR-3340--Spatial_Audio_I/Surround_Recording/Input_Setup_Channel_Mapping_Matrix.jpg,1,DAPR-3340--Spatial_Audio_I/Surround_Recording/Input_Setup_Channel_Mapping_Matrix.jpg
1646,DAPR-3340--Spatial_Audio_I/Surround_Recording/Location_Monitoring_Chain.png,1,DAPR-3340--Spatial_Audio_I/Surround_Recording/Location_Monitoring_Chain.png
1647,DAPR-3340--Spatial_Audio_I/Surround_Recording/Mic_Input_Strips_With_Channel_Labels.jpg,1,DAPR-3340--Spatial_Audio_I/Surround_Recording/Mic_Input_Strips_With_Channel_Labels.jpg
1648,DAPR-3340--Spatial_Audio_I/Surround_Recording/Microphone_Spacing_Diagram_With_Measurements.png,1,DAPR-3340--Spatial_Audio_I/Surround_Recording/Microphone_Spacing_Diagram_With_Measurements.png
1649,DAPR-3340--Spatial_Audio_I/Surround_Recording/Microphone_Spacing_Distance_Diagram.png,1,DAPR-3340--Spatial_Audio_I/Surround_Recording/Microphone_Spacing_Distance_Diagram.png
1650,DAPR-3340--Spatial_Audio_I/Surround_Recording/Modified_Decca_Tree.png,1,DAPR-3340--Spatial_Audio_I/Surround_Recording/Modified_Decca_Tree.png
1651,DAPR-3340--Spatial_Audio_I/Surround_Recording/New_Paths_Dialog_for_Surround_Busses.jpg,1,DAPR-3340--Spatial_Audio_I/Surround_Recording/New_Paths_Dialog_for_Surround_Busses.jpg
1652,DAPR-3340--Spatial_Audio_I/Surround_Recording/New_Paths_Dialog_for_Surround_Output.jpg,1,DAPR-3340--Spatial_Audio_I/Surround_Recording/New_Paths_Dialog_for_Surround_Output.jpg
1653,DAPR-3340--Spatial_Audio_I/Surround_Recording/New_Tracks_Dialog_Creating_Mono_Tracks.jpg,1,DAPR-3340--Spatial_Audio_I/Surround_Recording/New_Tracks_Dialog_Creating_Mono_Tracks.jpg
1654,DAPR-3340--Spatial_Audio_I/Surround_Recording/New_Tracks_Dialog_for_Surround_Track.png,1,DAPR-3340--Spatial_Audio_I/Surround_Recording/New_Tracks_Dialog_for_Surround_Track.png
1655,DAPR-3340--Spatial_Audio_I/Surround_Recording/Output_Path_Routing_Matrix.jpg,1,DAPR-3340--Spatial_Audio_I/Surround_Recording/Output_Path_Routing_Matrix.jpg
1656,DAPR-3340--Spatial_Audio_I/Surround_Recording/Output_Tab_of_Thunderbolt_Interface_Paths.jpg,1,DAPR-3340--Spatial_Audio_I/Surround_Recording/Output_Tab_of_Thunderbolt_Interface_Paths.jpg
1657,DAPR-3340--Spatial_Audio_I/Surround_Recording/Pt_Surround_Panner_Plugin.png,1,DAPR-3340--Spatial_Audio_I/Surround_Recording/Pt_Surround_Panner_Plugin.png
1658,DAPR-3340--Spatial_Audio_I/Surround_Recording/Rounded_Mesh_Covered_Microphone_Housing.jpg,1,DAPR-3340--Spatial_Audio_I/Surround_Recording/Rounded_Mesh_Covered_Microphone_Housing.jpg
1659,DAPR-3340--Spatial_Audio_I/Surround_Recording/Session_Monitor_Path_Settings.png,1,DAPR-3340--Spatial_Audio_I/Surround_Recording/Session_Monitor_Path_Settings.png
1660,DAPR-3340--Spatial_Audio_I/Surround_Recording/Spaced_Cardioid_Array_Spacing_Diagram.png,1,DAPR-3340--Spatial_Audio_I/Surround_Recording/Spaced_Cardioid_Array_Spacing_Diagram.png
1661,DAPR-3340--Spatial_Audio_I/Surround_Recording/Surround_Array_Geometry.png,0,
1662,DAPR-3340--Spatial_Audio_I/Surround_Recording/Surround_Microphone_Array_With_Angles.png,1,DAPR-3340--Spatial_Audio_I/Surround_Recording/Surround_Microphone_Array_With_Angles.png
1663,DAPR-3340--Spatial_Audio_I/Surround_Recording/Surround_Output_Assignment_Menu.jpg,1,DAPR-3340--Spatial_Audio_I/Surround_Recording/Surround_Output_Assignment_Menu.jpg
1664,DAPR-3340--Spatial_Audio_I/Surround_Recording/Three_Cardioid_Front_Array_Diagram.png,1,DAPR-3340--Spatial_Audio_I/Surround_Recording/Three_Cardioid_Front_Array_Diagram.png
1665,DAPR-3340--Spatial_Audio_I/Surround_Recording/Using_Standard_Microphones.jpg,1,DAPR-3340--Spatial_Audio_I/Surround_Recording/Using_Standard_Microphones.jpg
1666,DAPR-3340--Spatial_Audio_I/Surround_Recording/Wide_Cardioid.png,1,DAPR-3340--Spatial_Audio_I/Surround_Recording/Wide_Cardioid.png
1667,DAPR-3340--Spatial_Audio_I/The_Dolby_Atmos_Renderer/Add_Layout_Button_and_Layout_List.png,1,DAPR-3340--Spatial_Audio_I/The_Dolby_Atmos_Renderer/Add_Layout_Button_and_Layout_List.png
1668,DAPR-3340--Spatial_Audio_I/The_Dolby_Atmos_Renderer/Bed_Channel_Meter_Bank.png,1,DAPR-3340--Spatial_Audio_I/The_Dolby_Atmos_Renderer/Bed_Channel_Meter_Bank.png
1669,DAPR-3340--Spatial_Audio_I/The_Dolby_Atmos_Renderer/Binaural_Output_Meter_Close_Up.png,1,DAPR-3340--Spatial_Audio_I/The_Dolby_Atmos_Renderer/Binaural_Output_Meter_Close_Up.png
1670,DAPR-3340--Spatial_Audio_I/The_Dolby_Atmos_Renderer/Binaural_and_Limiter_Meters.png,1,DAPR-3340--Spatial_Audio_I/The_Dolby_Atmos_Renderer/Binaural_and_Limiter_Meters.png
1671,DAPR-3340--Spatial_Audio_I/The_Dolby_Atmos_Renderer/Channel_Level_Meters_for_Bed_Speakers.png,1,DAPR-3340--Spatial_Audio_I/The_Dolby_Atmos_Renderer/Channel_Level_Meters_for_Bed_Speakers.png
1672,DAPR-3340--Spatial_Audio_I/The_Dolby_Atmos_Renderer/Dolby_Atmos_Speaker_Layout.png,1,DAPR-3340--Spatial_Audio_I/The_Dolby_Atmos_Renderer/Dolby_Atmos_Speaker_Layout.png
1673,DAPR-3340--Spatial_Audio_I/The_Dolby_Atmos_Renderer/Editing_Speaker_Gain_Value.png,1,DAPR-3340--Spatial_Audio_I/The_Dolby_Atmos_Renderer/Editing_Speaker_Gain_Value.png
1674,DAPR-3340--Spatial_Audio_I/The_Dolby_Atmos_Renderer/Front_View_of_Object_Position_Dots.png,1,DAPR-3340--Spatial_Audio_I/The_Dolby_Atmos_Renderer/Front_View_of_Object_Position_Dots.png
1675,DAPR-3340--Spatial_Audio_I/The_Dolby_Atmos_Renderer/Headphone_Only_Mode.png,1,DAPR-3340--Spatial_Audio_I/The_Dolby_Atmos_Renderer/Headphone_Only_Mode.png
1676,DAPR-3340--Spatial_Audio_I/The_Dolby_Atmos_Renderer/Input_Channel_Status_Grid.png,1,DAPR-3340--Spatial_Audio_I/The_Dolby_Atmos_Renderer/Input_Channel_Status_Grid.png
1677,DAPR-3340--Spatial_Audio_I/The_Dolby_Atmos_Renderer/Input_Configuration_Groups.png,1,DAPR-3340--Spatial_Audio_I/The_Dolby_Atmos_Renderer/Input_Configuration_Groups.png
1678,DAPR-3340--Spatial_Audio_I/The_Dolby_Atmos_Renderer/Input_Signal_Indicator_Lights.png,1,DAPR-3340--Spatial_Audio_I/The_Dolby_Atmos_Renderer/Input_Signal_Indicator_Lights.png
1679,DAPR-3340--Spatial_Audio_I/The_Dolby_Atmos_Renderer/Main_Window_Room_View.png,1,DAPR-3340--Spatial_Audio_I/The_Dolby_Atmos_Renderer/Main_Window_Room_View.png
1680,DAPR-3340--Spatial_Audio_I/The_Dolby_Atmos_Renderer/Master_File_FFOA_Dialog.png,1,DAPR-3340--Spatial_Audio_I/The_Dolby_Atmos_Renderer/Master_File_FFOA_Dialog.png
1681,DAPR-3340--Spatial_Audio_I/The_Dolby_Atmos_Renderer/Master_File_Timecode_Header_Bar.png,1,DAPR-3340--Spatial_Audio_I/The_Dolby_Atmos_Renderer/Master_File_Timecode_Header_Bar.png
1682,DAPR-3340--Spatial_Audio_I/The_Dolby_Atmos_Renderer/Monitoring_Selector_Set_to_Physical.png,1,DAPR-3340--Spatial_Audio_I/The_Dolby_Atmos_Renderer/Monitoring_Selector_Set_to_Physical.png
1683,DAPR-3340--Spatial_Audio_I/The_Dolby_Atmos_Renderer/Numbered_Input_Indicator_Circles.png,1,DAPR-3340--Spatial_Audio_I/The_Dolby_Atmos_Renderer/Numbered_Input_Indicator_Circles.png
1684,DAPR-3340--Spatial_Audio_I/The_Dolby_Atmos_Renderer/Output_Gain_With_DIM_and_MUTE.png,1,DAPR-3340--Spatial_Audio_I/The_Dolby_Atmos_Renderer/Output_Gain_With_DIM_and_MUTE.png
1685,DAPR-3340--Spatial_Audio_I/The_Dolby_Atmos_Renderer/Person_View.png,1,DAPR-3340--Spatial_Audio_I/The_Dolby_Atmos_Renderer/Person_View.png
1686,DAPR-3340--Spatial_Audio_I/The_Dolby_Atmos_Renderer/Pink_Noise_Rotate_Mode_Menu.png,1,DAPR-3340--Spatial_Audio_I/The_Dolby_Atmos_Renderer/Pink_Noise_Rotate_Mode_Menu.png
1687,DAPR-3340--Spatial_Audio_I/The_Dolby_Atmos_Renderer/Record_In_and_Out_Toggle_Close_Up.png,1,DAPR-3340--Spatial_Audio_I/The_Dolby_Atmos_Renderer/Record_In_and_Out_Toggle_Close_Up.png
1688,DAPR-3340--Spatial_Audio_I/The_Dolby_Atmos_Renderer/Renderer_System_Topology.png,1,DAPR-3340--Spatial_Audio_I/The_Dolby_Atmos_Renderer/Renderer_System_Topology.png
1689,DAPR-3340--Spatial_Audio_I/The_Dolby_Atmos_Renderer/Renderer_Window_With_Meters_and_Room.png,1,DAPR-3340--Spatial_Audio_I/The_Dolby_Atmos_Renderer/Renderer_Window_With_Meters_and_Room.png
1690,DAPR-3340--Spatial_Audio_I/The_Dolby_Atmos_Renderer/Room_EQ_Curve_and_Sliders.png,1,DAPR-3340--Spatial_Audio_I/The_Dolby_Atmos_Renderer/Room_EQ_Curve_and_Sliders.png
1691,DAPR-3340--Spatial_Audio_I/The_Dolby_Atmos_Renderer/Room_Setup_Monitoring_Speaker_Layout.png,1,DAPR-3340--Spatial_Audio_I/The_Dolby_Atmos_Renderer/Room_Setup_Monitoring_Speaker_Layout.png
1692,DAPR-3340--Spatial_Audio_I/The_Dolby_Atmos_Renderer/Room_View_With_Listener_Silhouette.png,1,DAPR-3340--Spatial_Audio_I/The_Dolby_Atmos_Renderer/Room_View_With_Listener_Silhouette.png
1693,DAPR-3340--Spatial_Audio_I/The_Dolby_Atmos_Renderer/Room_View_With_Object_Spheres.png,1,DAPR-3340--Spatial_Audio_I/The_Dolby_Atmos_Renderer/Room_View_With_Object_Spheres.png
1694,DAPR-3340--Spatial_Audio_I/The_Dolby_Atmos_Renderer/Room_View_With_Object_Trajectory.png,1,DAPR-3340--Spatial_Audio_I/The_Dolby_Atmos_Renderer/Room_View_With_Object_Trajectory.png
1695,DAPR-3340--Spatial_Audio_I/The_Dolby_Atmos_Renderer/Room_View_With_Single_Object_Sphere.png,1,DAPR-3340--Spatial_Audio_I/The_Dolby_Atmos_Renderer/Room_View_With_Single_Object_Sphere.png
1696,DAPR-3340--Spatial_Audio_I/The_Dolby_Atmos_Renderer/Room_View_of_Many_Object_Spheres.png,1,DAPR-3340--Spatial_Audio_I/The_Dolby_Atmos_Renderer/Room_View_of_Many_Object_Spheres.png
1697,DAPR-3340--Spatial_Audio_I/The_Dolby_Atmos_Renderer/Row_of_Input_Status_Indicator_Circles.png,1,DAPR-3340--Spatial_Audio_I/The_Dolby_Atmos_Renderer/Row_of_Input_Status_Indicator_Circles.png
1698,DAPR-3340--Spatial_Audio_I/The_Dolby_Atmos_Renderer/Signal_Generator_Pink_Noise_Control.png,1,DAPR-3340--Spatial_Audio_I/The_Dolby_Atmos_Renderer/Signal_Generator_Pink_Noise_Control.png
1699,DAPR-3340--Spatial_Audio_I/The_Dolby_Atmos_Renderer/Signal_Generator_Source_Menu.png,1,DAPR-3340--Spatial_Audio_I/The_Dolby_Atmos_Renderer/Signal_Generator_Source_Menu.png
1700,DAPR-3340--Spatial_Audio_I/The_Dolby_Atmos_Renderer/Source_Input_and_Master_Toggle.png,1,DAPR-3340--Spatial_Audio_I/The_Dolby_Atmos_Renderer/Source_Input_and_Master_Toggle.png
1701,DAPR-3340--Spatial_Audio_I/The_Dolby_Atmos_Renderer/Speaker_Delay_Tab_of_Room_Setup.png,1,DAPR-3340--Spatial_Audio_I/The_Dolby_Atmos_Renderer/Speaker_Delay_Tab_of_Room_Setup.png
1702,DAPR-3340--Spatial_Audio_I/The_Dolby_Atmos_Renderer/Speaker_EQ_Calibration_Window.png,1,DAPR-3340--Spatial_Audio_I/The_Dolby_Atmos_Renderer/Speaker_EQ_Calibration_Window.png
1703,DAPR-3340--Spatial_Audio_I/The_Dolby_Atmos_Renderer/Speaker_Layout_Map_With_Flagged_Speaker.png,1,DAPR-3340--Spatial_Audio_I/The_Dolby_Atmos_Renderer/Speaker_Layout_Map_With_Flagged_Speaker.png
1704,DAPR-3340--Spatial_Audio_I/The_Dolby_Atmos_Renderer/Speaker_Layout_Map_in_Room_Setup.png,1,DAPR-3340--Spatial_Audio_I/The_Dolby_Atmos_Renderer/Speaker_Layout_Map_in_Room_Setup.png
1705,DAPR-3340--Spatial_Audio_I/The_Dolby_Atmos_Renderer/Speaker_Routing_Position_Map.png,1,DAPR-3340--Spatial_Audio_I/The_Dolby_Atmos_Renderer/Speaker_Routing_Position_Map.png
1706,DAPR-3340--Spatial_Audio_I/The_Dolby_Atmos_Renderer/Speaker_and_Headphone_Delay_Field.png,1,DAPR-3340--Spatial_Audio_I/The_Dolby_Atmos_Renderer/Speaker_and_Headphone_Delay_Field.png
1707,DAPR-3340--Spatial_Audio_I/The_Dolby_Atmos_Renderer/Theater_View.png,1,DAPR-3340--Spatial_Audio_I/The_Dolby_Atmos_Renderer/Theater_View.png
1708,DAPR-3340--Spatial_Audio_I/The_Dolby_Atmos_Renderer/Three_Dimensional_Room_View_With_Objects.png,1,DAPR-3340--Spatial_Audio_I/The_Dolby_Atmos_Renderer/Three_Dimensional_Room_View_With_Objects.png
1709,DAPR-3340--Spatial_Audio_I/The_Dolby_Atmos_Renderer/Timecode_Counter_and_Transport_Buttons.png,1,DAPR-3340--Spatial_Audio_I/The_Dolby_Atmos_Renderer/Timecode_Counter_and_Transport_Buttons.png
1710,DAPR-3340--Spatial_Audio_I/The_Dolby_Atmos_Renderer/Trim_and_Downmix_Session_Data.png,1,DAPR-3340--Spatial_Audio_I/The_Dolby_Atmos_Renderer/Trim_and_Downmix_Session_Data.png
1711,DAPR-3340--Spatial_Audio_I/The_Dolby_Atmos_Renderer/Vertical_Limiter_Meter_Pair.png,1,DAPR-3340--Spatial_Audio_I/The_Dolby_Atmos_Renderer/Vertical_Limiter_Meter_Pair.png
1712,DAPR-3340--Spatial_Audio_I/The_Dolby_Atmos_Renderer/View_and_Show_Options_Menu.png,1,DAPR-3340--Spatial_Audio_I/The_Dolby_Atmos_Renderer/View_and_Show_Options_Menu.png
1713,DAPR-3345--Spatial_Audio_II/Asset_Pipeline__Asset_Tracking_Task_Tracking_and_Source_Control/Asset_States_and_Task_Board.png,1,DAPR-3345--Spatial_Audio_II/Asset_Pipeline__Asset_Tracking_Task_Tracking_and_Source_Control/Asset_States_and_Task_Board.png
1714,DAPR-3345--Spatial_Audio_II/Asset_Pipeline__Asset_Tracking_Task_Tracking_and_Source_Control/Branch_and_Merge.png,1,DAPR-3345--Spatial_Audio_II/Asset_Pipeline__Asset_Tracking_Task_Tracking_and_Source_Control/Branch_and_Merge.png
1715,DAPR-3345--Spatial_Audio_II/Asset_Pipeline__Asset_Tracking_Task_Tracking_and_Source_Control/Git_LFS_Pointer.png,1,DAPR-3345--Spatial_Audio_II/Asset_Pipeline__Asset_Tracking_Task_Tracking_and_Source_Control/Git_LFS_Pointer.png
1716,DAPR-3345--Spatial_Audio_II/Asset_Pipeline__Asset_Tracking_Task_Tracking_and_Source_Control/Pull_Work_Commit_Push.png,1,DAPR-3345--Spatial_Audio_II/Asset_Pipeline__Asset_Tracking_Task_Tracking_and_Source_Control/Pull_Work_Commit_Push.png
1717,DAPR-3345--Spatial_Audio_II/Asset_Pipeline__Asset_Tracking_Task_Tracking_and_Source_Control/Team_Room_Banner.jpg,1,DAPR-3345--Spatial_Audio_II/Asset_Pipeline__Asset_Tracking_Task_Tracking_and_Source_Control/Team_Room_Banner.jpg
1718,DAPR-3345--Spatial_Audio_II/Asset_Pipeline__Asset_Tracking_Task_Tracking_and_Source_Control/Team_Room_Banner_Alt.jpg,0,
1719,DAPR-3345--Spatial_Audio_II/Course_Orientation/Credit_Hour_Rule.png,1,DAPR-3345--Spatial_Audio_II/Course_Orientation/Credit_Hour_Rule.png
1720,DAPR-3345--Spatial_Audio_II/Course_Orientation/Prerequisite_Path.png,1,DAPR-3345--Spatial_Audio_II/Course_Orientation/Prerequisite_Path.png
1721,DAPR-3345--Spatial_Audio_II/Course_Orientation/Sennheiser_HD_280_Pro.png,1,DAPR-3345--Spatial_Audio_II/Course_Orientation/Sennheiser_HD_280_Pro.png
1722,DAPR-3345--Spatial_Audio_II/Course_Orientation/Term_Schedule.png,1,DAPR-3345--Spatial_Audio_II/Course_Orientation/Term_Schedule.png
1723,DAPR-3345--Spatial_Audio_II/Dolby_Certification__Dolby_Learning_Portal_Certification_Track/Atmos_Essentials_Listener_Dome.png,1,DAPR-3345--Spatial_Audio_II/Dolby_Certification__Dolby_Learning_Portal_Certification_Track/Atmos_Essentials_Listener_Dome.png
1724,DAPR-3345--Spatial_Audio_II/Dolby_Certification__Dolby_Learning_Portal_Certification_Track/Atmos_Room_Banner.jpg,1,DAPR-3345--Spatial_Audio_II/Dolby_Certification__Dolby_Learning_Portal_Certification_Track/Atmos_Room_Banner.jpg
1725,DAPR-3345--Spatial_Audio_II/Dolby_Certification__Dolby_Learning_Portal_Certification_Track/Certification_Hours.png,1,DAPR-3345--Spatial_Audio_II/Dolby_Certification__Dolby_Learning_Portal_Certification_Track/Certification_Hours.png
1726,DAPR-3345--Spatial_Audio_II/Dolby_Certification__Dolby_Learning_Portal_Certification_Track/Control_Room_After_the_Session.png,1,DAPR-3345--Spatial_Audio_II/Dolby_Certification__Dolby_Learning_Portal_Certification_Track/Control_Room_After_the_Session.png
1727,DAPR-3345--Spatial_Audio_II/Dolby_Certification__Dolby_Learning_Portal_Certification_Track/Faders_Rising_to_the_Ceiling.png,1,DAPR-3345--Spatial_Audio_II/Dolby_Certification__Dolby_Learning_Portal_Certification_Track/Faders_Rising_to_the_Ceiling.png
1728,DAPR-3345--Spatial_Audio_II/Dolby_Certification__Dolby_Learning_Portal_Certification_Track/Games_Height_Layer_Living_Room.png,1,DAPR-3345--Spatial_Audio_II/Dolby_Certification__Dolby_Learning_Portal_Certification_Track/Games_Height_Layer_Living_Room.png
1729,DAPR-3345--Spatial_Audio_II/Dolby_Certification__Dolby_Learning_Portal_Certification_Track/Home_Studio_Finished_Master.png,1,DAPR-3345--Spatial_Audio_II/Dolby_Certification__Dolby_Learning_Portal_Certification_Track/Home_Studio_Finished_Master.png
1730,DAPR-3345--Spatial_Audio_II/Dolby_Certification__Dolby_Learning_Portal_Certification_Track/Home_Studio_First_Session.png,1,DAPR-3345--Spatial_Audio_II/Dolby_Certification__Dolby_Learning_Portal_Certification_Track/Home_Studio_First_Session.png
1731,DAPR-3345--Spatial_Audio_II/Dolby_Certification__Dolby_Learning_Portal_Certification_Track/Home_Studio_Objects_in_Motion.png,1,DAPR-3345--Spatial_Audio_II/Dolby_Certification__Dolby_Learning_Portal_Certification_Track/Home_Studio_Objects_in_Motion.png
1732,DAPR-3345--Spatial_Audio_II/Dolby_Certification__Dolby_Learning_Portal_Certification_Track/Learning_Path_Stepping_Stones.png,1,DAPR-3345--Spatial_Audio_II/Dolby_Certification__Dolby_Learning_Portal_Certification_Track/Learning_Path_Stepping_Stones.png
1733,DAPR-3345--Spatial_Audio_II/Dolby_Certification__Dolby_Learning_Portal_Certification_Track/Mix_Room_Calibration.png,1,DAPR-3345--Spatial_Audio_II/Dolby_Certification__Dolby_Learning_Portal_Certification_Track/Mix_Room_Calibration.png
1734,DAPR-3345--Spatial_Audio_II/Dolby_Certification__Dolby_Learning_Portal_Certification_Track/Self_Paced_Study_Desk.png,1,DAPR-3345--Spatial_Audio_II/Dolby_Certification__Dolby_Learning_Portal_Certification_Track/Self_Paced_Study_Desk.png
1735,DAPR-3345--Spatial_Audio_II/Dolby_Certification__Dolby_Learning_Portal_Certification_Track/Studio_Control_Room_Beds_and_Objects.png,1,DAPR-3345--Spatial_Audio_II/Dolby_Certification__Dolby_Learning_Portal_Certification_Track/Studio_Control_Room_Beds_and_Objects.png
1736,DAPR-3345--Spatial_Audio_II/FMOD__Implementation_in_FMOD_Studio/Distance_Minimum_and_Maximum.jpg,2,DAPR-3345--Spatial_Audio_II/FMOD__Implementation_in_FMOD_Studio/Distance_Minimum_and_Maximum.jpg;DAPR-3345--Spatial_Audio_II/Interactive_Audio__Foundations_of_Interactive_Spatial_Audio/Distance_Minimum_and_Maximum.jpg
1737,DAPR-3345--Spatial_Audio_II/FMOD__Implementation_in_FMOD_Studio/FMOD_Bank_Build_Flow.png,1,DAPR-3345--Spatial_Audio_II/FMOD__Implementation_in_FMOD_Studio/FMOD_Bank_Build_Flow.png
1738,DAPR-3345--Spatial_Audio_II/FMOD__Implementation_in_FMOD_Studio/FMOD_Bus_Structure.png,1,DAPR-3345--Spatial_Audio_II/FMOD__Implementation_in_FMOD_Studio/FMOD_Bus_Structure.png
1739,DAPR-3345--Spatial_Audio_II/FMOD__Implementation_in_FMOD_Studio/FMOD_Timeline_vs_Parameter_Sheet.png,1,DAPR-3345--Spatial_Audio_II/FMOD__Implementation_in_FMOD_Studio/FMOD_Timeline_vs_Parameter_Sheet.png
1740,DAPR-3345--Spatial_Audio_II/FMOD__Implementation_in_FMOD_Studio/Implementation_Desk_Banner.jpg,1,DAPR-3345--Spatial_Audio_II/FMOD__Implementation_in_FMOD_Studio/Implementation_Desk_Banner.jpg
1741,DAPR-3345--Spatial_Audio_II/FMOD__Implementation_in_FMOD_Studio/Kart_Engine_Parameter.png,1,DAPR-3345--Spatial_Audio_II/FMOD__Implementation_in_FMOD_Studio/Kart_Engine_Parameter.png
1742,DAPR-3345--Spatial_Audio_II/FMOD__Implementation_in_FMOD_Studio/Parameter_Mapping.png,1,DAPR-3345--Spatial_Audio_II/FMOD__Implementation_in_FMOD_Studio/Parameter_Mapping.png
1743,DAPR-3345--Spatial_Audio_II/FMOD__Implementation_in_FMOD_Studio/Recording_the_Proof.png,0,
1744,DAPR-3345--Spatial_Audio_II/FMOD__Implementation_in_FMOD_Studio/Two_Paths_Choice.png,0,
1745,DAPR-3345--Spatial_Audio_II/FMOD__Implementation_in_FMOD_Studio/Workstation_Setup_Unboxing.png,0,
1746,DAPR-3345--Spatial_Audio_II/Final_Project__Interactive_Audio_Implementation_and_Final_Exam/Final_Project_Milestones.png,1,DAPR-3345--Spatial_Audio_II/Final_Project__Interactive_Audio_Implementation_and_Final_Exam/Final_Project_Milestones.png
1747,DAPR-3345--Spatial_Audio_II/Final_Project__Interactive_Audio_Implementation_and_Final_Exam/Player_at_Monitor_in_Lamplit_Room.jpg,1,DAPR-3345--Spatial_Audio_II/Final_Project__Interactive_Audio_Implementation_and_Final_Exam/Player_at_Monitor_in_Lamplit_Room.jpg
1748,DAPR-3345--Spatial_Audio_II/Final_Project__Interactive_Audio_Implementation_and_Final_Exam/Proposal_Planning_Table.png,1,DAPR-3345--Spatial_Audio_II/Final_Project__Interactive_Audio_Implementation_and_Final_Exam/Proposal_Planning_Table.png
1749,DAPR-3345--Spatial_Audio_II/Final_Project__Interactive_Audio_Implementation_and_Final_Exam/Study_Guide_Banner.jpg,1,DAPR-3345--Spatial_Audio_II/Final_Project__Interactive_Audio_Implementation_and_Final_Exam/Study_Guide_Banner.jpg
1750,DAPR-3345--Spatial_Audio_II/Final_Project__Interactive_Audio_Implementation_and_Final_Exam/Study_Guide_Banner_Alt.jpg,0,
1751,DAPR-3345--Spatial_Audio_II/Implementation__Level_Implementation_and_Engine_Scripting/Audio_Script_Lifecycle.png,1,DAPR-3345--Spatial_Audio_II/Implementation__Level_Implementation_and_Engine_Scripting/Audio_Script_Lifecycle.png
1752,DAPR-3345--Spatial_Audio_II/Implementation__Level_Implementation_and_Engine_Scripting/Code_Driving_Sound.png,1,DAPR-3345--Spatial_Audio_II/Implementation__Level_Implementation_and_Engine_Scripting/Code_Driving_Sound.png
1753,DAPR-3345--Spatial_Audio_II/Implementation__Level_Implementation_and_Engine_Scripting/Emitter_Trigger_Zone.jpg,1,DAPR-3345--Spatial_Audio_II/Implementation__Level_Implementation_and_Engine_Scripting/Emitter_Trigger_Zone.jpg
1754,DAPR-3345--Spatial_Audio_II/Implementation__Level_Implementation_and_Engine_Scripting/Emitter_Trigger_Zone_Alt.jpg,0,
1755,DAPR-3345--Spatial_Audio_II/Implementation__Level_Implementation_and_Engine_Scripting/Greybox_Object_Gizmo.png,1,DAPR-3345--Spatial_Audio_II/Implementation__Level_Implementation_and_Engine_Scripting/Greybox_Object_Gizmo.png
1756,DAPR-3345--Spatial_Audio_II/Implementation__Level_Implementation_and_Engine_Scripting/Level_Greybox_with_Emitters.png,1,DAPR-3345--Spatial_Audio_II/Implementation__Level_Implementation_and_Engine_Scripting/Level_Greybox_with_Emitters.png
1757,DAPR-3345--Spatial_Audio_II/Implementation__Level_Implementation_and_Engine_Scripting/Listener_Placement.jpg,1,DAPR-3345--Spatial_Audio_II/Implementation__Level_Implementation_and_Engine_Scripting/Listener_Placement.jpg
1758,DAPR-3345--Spatial_Audio_II/Implementation__Level_Implementation_and_Engine_Scripting/Listener_Placement_Alt.jpg,0,
1759,DAPR-3345--Spatial_Audio_II/Implementation__Level_Implementation_and_Engine_Scripting/Silent_Sound_Sequence.png,1,DAPR-3345--Spatial_Audio_II/Implementation__Level_Implementation_and_Engine_Scripting/Silent_Sound_Sequence.png
1760,DAPR-3345--Spatial_Audio_II/Instructor_Use_Only_(Hidden)/Uvu_Digital_Media_Logo.png,0,
1761,DAPR-3345--Spatial_Audio_II/Interactive_Audio__Foundations_of_Interactive_Spatial_Audio/Cone_of_Confusion.jpg,1,DAPR-3345--Spatial_Audio_II/Interactive_Audio__Foundations_of_Interactive_Spatial_Audio/Cone_of_Confusion.jpg
1762,DAPR-3345--Spatial_Audio_II/Interactive_Audio__Foundations_of_Interactive_Spatial_Audio/Cone_of_Confusion_Alt.jpg,0,
1763,DAPR-3345--Spatial_Audio_II/Interactive_Audio__Foundations_of_Interactive_Spatial_Audio/Linear_versus_Branching.jpg,1,DAPR-3345--Spatial_Audio_II/Interactive_Audio__Foundations_of_Interactive_Spatial_Audio/Linear_versus_Branching.jpg
1764,DAPR-3345--Spatial_Audio_II/Interactive_Audio__Foundations_of_Interactive_Spatial_Audio/Linear_versus_Branching_Alt.jpg,1,DAPR-3345--Spatial_Audio_II/Interactive_Audio__Foundations_of_Interactive_Spatial_Audio/Linear_versus_Branching_Alt.jpg
1765,DAPR-3345--Spatial_Audio_II/Interactive_Audio__Foundations_of_Interactive_Spatial_Audio/Obstruction_versus_Occlusion.jpg,1,DAPR-3345--Spatial_Audio_II/Interactive_Audio__Foundations_of_Interactive_Spatial_Audio/Obstruction_versus_Occlusion.jpg
1766,DAPR-3345--Spatial_Audio_II/Interactive_Audio__Foundations_of_Interactive_Spatial_Audio/Obstruction_versus_Occlusion_Alt.jpg,0,
1767,DAPR-3345--Spatial_Audio_II/Interactive_Audio__Foundations_of_Interactive_Spatial_Audio/Rooms_and_Portals.jpg,2,DAPR-3345--Spatial_Audio_II/Interactive_Audio__Foundations_of_Interactive_Spatial_Audio/Rooms_and_Portals.jpg;DAPR-3345--Spatial_Audio_II/Wwise__Implementation_and_Certification_in_Wwise/Rooms_and_Portals.jpg
1768,DAPR-3345--Spatial_Audio_II/Interactive_Audio__Foundations_of_Interactive_Spatial_Audio/Signal_Chain_Handoff.jpg,1,DAPR-3345--Spatial_Audio_II/Interactive_Audio__Foundations_of_Interactive_Spatial_Audio/Signal_Chain_Handoff.jpg
1769,DAPR-3345--Spatial_Audio_II/Interactive_Audio__Foundations_of_Interactive_Spatial_Audio/Signal_Chain_Handoff_Alt.jpg,1,DAPR-3345--Spatial_Audio_II/Interactive_Audio__Foundations_of_Interactive_Spatial_Audio/Signal_Chain_Handoff_Alt.jpg
1770,DAPR-3345--Spatial_Audio_II/Interactive_Audio__Foundations_of_Interactive_Spatial_Audio/Workstation_Banner.jpg,1,DAPR-3345--Spatial_Audio_II/Interactive_Audio__Foundations_of_Interactive_Spatial_Audio/Workstation_Banner.jpg
1771,DAPR-3345--Spatial_Audio_II/Interactive_Audio__Foundations_of_Interactive_Spatial_Audio/Workstation_Banner_Alt.jpg,0,
1772,DAPR-3345--Spatial_Audio_II/Interactive_Mix__The_Immersive_Interactive_Mix/Bus_Decisions.png,1,DAPR-3345--Spatial_Audio_II/Interactive_Mix__The_Immersive_Interactive_Mix/Bus_Decisions.png
1773,DAPR-3345--Spatial_Audio_II/Interactive_Mix__The_Immersive_Interactive_Mix/Controller_Position_Banner.jpg,1,DAPR-3345--Spatial_Audio_II/Interactive_Mix__The_Immersive_Interactive_Mix/Controller_Position_Banner.jpg
1774,DAPR-3345--Spatial_Audio_II/Interactive_Mix__The_Immersive_Interactive_Mix/Controller_Position_Banner_Alt.jpg,0,
1775,DAPR-3345--Spatial_Audio_II/Interactive_Mix__The_Immersive_Interactive_Mix/Ducking_Envelope.png,1,DAPR-3345--Spatial_Audio_II/Interactive_Mix__The_Immersive_Interactive_Mix/Ducking_Envelope.png
1776,DAPR-3345--Spatial_Audio_II/Interactive_Mix__The_Immersive_Interactive_Mix/Enter_Fast_Leave_Slow.png,1,DAPR-3345--Spatial_Audio_II/Interactive_Mix__The_Immersive_Interactive_Mix/Enter_Fast_Leave_Slow.png
1777,DAPR-3345--Spatial_Audio_II/Interactive_Mix__The_Immersive_Interactive_Mix/Loudness_Targets.png,1,DAPR-3345--Spatial_Audio_II/Interactive_Mix__The_Immersive_Interactive_Mix/Loudness_Targets.png
1778,DAPR-3345--Spatial_Audio_II/Spatial_Recording__Orchestral_Recording_and_Spatial_Mix/Angled_Stage_View_with_Boom_Array.jpg,1,DAPR-3345--Spatial_Audio_II/Spatial_Recording__Orchestral_Recording_and_Spatial_Mix/Angled_Stage_View_with_Boom_Array.jpg
1779,DAPR-3345--Spatial_Audio_II/Spatial_Recording__Orchestral_Recording_and_Spatial_Mix/Bed_and_Objects_7_1_2.png,1,DAPR-3345--Spatial_Audio_II/Spatial_Recording__Orchestral_Recording_and_Spatial_Mix/Bed_and_Objects_7_1_2.png
1780,DAPR-3345--Spatial_Audio_II/Spatial_Recording__Orchestral_Recording_and_Spatial_Mix/Compact_Selected_Clips.jpg,1,DAPR-3345--Spatial_Audio_II/Spatial_Recording__Orchestral_Recording_and_Spatial_Mix/Compact_Selected_Clips.jpg
1781,DAPR-3345--Spatial_Audio_II/Spatial_Recording__Orchestral_Recording_and_Spatial_Mix/Concert_Hall_Immersive_Dome.png,1,DAPR-3345--Spatial_Audio_II/Spatial_Recording__Orchestral_Recording_and_Spatial_Mix/Concert_Hall_Immersive_Dome.png
1782,DAPR-3345--Spatial_Audio_II/Spatial_Recording__Orchestral_Recording_and_Spatial_Mix/Concert_Hall_Stereo_Image.png,1,DAPR-3345--Spatial_Audio_II/Spatial_Recording__Orchestral_Recording_and_Spatial_Mix/Concert_Hall_Stereo_Image.png
1783,DAPR-3345--Spatial_Audio_II/Spatial_Recording__Orchestral_Recording_and_Spatial_Mix/Empty_Hall_Afterward.png,0,
1784,DAPR-3345--Spatial_Audio_II/Variation__Nonrepetitive_Design_Strategies/Layered_Recombination.jpg,1,DAPR-3345--Spatial_Audio_II/Variation__Nonrepetitive_Design_Strategies/Layered_Recombination.jpg
1785,DAPR-3345--Spatial_Audio_II/Variation__Nonrepetitive_Design_Strategies/Layered_Recombination_Alt.jpg,0,
1786,DAPR-3345--Spatial_Audio_II/Variation__Nonrepetitive_Design_Strategies/Randomization_Dimensions_Banner.jpg,1,DAPR-3345--Spatial_Audio_II/Variation__Nonrepetitive_Design_Strategies/Randomization_Dimensions_Banner.jpg
1787,DAPR-3345--Spatial_Audio_II/Variation__Nonrepetitive_Design_Strategies/Start_Point_Randomization.png,1,DAPR-3345--Spatial_Audio_II/Variation__Nonrepetitive_Design_Strategies/Start_Point_Randomization.png
1788,DAPR-3345--Spatial_Audio_II/Variation__Nonrepetitive_Design_Strategies/Variation_by_Frequency.png,1,DAPR-3345--Spatial_Audio_II/Variation__Nonrepetitive_Design_Strategies/Variation_by_Frequency.png
1789,DAPR-3345--Spatial_Audio_II/Voice_Budget__Sound_Prioritization_and_Voice_Budgets/Crowded_Scene_Banner.jpg,1,DAPR-3345--Spatial_Audio_II/Voice_Budget__Sound_Prioritization_and_Voice_Budgets/Crowded_Scene_Banner.jpg
1790,DAPR-3345--Spatial_Audio_II/Voice_Budget__Sound_Prioritization_and_Voice_Budgets/Crowded_Scene_Banner_Alt.jpg,1,DAPR-3345--Spatial_Audio_II/Voice_Budget__Sound_Prioritization_and_Voice_Budgets/Crowded_Scene_Banner_Alt.jpg
1791,DAPR-3345--Spatial_Audio_II/Voice_Budget__Sound_Prioritization_and_Voice_Budgets/Memory_Processor_Tradeoff.png,1,DAPR-3345--Spatial_Audio_II/Voice_Budget__Sound_Prioritization_and_Voice_Budgets/Memory_Processor_Tradeoff.png
1792,DAPR-3345--Spatial_Audio_II/Voice_Budget__Sound_Prioritization_and_Voice_Budgets/Model_City_Priority_Spotlights.png,0,
1793,DAPR-3345--Spatial_Audio_II/Voice_Budget__Sound_Prioritization_and_Voice_Budgets/Virtual_Voices.jpg,1,DAPR-3345--Spatial_Audio_II/Voice_Budget__Sound_Prioritization_and_Voice_Budgets/Virtual_Voices.jpg
1794,DAPR-3345--Spatial_Audio_II/Voice_Budget__Sound_Prioritization_and_Voice_Budgets/Virtual_Voices_Alt.jpg,0,
1795,DAPR-3345--Spatial_Audio_II/Voice_Budget__Sound_Prioritization_and_Voice_Budgets/Voice_Budget_Allocation.png,1,DAPR-3345--Spatial_Audio_II/Voice_Budget__Sound_Prioritization_and_Voice_Budgets/Voice_Budget_Allocation.png
1796,DAPR-3345--Spatial_Audio_II/Wwise__Implementation_and_Certification_in_Wwise/Compress_Many_into_Few.png,1,DAPR-3345--Spatial_Audio_II/Wwise__Implementation_and_Certification_in_Wwise/Compress_Many_into_Few.png
1797,DAPR-3345--Spatial_Audio_II/Wwise__Implementation_and_Certification_in_Wwise/Middleware_Desk_Banner.jpg,1,DAPR-3345--Spatial_Audio_II/Wwise__Implementation_and_Certification_in_Wwise/Middleware_Desk_Banner.jpg
1798,DAPR-3345--Spatial_Audio_II/Wwise__Implementation_and_Certification_in_Wwise/Music_Segments_on_Rails.png,1,DAPR-3345--Spatial_Audio_II/Wwise__Implementation_and_Certification_in_Wwise/Music_Segments_on_Rails.png
1799,DAPR-3345--Spatial_Audio_II/Wwise__Implementation_and_Certification_in_Wwise/Nested_Containers.png,1,DAPR-3345--Spatial_Audio_II/Wwise__Implementation_and_Certification_in_Wwise/Nested_Containers.png
1800,DAPR-3345--Spatial_Audio_II/Wwise__Implementation_and_Certification_in_Wwise/Rooms_and_Portals_Alt.jpg,0,
1801,DAPR-3345--Spatial_Audio_II/Wwise__Implementation_and_Certification_in_Wwise/Submission_Archive_Box.png,1,DAPR-3345--Spatial_Audio_II/Wwise__Implementation_and_Certification_in_Wwise/Submission_Archive_Box.png
1802,DAPR-3345--Spatial_Audio_II/Wwise__Implementation_and_Certification_in_Wwise/Wwise_Three_Hierarchies.png,1,DAPR-3345--Spatial_Audio_II/Wwise__Implementation_and_Certification_in_Wwise/Wwise_Three_Hierarchies.png
1803,DAPR-3345--Spatial_Audio_II/_unused/Final_Project/Player_at_Monitor_in_Dark_Room.jpg,0,
1804,DAPR-3345--Spatial_Audio_II/_unused/Spatial_Recording/Frontal_Stage_View_with_Microphone_Tree.jpg,0,
