id,path,w,h,kb,top8,dups
0,All/Bonus__Assignments/5-Pin_DIN_Female_to_Female_MIDI_Barrel.png,1024,1024,620,0.8,0
1,All/Bonus__Assignments/MIDI_to_XLR_Pinout.png,1600,853,123,0.95,0
2,All/Bonus__Assignments/MIDI_to_XLR_Pinout_Cable_Test.jpg,2048,922,205,0.315,0
3,All/Bonus__Assignments/SRI_Survey_Window.png,1600,900,64,0.982,0
4,All/Bonus__Assignments/Talkback_Box_-_Empty.png,2010,1169,1404,0.824,0
5,All/Bonus__Assignments/Talkback_Box_-_Wiring.png,2010,1169,1893,0.783,0
6,All/CS_623a_BOAA_Lab/Annotated_Audio_Interface_Front_Panel.png,1600,928,486,0.842,0
7,All/CS_623a_BOAA_Lab/Avid_Diagnostic_Data_Consent_Prompt.png,1600,900,918,0.188,0
8,All/CS_623a_BOAA_Lab/BOAA_Input_Signal_Path.png,1600,900,81,0.964,0
9,All/CS_623a_BOAA_Lab/Boaa_Lab_Welcome_Banner.png,1600,686,619,0.445,0
10,All/CS_623a_BOAA_Lab/Dashboard_Interleaved_Option_Tooltip.png,1600,900,700,0.346,0
11,All/CS_623a_BOAA_Lab/Dashboard_New_Session_Configuration_Panel.png,1600,900,700,0.349,0
12,All/CS_623a_BOAA_Lab/Dashboard_New_Session_Location_Menu.png,1600,900,702,0.344,0
13,All/CS_623a_BOAA_Lab/Dolby_Atmos_Template_List_Expanded.png,1600,900,639,0.365,0
14,All/CS_623a_BOAA_Lab/Empty_Desktop_Finder_Window.png,1600,900,763,0.255,0
15,All/CS_623a_BOAA_Lab/Empty_Edit_Window_Single_Track.png,1600,900,323,0.829,0
16,All/CS_623a_BOAA_Lab/Finder_Menu_Settings_Highlighted.png,1600,900,744,0.256,0
17,All/CS_623a_BOAA_Lab/Finder_Settings_General_Pane.png,1600,900,711,0.314,0
18,All/CS_623a_BOAA_Lab/Finder_Settings_General_Pane_Open.png,1600,900,705,0.315,0
19,All/CS_623a_BOAA_Lab/Finder_Settings_Sidebar_Preferences.png,1600,900,640,0.322,0
20,All/CS_623a_BOAA_Lab/Finder_Step_1.jpg,963,867,105,0.5,0
21,All/CS_623a_BOAA_Lab/Finder_Step_10.jpg,1131,955,227,0.348,0
22,All/CS_623a_BOAA_Lab/Finder_Step_11.jpg,1131,955,186,0.353,0
23,All/CS_623a_BOAA_Lab/Finder_Step_12.jpg,1131,955,174,0.386,0
24,All/CS_623a_BOAA_Lab/Finder_Step_2.jpg,1351,1007,227,0.314,0
25,All/CS_623a_BOAA_Lab/Finder_Step_3.jpg,1363,867,175,0.448,0
26,All/CS_623a_BOAA_Lab/Finder_Step_4.jpg,1500,950,232,0.372,0
27,All/CS_623a_BOAA_Lab/Finder_Step_5.jpg,1500,950,221,0.4,0
28,All/CS_623a_BOAA_Lab/Finder_Step_8.jpg,1131,955,177,0.375,0
29,All/CS_623a_BOAA_Lab/Finder_Step_9.jpg,1131,955,177,0.373,0
30,All/CS_623a_BOAA_Lab/Finder_Window_Showing_New_Folder.png,1600,900,765,0.249,0
31,All/CS_623a_BOAA_Lab/Finder_Window_With_Session_Template_File.png,1600,900,768,0.254,0
32,All/CS_623a_BOAA_Lab/Interface_and_Headphone_Amp_Routing_Diagram.png,1600,1248,641,0.835,0
33,All/CS_623a_BOAA_Lab/Local_Network_Permission_Dialog.png,1600,900,859,0.175,0
34,All/CS_623a_BOAA_Lab/Mac_Desktop_With_Dock_and_Notification.png,1600,900,970,0.164,0
35,All/CS_623a_BOAA_Lab/Macintosh_HD_Opened_in_Finder.png,1600,900,1951,0.231,0
36,All/CS_623a_BOAA_Lab/Macintosh_HD_Root_Folders_in_Finder.png,1600,900,762,0.253,0
37,All/CS_623a_BOAA_Lab/Microphone_Access_Alert_at_Startup.png,1600,900,850,0.195,0
38,All/CS_623a_BOAA_Lab/Microphone_Access_Permission_Dialog.png,1600,900,853,0.18,0
39,All/CS_623a_BOAA_Lab/New_Session_Dashboard_Settings.png,1600,900,700,0.347,0
40,All/CS_623a_BOAA_Lab/Path_Selector_Search_Bus.png,794,582,95,0.878,0
41,All/CS_623a_BOAA_Lab/Peripherals_MIDI_Controllers_Predefined_Menu.png,1600,900,386,0.825,0
42,All/CS_623a_BOAA_Lab/Playback_Engine_Device_List.png,1600,900,852,0.196,0
43,All/CS_623a_BOAA_Lab/Playback_Engine_Set_to_Aggregate_I-O.png,1600,900,843,0.205,0
44,All/CS_623a_BOAA_Lab/Playback_Engine_Set_to_Volt_Interface.png,1600,900,846,0.2,0
45,All/CS_623a_BOAA_Lab/Pro_Tools_Splash_With_Microphone_Alert.png,1600,900,851,0.196,0
46,All/CS_623a_BOAA_Lab/Prompt_to_Select_Playback_Engine_Device.png,1600,900,854,0.198,0
47,All/CS_623a_BOAA_Lab/Room_Layout.png,1600,900,432,0.97,0
48,All/CS_623a_BOAA_Lab/Save_New_Session_As_Dialog.png,1600,900,780,0.253,0
49,All/CS_623a_BOAA_Lab/Send_Assign_Menu_Bus_or_Track.png,835,838,170,0.811,0
50,All/CS_623a_BOAA_Lab/Session_Dashboard_With_Welcome_Popup.png,1600,900,675,0.36,0
51,All/CS_623a_BOAA_Lab/Setup_Menu_Open_in_Edit_Window.png,1600,900,378,0.782,0
52,All/CS_623a_BOAA_Lab/Shared_Folder_With_Lab_Files.png,1600,900,768,0.244,0
53,All/CS_623a_BOAA_Lab/Shared_Template_File_in_Finder.png,1600,900,768,0.255,0
54,All/CS_623a_BOAA_Lab/Step_01_Pro_Tools_Launch.jpg,1303,975,282,0.135,0
55,All/CS_623a_BOAA_Lab/Step_01_Setup.jpg,1500,878,111,0.812,0
56,All/CS_623a_BOAA_Lab/Step_02_Pro_Tools_Hardware_Select.jpg,1243,863,202,0.26,0
57,All/CS_623a_BOAA_Lab/Step_03_Pro_Tools_First_Warning.jpg,939,503,77,0.532,0
58,All/CS_623a_BOAA_Lab/Step_04_Pro_Tools_Mic_Select_OK.jpg,939,503,75,0.446,0
59,All/CS_623a_BOAA_Lab/Step_05_Pro_Tools_Allow.jpg,939,503,77,0.445,0
60,All/CS_623a_BOAA_Lab/Step_06_Pro_Tools_Playback_Engine.jpg,939,503,75,0.532,0
61,All/CS_623a_BOAA_Lab/Step_07_Pro_Tools_Playback_Dialog_Box.jpg,939,503,67,0.576,0
62,All/CS_623a_BOAA_Lab/Step_08_Pro_Tools_Dropdown_Volt_4.jpg,939,503,77,0.512,0
63,All/CS_623a_BOAA_Lab/Step_09_All_Set.jpg,1500,878,103,0.876,0
64,All/CS_623a_BOAA_Lab/Step_09_Pro_Tools_Volt_OK.jpg,939,503,67,0.577,0
65,All/CS_623a_BOAA_Lab/Step_10_Pro_Tools_Usage_Click_No.jpg,1303,495,139,0.286,0
66,All/CS_623a_BOAA_Lab/Step_11_Pro_Tools_Dashboard.jpg,1099,879,123,0.64,0
67,All/CS_623a_BOAA_Lab/Step_12_Pro_Tools_Rename_Session.jpg,1303,879,171,0.526,0
68,All/CS_623a_BOAA_Lab/Step_13_Pro_Tools_Storage_Select.jpg,1303,879,173,0.522,0
69,All/CS_623a_BOAA_Lab/Step_14_Pro_Tools_Engine_Selections.jpg,1303,879,169,0.528,0
70,All/CS_623a_BOAA_Lab/Step_15_Pro_Tools_Template_Selection.jpg,1303,907,187,0.511,0
71,All/CS_623a_BOAA_Lab/Step_16_Pro_Tools_Open_Session.jpg,1419,907,196,0.503,0
72,All/CS_623a_BOAA_Lab/Step_17_Pro_Tools_Navigate_to_Shared_Documents.jpg,1227,867,152,0.396,0
73,All/CS_623a_BOAA_Lab/Step_18_Pro_Tools_Navigate_to_Saved_Template.jpg,1059,523,53,0.685,0
74,All/CS_623a_BOAA_Lab/Step_19_Pro_Tools_Save_Session_as.jpg,1051,523,62,0.675,0
75,All/CS_623a_BOAA_Lab/Step_20_New_Session.jpg,1500,878,109,0.865,0
76,All/CS_623a_BOAA_Lab/Users_Folder_With_Shared_Selected.png,1600,900,1633,0.24,0
77,All/DAPR_Introduce_Yourself/Canvas_Reply_Toolbar.png,901,583,122,0.969,0
78,All/DAPR_Introduce_Yourself/Canvas_Upload_Dialog.png,1280,867,285,0.903,0
79,All/DAPR_Introduce_Yourself/Example_Headshot.jpg,800,800,84,0.276,0
80,All/DAPR_Introduce_Yourself/Preview_Adjust_Size.png,414,415,61,0.917,0
81,All/DAPR_Introduce_Yourself/Preview_Export_JPEG.png,318,120,15,0.923,0
82,All/DAPR_Monitor/AKG_K240_Studio.jpg,801,1200,127,0.144,0
83,All/DAPR_Monitor/Adam_Audio_T5V.png,1500,1000,870,0.912,0
84,All/DAPR_Monitor/Audio_Technica_ATH_M50x.png,600,600,67,0.853,0
85,All/DAPR_Monitor/Audio_Technica_ATH_R30x.png,1600,1600,1130,0.906,0
86,All/DAPR_Monitor/Avantone_MixCube.jpg,620,630,74,0.335,0
87,All/DAPR_Monitor/Beyerdynamic_DT_770_Pro.png,1200,1200,504,0.875,0
88,All/DAPR_Monitor/Beyerdynamic_DT_880_Pro.png,1200,1200,206,0.838,0
89,All/DAPR_Monitor/Focal_Alpha_65_Evo.jpg,586,586,33,0.667,0
90,All/DAPR_Monitor/Genelec_8010A.jpg,800,800,48,0.91,0
91,All/DAPR_Monitor/JBL_305P_MkII.png,1600,1600,993,0.748,0
92,All/DAPR_Monitor/KRK_Rokit_5_G4.jpg,2000,2000,342,0.621,0
93,All/DAPR_Monitor/Neumann_KH_120_II.jpg,395,630,61,0.383,0
94,All/DAPR_Monitor/Philips_SHP9500.png,967,1600,1722,0.655,0
95,All/DAPR_Monitor/PreSonus_Eris_E3.5.jpg,1600,1140,341,0.452,0
96,All/DAPR_Monitor/Sennheiser_HD_280_Pro.png,1200,1411,426,0.941,0
97,All/DAPR_Monitor/Sennheiser_HD_490_Pro.jpg,770,1600,193,0.826,0
98,All/DAPR_Monitor/Sennheiser_HD_560S.jpg,1024,1024,62,0.911,0
99,All/DAPR_Monitor/Shure_SRH840A.jpg,367,630,35,0.729,0
100,All/DAPR_Monitor/Sony_MDR_7506.jpg,3000,2000,333,0.761,0
101,All/DAPR_Monitor/Yamaha_HS5.jpg,424,630,29,0.759,0
102,All/DAPR_Monitor/Yamaha_HS8.jpg,438,630,31,0.706,0
103,All/DAW_Session_Structure/Color_Palette.jpg,1098,238,48,0.55,0
104,All/DAW_Session_Structure/Color_Palette_Numbered.png,2172,724,1033,0.63,0
105,All/DAW_Session_Structure/Folder_Hierarchy_and_Naming.png,1024,1024,339,0.872,0
106,All/DAW_Session_Structure/_unused/Gemini_Generated_Image_m5gb3gm5gb3gm5gb.png,2224,480,1433,0.481,0
107,All/Pro_Tools_Cleanup/After.jpg,900,421,81,0.257,0
108,All/Pro_Tools_Cleanup/Before.jpg,900,403,83,0.172,0
109,All/Pro_Tools_Cleanup/Bounce_Mix.jpg,420,537,28,0.862,0
110,All/Pro_Tools_Cleanup/Cleaned_Folder.jpg,304,188,8,0.818,0
111,All/Pro_Tools_Cleanup/Compact_Dialog.jpg,460,374,35,0.853,0
112,All/Pro_Tools_Cleanup/Compact_Menu.jpg,255,462,20,0.736,0
113,All/Pro_Tools_Cleanup/Folder_Open.jpg,330,324,13,0.732,0
114,All/Pro_Tools_Cleanup/Press_Yes.jpg,400,154,11,0.746,0
115,All/Pro_Tools_Cleanup/Right_Click_Compress.jpg,488,457,23,0.735,0
116,All/Pro_Tools_Cleanup/Save_Copy_in_Dialog.jpg,500,470,28,0.86,0
117,All/Pro_Tools_Cleanup/Save_Copy_in_Menu.jpg,392,561,29,0.485,0
118,All/Pro_Tools_Cleanup/Select_Delete.jpg,497,162,14,0.743,0
119,All/Pro_Tools_Cleanup/Select_Unused.jpg,900,369,59,0.382,0
120,All/Pro_Tools_Cleanup/Session_Folder.jpg,237,286,9,0.712,0
121,All/Student_Essentials/Assignment_Page_Icon_Map.png,1600,900,130,0.958,0
122,All/Student_Essentials/Attendance_and_Late_Work_Chart.png,1600,900,70,0.987,0
123,All/Student_Essentials/Canvas_Layout_Map.png,1600,900,84,0.963,0
124,All/Student_Essentials/Contacting_Your_Instructor.png,1600,900,91,0.972,0
125,All/Student_Essentials/Credit_Hour_Rule.png,1600,900,48,0.997,0
126,All/Student_Essentials/Feedback_Loop.png,1600,900,75,0.979,0
127,All/Student_Essentials/SI_Prefix_Ladder.png,1600,900,107,0.979,0
128,All/Student_Essentials/Screenshots_to_PDF_Workflow.png,1600,900,75,0.974,0
129,All/Student_Essentials/Weekly_Planning_Desk.png,1600,900,524,0.146,0
130,All/Student_Essentials/Where_to_Get_Help.png,1600,900,88,0.982,0
131,All/Time_Expectations/_unused/time-expectations-credit-hour-rule-01.png,1600,900,342,0.969,0
132,DAPR-2000--Digital_Audio_Essentials/Auxiliary_Resources/Reference_Downloads.png,1672,941,1944,0.193,0
133,DAPR-2000--Digital_Audio_Essentials/Careers__Audio_Careers/Game_Audio_Pipeline.png,1600,900,370,0.956,0
134,DAPR-2000--Digital_Audio_Essentials/Careers__Audio_Careers/Live_Sound_Roles.png,1600,900,547,0.93,0
135,DAPR-2000--Digital_Audio_Essentials/Careers__Audio_Careers/Music_Production_Roles.png,1600,900,326,0.963,0
136,DAPR-2000--Digital_Audio_Essentials/Careers__Audio_Careers/Pathway_Map.png,1600,900,625,0.945,0
137,DAPR-2000--Digital_Audio_Essentials/Careers__Audio_Careers/Post_Production_Roles.png,1600,900,557,0.952,0
138,DAPR-2000--Digital_Audio_Essentials/Course_Info/MAC_Disk_Utility_Erase_Button.png,114,120,16,0.912,0
139,DAPR-2000--Digital_Audio_Essentials/Course_Info/MAC_Disk_Utility_Erase_Menu.png,790,268,99,0.737,0
140,DAPR-2000--Digital_Audio_Essentials/Course_Info/MAC_Disk_Utility_Show_All_Devices.png,1062,486,258,0.711,0
141,DAPR-2000--Digital_Audio_Essentials/Course_Info/MAC_Erase_Exfat.png,1050,810,254,0.886,0
142,DAPR-2000--Digital_Audio_Essentials/Course_Orientation/Course_Card.png,860,860,894,0.385,0
143,DAPR-2000--Digital_Audio_Essentials/Course_Orientation/Course_Requirements.png,1672,941,1979,0.437,0
144,DAPR-2000--Digital_Audio_Essentials/Course_Orientation/Prerequisites_Banner.png,1672,941,1734,0.487,0
145,DAPR-2000--Digital_Audio_Essentials/Course_Orientation/Roll_Call_Check_In.png,1672,941,2354,0.265,0
146,DAPR-2000--Digital_Audio_Essentials/Course_Orientation/Syllabus_Banner.png,1672,941,1643,0.09,0
147,DAPR-2000--Digital_Audio_Essentials/Course_Orientation/Term_Timeline.png,1600,900,112,0.966,0
148,DAPR-2000--Digital_Audio_Essentials/DAPR_2000__Final_Exam/Final_Topic_Map.png,1600,900,701,0.955,0
149,DAPR-2000--Digital_Audio_Essentials/DAW__EQ_and_Dynamics/Api_560_Graphic_EQ.png,468,138,98,0.739,0
150,DAPR-2000--Digital_Audio_Essentials/DAW__EQ_and_Dynamics/Bell_EQ_or_Parametric_EQ_Gain.png,680,492,135,0.691,0
151,DAPR-2000--Digital_Audio_Essentials/DAW__EQ_and_Dynamics/Bell_EQ_or_Parametric_EQ_Plus_Gain.png,679,492,135,0.683,0
152,DAPR-2000--Digital_Audio_Essentials/DAW__EQ_and_Dynamics/Compressor_Transfer_Curve.jpg,1672,941,163,0.962,0
153,DAPR-2000--Digital_Audio_Essentials/DAW__EQ_and_Dynamics/EQ_Filter_Slopes.png,1600,909,91,0.984,0
154,DAPR-2000--Digital_Audio_Essentials/DAW__EQ_and_Dynamics/EQ_High_Pass_Slopes.jpg,1672,941,200,0.949,0
155,DAPR-2000--Digital_Audio_Essentials/DAW__EQ_and_Dynamics/EQ_Low_Pass_Slopes.jpg,1672,941,181,0.956,0
156,DAPR-2000--Digital_Audio_Essentials/DAW__EQ_and_Dynamics/EQ_Shelf_vs_Bell.jpg,1672,941,193,0.938,0
157,DAPR-2000--Digital_Audio_Essentials/DAW__EQ_and_Dynamics/Edit_Tools_Grabber.png,299,91,16,0.914,1
158,DAPR-2000--Digital_Audio_Essentials/DAW__EQ_and_Dynamics/Edit_Tools_Pencil.png,299,91,16,0.914,1
159,DAPR-2000--Digital_Audio_Essentials/DAW__EQ_and_Dynamics/Edit_Tools_Scrubber.png,299,91,16,0.914,1
160,DAPR-2000--Digital_Audio_Essentials/DAW__EQ_and_Dynamics/Edit_Tools_Selector.png,299,91,16,0.914,1
161,DAPR-2000--Digital_Audio_Essentials/DAW__EQ_and_Dynamics/Edit_Tools_Smart_Tool.png,299,91,16,0.912,1
162,DAPR-2000--Digital_Audio_Essentials/DAW__EQ_and_Dynamics/Edit_Tools_Trim.png,299,91,16,0.914,1
163,DAPR-2000--Digital_Audio_Essentials/DAW__EQ_and_Dynamics/Edit_Tools_Zoomer.png,299,91,16,0.914,1
164,DAPR-2000--Digital_Audio_Essentials/DAW__EQ_and_Dynamics/Filter_Curve_1.png,411,124,11,0.976,0
165,DAPR-2000--Digital_Audio_Essentials/DAW__EQ_and_Dynamics/Filter_Curve_2.png,414,127,10,0.98,0
166,DAPR-2000--Digital_Audio_Essentials/DAW__EQ_and_Dynamics/Filter_Curve_3.png,414,134,11,0.979,0
167,DAPR-2000--Digital_Audio_Essentials/DAW__EQ_and_Dynamics/Filter_Curve_4.png,413,144,9,0.982,0
168,DAPR-2000--Digital_Audio_Essentials/DAW__EQ_and_Dynamics/Filter_Curve_5.png,428,132,9,0.976,0
169,DAPR-2000--Digital_Audio_Essentials/DAW__EQ_and_Dynamics/Filter_Curve_6.png,421,144,9,0.984,0
170,DAPR-2000--Digital_Audio_Essentials/DAW__EQ_and_Dynamics/Frequency_Chart.png,398,208,18,0.913,0
171,DAPR-2000--Digital_Audio_Essentials/DAW__EQ_and_Dynamics/Gml_8200_Parametric_EQ.png,1713,313,888,0.565,0
172,DAPR-2000--Digital_Audio_Essentials/DAW__EQ_and_Dynamics/High_Pass_Filter.png,677,490,133,0.681,0
173,DAPR-2000--Digital_Audio_Essentials/DAW__EQ_and_Dynamics/High_Shelving_EQ_Gain.png,680,490,135,0.695,0
174,DAPR-2000--Digital_Audio_Essentials/DAW__EQ_and_Dynamics/High_Shelving_EQ_Plus_Gain.png,682,494,137,0.677,0
175,DAPR-2000--Digital_Audio_Essentials/DAW__EQ_and_Dynamics/Low_Pass_Filter.png,675,488,128,0.684,0
176,DAPR-2000--Digital_Audio_Essentials/DAW__EQ_and_Dynamics/Low_Shelving_EQ_Gain.png,681,493,133,0.682,0
177,DAPR-2000--Digital_Audio_Essentials/DAW__EQ_and_Dynamics/Low_Shelving_EQ_Plus_Gain.png,674,491,130,0.68,0
178,DAPR-2000--Digital_Audio_Essentials/DAW__EQ_and_Dynamics/Maag_Eq4_Air_Band.png,1904,488,1075,0.238,0
179,DAPR-2000--Digital_Audio_Essentials/DAW__EQ_and_Dynamics/Module_Banner.png,1600,500,132,0.979,0
180,DAPR-2000--Digital_Audio_Essentials/DAW__EQ_and_Dynamics/Pro_Tools_Blank_Edit_Window.png,3437,1353,275,0.956,0
181,DAPR-2000--Digital_Audio_Essentials/DAW__EQ_and_Dynamics/Pro_Tools_Blank_Mix_Window.png,3434,1347,214,0.985,1
182,DAPR-2000--Digital_Audio_Essentials/DAW__EQ_and_Dynamics/Pro_Tools_Dashboard_Key.png,574,605,58,0.92,0
183,DAPR-2000--Digital_Audio_Essentials/DAW__EQ_and_Dynamics/Pro_Tools_Dashboard_Key_Blank.png,574,605,59,0.925,0
184,DAPR-2000--Digital_Audio_Essentials/DAW__EQ_and_Dynamics/Pro_Tools_Fader_and_Meters.png,76,267,26,0.814,1
185,DAPR-2000--Digital_Audio_Essentials/DAW__EQ_and_Dynamics/Pro_Tools_I-O.png,76,56,6,0.806,0
186,DAPR-2000--Digital_Audio_Essentials/DAW__EQ_and_Dynamics/Pro_Tools_Inserts.png,73,107,7,0.963,0
187,DAPR-2000--Digital_Audio_Essentials/DAW__EQ_and_Dynamics/Pro_Tools_Panner.png,75,124,9,0.754,0
188,DAPR-2000--Digital_Audio_Essentials/DAW__EQ_and_Dynamics/Pro_Tools_Splash_Screen.png,982,512,194,0.831,0
189,DAPR-2000--Digital_Audio_Essentials/DAW__EQ_and_Dynamics/Pro_Tools_Track_with_Clip.png,555,222,64,0.671,0
190,DAPR-2000--Digital_Audio_Essentials/DAW__EQ_and_Dynamics/Pro_Tools_Track_with_Clip_Labeled.png,555,222,80,0.61,0
191,DAPR-2000--Digital_Audio_Essentials/DAW__EQ_and_Dynamics/Pro_Tools_Transport_Controls.png,158,90,11,0.961,0
192,DAPR-2000--Digital_Audio_Essentials/DAW__EQ_and_Dynamics/The_Anatomy_of_a_Compressor.png,3750,3300,330,0.879,1
193,DAPR-2000--Digital_Audio_Essentials/DAW__EQ_and_Dynamics/Track_State_Input_Monitor_Highlighted.png,75,124,10,0.761,0
194,DAPR-2000--Digital_Audio_Essentials/DAW__EQ_and_Dynamics/Track_State_Mute_Highlighted.png,75,124,10,0.761,0
195,DAPR-2000--Digital_Audio_Essentials/DAW__Your_First_Mix/Drum_Routing_Example.png,4650,3150,1622,0.748,0
196,DAPR-2000--Digital_Audio_Essentials/DAW__Your_First_Mix/Pro_Tools_Hard_Panned_Channel.png,81,595,19,0.782,1
197,DAPR-2000--Digital_Audio_Essentials/DAW__Your_First_Mix/Sends_Aux_and_Effects.png,2850,2250,923,0.73,1
198,DAPR-2000--Digital_Audio_Essentials/DAW__Your_First_Mix/Three_Checks.png,1600,900,81,0.991,0
199,DAPR-2000--Digital_Audio_Essentials/Digital_Audio__The_Digital_Domain/Bit_Depth_Ladder.png,1600,900,461,0.964,0
200,DAPR-2000--Digital_Audio_Essentials/Digital_Audio__The_Digital_Domain/Bit_Depth_Quantization.jpg,1672,941,260,0.912,0
201,DAPR-2000--Digital_Audio_Essentials/Digital_Audio__The_Digital_Domain/Digital_Audio_Distractor.png,352,143,3,0.981,0
202,DAPR-2000--Digital_Audio_Essentials/Digital_Audio__The_Digital_Domain/Module_Banner.png,1600,500,136,0.982,0
203,DAPR-2000--Digital_Audio_Essentials/Digital_Audio__The_Digital_Domain/Phase_Offset_Distractor.png,1600,900,228,0.987,0
204,DAPR-2000--Digital_Audio_Essentials/Digital_Audio__The_Digital_Domain/Sampled_Waveform_Distractor.png,1600,900,297,0.972,0
205,DAPR-2000--Digital_Audio_Essentials/Digital_Audio__The_Digital_Domain/Sampling_Nyquist.jpg,1672,941,308,0.905,0
206,DAPR-2000--Digital_Audio_Essentials/Digital_Audio__The_Digital_Domain/Sampling_Quantization.png,1600,900,323,0.966,0
207,DAPR-2000--Digital_Audio_Essentials/Instructor_Use_Only_(Hidden)/Uvu_Digital_Media_Logo.png,800,151,18,0.981,1
208,DAPR-2000--Digital_Audio_Essentials/Microphones__Characteristics_Selection_and_Stereo_Techniques/Cardioid_Polar_Chart.png,1600,1600,1184,0.945,0
209,DAPR-2000--Digital_Audio_Essentials/Microphones__Characteristics_Selection_and_Stereo_Techniques/Channel_Strip_with_Centered_Pan_Knobs.png,81,633,19,0.781,0
210,DAPR-2000--Digital_Audio_Essentials/Microphones__Characteristics_Selection_and_Stereo_Techniques/Figure_Eight_Polar_Pattern.jpg,1024,780,73,0.494,0
211,DAPR-2000--Digital_Audio_Essentials/Microphones__Characteristics_Selection_and_Stereo_Techniques/Hypercardioid.png,1669,1669,197,0.989,0
212,DAPR-2000--Digital_Audio_Essentials/Microphones__Characteristics_Selection_and_Stereo_Techniques/Mic_Pattern_Polar_Chart_Cardioid_Labeled.png,1362,1208,257,0.974,0
213,DAPR-2000--Digital_Audio_Essentials/Microphones__Characteristics_Selection_and_Stereo_Techniques/Module_Banner.png,1600,500,69,0.983,0
214,DAPR-2000--Digital_Audio_Essentials/Microphones__Characteristics_Selection_and_Stereo_Techniques/Polar_Chart_Supercardioid_Labeled.png,1000,528,223,0.947,0
215,DAPR-2000--Digital_Audio_Essentials/Microphones__Characteristics_Selection_and_Stereo_Techniques/Polar_Pattern.jpg,1600,1600,380,0.58,0
216,DAPR-2000--Digital_Audio_Essentials/Microphones__Characteristics_Selection_and_Stereo_Techniques/Polar_Pattern_Alt.jpg,1600,1600,355,0.756,0
217,DAPR-2000--Digital_Audio_Essentials/Microphones__Characteristics_Selection_and_Stereo_Techniques/Polar_Pattern_Cardioid_SVG.png,1024,1024,114,0.981,0
218,DAPR-2000--Digital_Audio_Essentials/Microphones__Characteristics_Selection_and_Stereo_Techniques/Polar_Pattern_Supercardioid.png,1600,1600,1070,0.968,0
219,DAPR-2000--Digital_Audio_Essentials/Microphones__Characteristics_Selection_and_Stereo_Techniques/Polar_Patterns.jpg,1672,941,232,0.91,0
220,DAPR-2000--Digital_Audio_Essentials/Microphones__Characteristics_Selection_and_Stereo_Techniques/Polar_Patterns_Chart.png,1600,900,150,0.978,0
221,DAPR-2000--Digital_Audio_Essentials/Microphones__Characteristics_Selection_and_Stereo_Techniques/Polarpatterncomparison.jpg,760,400,43,0.918,0
222,DAPR-2000--Digital_Audio_Essentials/Microphones__Characteristics_Selection_and_Stereo_Techniques/Stereo_Mic_Techniques.jpg,1672,941,319,0.796,0
223,DAPR-2000--Digital_Audio_Essentials/Microphones__Characteristics_Selection_and_Stereo_Techniques/Stereo_Recording_Techniques_Graphic4.jpg,770,400,30,0.984,0
224,DAPR-2000--Digital_Audio_Essentials/Microphones__Characteristics_Selection_and_Stereo_Techniques/Xy_Coincident_Pair.jpg,800,416,28,0.983,0
225,DAPR-2000--Digital_Audio_Essentials/Mixing__Mixing_and_Mastering/Automation_Timeline.png,1600,900,483,0.973,0
226,DAPR-2000--Digital_Audio_Essentials/Mixing__Mixing_and_Mastering/Compressor_Limiter_Iii_Plugin_Window.png,576,397,199,0.676,1
227,DAPR-2000--Digital_Audio_Essentials/Mixing__Mixing_and_Mastering/Loudness_Ceiling.png,1600,900,1075,0.874,0
228,DAPR-2000--Digital_Audio_Essentials/Mixing__Mixing_and_Mastering/Mastering_Chain.png,1600,900,265,0.964,0
229,DAPR-2000--Digital_Audio_Essentials/Mixing__Mixing_and_Mastering/Mix_Arc.png,1600,900,295,0.952,1
230,DAPR-2000--Digital_Audio_Essentials/Mixing__Mixing_and_Mastering/Mix_Bus_vs_Master_Fader.png,1672,941,903,0.959,0
231,DAPR-2000--Digital_Audio_Essentials/Mixing__Mixing_and_Mastering/Module_Banner.png,1600,500,383,0.917,0
232,DAPR-2000--Digital_Audio_Essentials/Mixing__Mixing_and_Mastering/Sample_vs_True_Peak.png,1600,900,86,0.99,0
233,DAPR-2000--Digital_Audio_Essentials/Monitoring__Psychoacoustics/Equal_Loudness.png,1600,900,332,0.963,0
234,DAPR-2000--Digital_Audio_Essentials/Monitoring__Psychoacoustics/Equal_Loudness_Contours.jpg,1672,941,254,0.892,0
235,DAPR-2000--Digital_Audio_Essentials/Monitoring__Psychoacoustics/Fletcher_Munson_Curve.png,1200,675,258,0.853,0
236,DAPR-2000--Digital_Audio_Essentials/Monitoring__Psychoacoustics/Module_Banner.png,1600,500,254,0.965,0
237,DAPR-2000--Digital_Audio_Essentials/Monitoring__Psychoacoustics/Monitor_Triangle.jpg,1448,1086,152,0.956,0
238,DAPR-2000--Digital_Audio_Essentials/Monitoring__Psychoacoustics/Sound_Field_Speaker_Placement.png,740,359,200,0.745,0
239,DAPR-2000--Digital_Audio_Essentials/Pro_Tools__Introduction/Dapr2000_Protools_01_New_Tracks_Dialog.jpg,1630,504,109,0.902,0
240,DAPR-2000--Digital_Audio_Essentials/Pro_Tools__Introduction/Dapr2000_Protools_02_Mix_Window_Sends.jpg,2648,2062,854,0.504,0
241,DAPR-2000--Digital_Audio_Essentials/Pro_Tools__Introduction/Dapr2000_Protools_02_Mix_Window_Track_Types.jpg,1706,1934,544,0.439,0
242,DAPR-2000--Digital_Audio_Essentials/Pro_Tools__Introduction/Dapr2000_Protools_03_Edit_Window_Track_Types.jpg,2048,1314,355,0.577,0
243,DAPR-2000--Digital_Audio_Essentials/Pro_Tools__Introduction/Dapr2000_Protools_04_IO_Setup_Output_Page.jpg,2048,1366,170,0.916,0
244,DAPR-2000--Digital_Audio_Essentials/Pro_Tools__Introduction/Dapr2000_Protools_05_IO_Setup_Input_Page.jpg,2048,1366,153,0.926,0
245,DAPR-2000--Digital_Audio_Essentials/Pro_Tools__Introduction/Dapr2000_Protools_06_IO_Setup_Bus_Page.jpg,2048,1366,236,0.918,0
246,DAPR-2000--Digital_Audio_Essentials/Pro_Tools__Introduction/Dapr2000_Protools_07_Window_Menu_Edit_and_Mix.jpg,556,392,36,0.519,0
247,DAPR-2000--Digital_Audio_Essentials/Pro_Tools__Introduction/Dapr2000_Protools_08_Edit_Window_View_Selector.jpg,430,1042,85,0.714,0
248,DAPR-2000--Digital_Audio_Essentials/Pro_Tools__Introduction/Dapr2000_Protools_10_Edit_Toolbar_Expanded.jpg,646,104,15,0.579,0
249,DAPR-2000--Digital_Audio_Essentials/Pro_Tools__Introduction/Dapr2000_Protools_11_Edit_Toolbar_Standard.jpg,492,98,13,0.53,0
250,DAPR-2000--Digital_Audio_Essentials/Pro_Tools__Introduction/Dapr2000_Protools_12_Transport_Window_Controls.png,413,415,27,0.815,0
251,DAPR-2000--Digital_Audio_Essentials/Pro_Tools__Introduction/Dapr2000_Protools_13_Record_Enabled_Audio_Track.png,329,515,39,0.783,0
252,DAPR-2000--Digital_Audio_Essentials/Pro_Tools__Introduction/Dapr2000_Protools_15_Input_Monitoring_Playback_Example.png,2048,1314,1468,0.489,0
253,DAPR-2000--Digital_Audio_Essentials/Pro_Tools__Introduction/Edit_Modes_Shuffle_Slip_Spot_Grid.jpg,254,126,10,0.535,0
254,DAPR-2000--Digital_Audio_Essentials/Pro_Tools__Introduction/Pro_Tools_Dashboard_1.png,574,605,52,0.955,0
255,DAPR-2000--Digital_Audio_Essentials/Pro_Tools__Introduction/Pro_Tools_Pan_and_Track_State_Quiz.png,75,124,10,0.761,0
256,DAPR-2000--Digital_Audio_Essentials/Pro_Tools__Introduction/Pro_Tools_Pan_and_Track_State_Quiz_Alt.png,75,124,10,0.761,0
257,DAPR-2000--Digital_Audio_Essentials/Pro_Tools__Introduction/Pro_Tools_Track_With_Clip.png,555,222,74,0.656,0
258,DAPR-2000--Digital_Audio_Essentials/Pro_Tools__Introduction/Track_Arming_vs_Input_Monitoring.png,2048,1217,1112,0.94,0
259,DAPR-2000--Digital_Audio_Essentials/Processing__Compression/Attack_Release_Envelope.png,1672,941,682,0.935,0
260,DAPR-2000--Digital_Audio_Essentials/Processing__Compression/Bf_2a_Plugin_Window.png,574,345,158,0.314,0
261,DAPR-2000--Digital_Audio_Essentials/Processing__Compression/Bf_76_Peak_Limiter.png,636,306,232,0.576,0
262,DAPR-2000--Digital_Audio_Essentials/Processing__Compression/Compression_Diagrams.jpg,924,1200,233,0.886,0
263,DAPR-2000--Digital_Audio_Essentials/Processing__Compression/Fairchild_670_Plugin_Window.png,567,544,407,0.434,0
264,DAPR-2000--Digital_Audio_Essentials/Processing__Compression/Gain_Reduction_Graph_Choice_A.png,3840,2860,387,0.972,0
265,DAPR-2000--Digital_Audio_Essentials/Processing__Compression/Gain_Reduction_Graph_Choice_B.png,3840,2860,368,0.972,0
266,DAPR-2000--Digital_Audio_Essentials/Processing__Compression/Gain_Reduction_Graph_Choice_C.png,3840,2860,440,0.969,0
267,DAPR-2000--Digital_Audio_Essentials/Processing__Compression/Gain_Reduction_Graph_Choice_D.png,3840,2860,334,0.973,0
268,DAPR-2000--Digital_Audio_Essentials/Processing__Compression/Gain_Reduction_Graph_Question.png,3840,2860,290,0.976,0
269,DAPR-2000--Digital_Audio_Essentials/Processing__Compression/Gain_Reduction_Graph_Shot_A.png,443,382,108,0.881,0
270,DAPR-2000--Digital_Audio_Essentials/Processing__Compression/Impact_Plugin_Window.png,576,543,169,0.496,0
271,DAPR-2000--Digital_Audio_Essentials/Processing__Compression/La_2a_Leveling_Amplifier.png,950,283,137,0.804,0
272,DAPR-2000--Digital_Audio_Essentials/Processing__Compression/Parallel_Routing.png,1600,706,376,0.897,0
273,DAPR-2000--Digital_Audio_Essentials/Processing__Compression/Release_Behavior.png,1672,941,772,0.973,0
274,DAPR-2000--Digital_Audio_Essentials/Processing__Time-Based_Effects/D_Verb_Plugin_Window.png,455,376,163,0.542,0
275,DAPR-2000--Digital_Audio_Essentials/Processing__Time-Based_Effects/Delay_Note_Values.png,1672,941,873,0.946,0
276,DAPR-2000--Digital_Audio_Essentials/Processing__Time-Based_Effects/Mod_Delay_Iii_Plugin_Window.png,453,314,132,0.538,0
277,DAPR-2000--Digital_Audio_Essentials/Processing__Time-Based_Effects/Module_Banner.png,1600,500,150,0.968,0
278,DAPR-2000--Digital_Audio_Essentials/Processing__Time-Based_Effects/Pre_Delay.png,1600,500,57,0.988,0
279,DAPR-2000--Digital_Audio_Essentials/Processing__Time-Based_Effects/Send_vs_Insert.png,1600,1023,1359,0.792,0
280,DAPR-2000--Digital_Audio_Essentials/Signal_Flow__Cables_and_Connections/AVB_Network_Cable.png,1600,900,631,0.922,0
281,DAPR-2000--Digital_Audio_Essentials/Signal_Flow__Cables_and_Connections/Adam_Audio_Monitors.jpg,1500,1000,97,0.935,0
282,DAPR-2000--Digital_Audio_Essentials/Signal_Flow__Cables_and_Connections/Aes50_Network_Cable.png,1600,900,997,0.816,0
283,DAPR-2000--Digital_Audio_Essentials/Signal_Flow__Cables_and_Connections/Aes67_Network_Cable.png,1600,900,628,0.914,0
284,DAPR-2000--Digital_Audio_Essentials/Signal_Flow__Cables_and_Connections/BNC_50_Ohm.png,1600,900,820,0.863,0
285,DAPR-2000--Digital_Audio_Essentials/Signal_Flow__Cables_and_Connections/BNC_50_vs_75_Ohm.png,1600,900,929,0.823,0
286,DAPR-2000--Digital_Audio_Essentials/Signal_Flow__Cables_and_Connections/BNC_75_Ohm.png,1600,900,1003,0.854,0
287,DAPR-2000--Digital_Audio_Essentials/Signal_Flow__Cables_and_Connections/BNC_75_Ohm_Terminator.png,1600,900,516,0.876,0
288,DAPR-2000--Digital_Audio_Essentials/Signal_Flow__Cables_and_Connections/BNC_AES3id.png,1600,900,752,0.88,0
289,DAPR-2000--Digital_Audio_Essentials/Signal_Flow__Cables_and_Connections/BNC_Barrel.png,1600,900,770,0.804,0
290,DAPR-2000--Digital_Audio_Essentials/Signal_Flow__Cables_and_Connections/BNC_Female.png,1600,900,798,0.811,0
291,DAPR-2000--Digital_Audio_Essentials/Signal_Flow__Cables_and_Connections/BNC_MADI_Coax.png,1600,900,791,0.878,0
292,DAPR-2000--Digital_Audio_Essentials/Signal_Flow__Cables_and_Connections/BNC_Male.png,1600,900,876,0.812,0
293,DAPR-2000--Digital_Audio_Essentials/Signal_Flow__Cables_and_Connections/BNC_Male_Male_Adapter.png,1600,900,829,0.784,0
294,DAPR-2000--Digital_Audio_Essentials/Signal_Flow__Cables_and_Connections/BNC_Tee.png,1600,900,919,0.779,0
295,DAPR-2000--Digital_Audio_Essentials/Signal_Flow__Cables_and_Connections/BNC_Word_Clock.png,1600,900,581,0.902,0
296,DAPR-2000--Digital_Audio_Essentials/Signal_Flow__Cables_and_Connections/Balanced_Audio.jpg,727,282,28,0.918,0
297,DAPR-2000--Digital_Audio_Essentials/Signal_Flow__Cables_and_Connections/Banana_Plug.png,1600,900,568,0.857,0
298,DAPR-2000--Digital_Audio_Essentials/Signal_Flow__Cables_and_Connections/Bedroom_Studio.jpg,686,281,45,0.138,0
299,DAPR-2000--Digital_Audio_Essentials/Signal_Flow__Cables_and_Connections/Binding_Post.png,1600,900,834,0.806,0
300,DAPR-2000--Digital_Audio_Essentials/Signal_Flow__Cables_and_Connections/Cat6_Cable.png,1600,900,974,0.831,0
301,DAPR-2000--Digital_Audio_Essentials/Signal_Flow__Cables_and_Connections/Connector_Size_Comparison.png,1600,900,559,0.914,0
302,DAPR-2000--Digital_Audio_Essentials/Signal_Flow__Cables_and_Connections/DC_Barrel_Size_Comparison.png,1600,900,950,0.815,0
303,DAPR-2000--Digital_Audio_Essentials/Signal_Flow__Cables_and_Connections/Dante_Network_Cable.png,1600,900,699,0.904,0
304,DAPR-2000--Digital_Audio_Essentials/Signal_Flow__Cables_and_Connections/Db25_AES_Digital.png,1600,900,1237,0.723,0
305,DAPR-2000--Digital_Audio_Essentials/Signal_Flow__Cables_and_Connections/Db25_Analog_vs_AES.png,1600,900,800,0.813,0
306,DAPR-2000--Digital_Audio_Essentials/Signal_Flow__Cables_and_Connections/Db25_Audio_Breakout.png,1600,900,782,0.88,0
307,DAPR-2000--Digital_Audio_Essentials/Signal_Flow__Cables_and_Connections/Db25_Female.png,1000,1000,252,0.876,0
308,DAPR-2000--Digital_Audio_Essentials/Signal_Flow__Cables_and_Connections/Db25_Male.png,1554,1142,1349,0.486,0
309,DAPR-2000--Digital_Audio_Essentials/Signal_Flow__Cables_and_Connections/Edac_516_Male.png,1600,900,1502,0.62,0
310,DAPR-2000--Digital_Audio_Essentials/Signal_Flow__Cables_and_Connections/Edac_516_Mating_Pair.png,1600,900,1416,0.661,0
311,DAPR-2000--Digital_Audio_Essentials/Signal_Flow__Cables_and_Connections/Eighth_Inch_TRRS.png,1600,900,224,0.965,0
312,DAPR-2000--Digital_Audio_Essentials/Signal_Flow__Cables_and_Connections/Eighth_Inch_TRS.png,1600,900,405,0.936,0
313,DAPR-2000--Digital_Audio_Essentials/Signal_Flow__Cables_and_Connections/Eighth_Inch_TS.png,1600,900,425,0.951,0
314,DAPR-2000--Digital_Audio_Essentials/Signal_Flow__Cables_and_Connections/Eighth_Inch_to_Quarter_Inch_Adapter.png,1600,900,623,0.924,0
315,DAPR-2000--Digital_Audio_Essentials/Signal_Flow__Cables_and_Connections/Ethercon.png,1600,900,837,0.834,0
316,DAPR-2000--Digital_Audio_Essentials/Signal_Flow__Cables_and_Connections/FireWire_400_vs_800.png,1600,900,840,0.837,0
317,DAPR-2000--Digital_Audio_Essentials/Signal_Flow__Cables_and_Connections/Firewire_400_4_Pin.png,1600,900,658,0.895,0
318,DAPR-2000--Digital_Audio_Essentials/Signal_Flow__Cables_and_Connections/Firewire_400_6_Pin.png,1600,1083,818,0.756,0
319,DAPR-2000--Digital_Audio_Essentials/Signal_Flow__Cables_and_Connections/Firewire_800_9_Pin.png,1600,900,819,0.846,0
320,DAPR-2000--Digital_Audio_Essentials/Signal_Flow__Cables_and_Connections/Focusrite_Scarlett.jpg,3000,812,198,0.467,0
321,DAPR-2000--Digital_Audio_Essentials/Signal_Flow__Cables_and_Connections/HDMI_Type_A.png,1600,900,603,0.915,0
322,DAPR-2000--Digital_Audio_Essentials/Signal_Flow__Cables_and_Connections/Headphones.png,1200,1200,504,0.876,0
323,DAPR-2000--Digital_Audio_Essentials/Signal_Flow__Cables_and_Connections/Hirose_4_Pin_DC.png,1600,900,1243,0.721,0
324,DAPR-2000--Digital_Audio_Essentials/Signal_Flow__Cables_and_Connections/Home_Studio_Signal_Flow.jpg,5429,2947,623,0.816,0
325,DAPR-2000--Digital_Audio_Essentials/Signal_Flow__Cables_and_Connections/Iec_C13.png,1600,900,684,0.914,0
326,DAPR-2000--Digital_Audio_Essentials/Signal_Flow__Cables_and_Connections/Iec_C14.png,1600,900,1060,0.846,0
327,DAPR-2000--Digital_Audio_Essentials/Signal_Flow__Cables_and_Connections/Instrument_vs_Speaker_Cable.png,1600,900,761,0.863,0
328,DAPR-2000--Digital_Audio_Essentials/Signal_Flow__Cables_and_Connections/Laptop.jpg,1024,683,95,0.654,0
329,DAPR-2000--Digital_Audio_Essentials/Signal_Flow__Cables_and_Connections/Latching_Iec_Inlet.png,1600,900,999,0.849,0
330,DAPR-2000--Digital_Audio_Essentials/Signal_Flow__Cables_and_Connections/Locking_Twist_Connector.png,1600,900,914,0.821,0
331,DAPR-2000--Digital_Audio_Essentials/Signal_Flow__Cables_and_Connections/MIDI_5_Pin_DIN_Female.png,1600,900,583,0.907,1
332,DAPR-2000--Digital_Audio_Essentials/Signal_Flow__Cables_and_Connections/MIDI_5_Pin_DIN_Male.png,1600,900,625,0.907,1
333,DAPR-2000--Digital_Audio_Essentials/Signal_Flow__Cables_and_Connections/MIDI_5_Pin_DIN_Pin_Layout.png,1600,900,831,0.865,0
334,DAPR-2000--Digital_Audio_Essentials/Signal_Flow__Cables_and_Connections/Mini_TOSLINK.png,1600,900,408,0.953,0
335,DAPR-2000--Digital_Audio_Essentials/Signal_Flow__Cables_and_Connections/Multipin_Industrial_Style.png,1600,900,765,0.857,0
336,DAPR-2000--Digital_Audio_Essentials/Signal_Flow__Cables_and_Connections/Phone_Plug_Size_Comparison.png,1600,900,442,0.934,0
337,DAPR-2000--Digital_Audio_Essentials/Signal_Flow__Cables_and_Connections/Quarter_Inch_Speaker_Cable.png,1600,900,571,0.904,0
338,DAPR-2000--Digital_Audio_Essentials/Signal_Flow__Cables_and_Connections/Quarter_Inch_TRS.png,1600,900,306,0.958,0
339,DAPR-2000--Digital_Audio_Essentials/Signal_Flow__Cables_and_Connections/Quarter_Inch_TS.png,1600,900,491,0.905,0
340,DAPR-2000--Digital_Audio_Essentials/Signal_Flow__Cables_and_Connections/Quarter_Inch_TS_vs_TRS.png,1600,900,360,0.943,0
341,DAPR-2000--Digital_Audio_Essentials/Signal_Flow__Cables_and_Connections/Quarter_Inch_to_Eighth_Inch_Adapter.png,1600,900,561,0.918,0
342,DAPR-2000--Digital_Audio_Essentials/Signal_Flow__Cables_and_Connections/RCA_Analog_Audio.png,1672,941,739,0.846,0
343,DAPR-2000--Digital_Audio_Essentials/Signal_Flow__Cables_and_Connections/RCA_Analog_Audio_Alt.png,1600,900,642,0.887,0
344,DAPR-2000--Digital_Audio_Essentials/Signal_Flow__Cables_and_Connections/RCA_Analog_vs_SPDIF.png,1600,900,813,0.834,0
345,DAPR-2000--Digital_Audio_Essentials/Signal_Flow__Cables_and_Connections/RCA_Female.png,1600,900,948,0.814,0
346,DAPR-2000--Digital_Audio_Essentials/Signal_Flow__Cables_and_Connections/RCA_Male.png,1600,900,577,0.906,0
347,DAPR-2000--Digital_Audio_Essentials/Signal_Flow__Cables_and_Connections/RCA_SPDIF_75_Ohm.png,1600,900,684,0.913,0
348,DAPR-2000--Digital_Audio_Essentials/Signal_Flow__Cables_and_Connections/Rj45_8p8c_Jack.png,1600,900,762,0.861,0
349,DAPR-2000--Digital_Audio_Essentials/Signal_Flow__Cables_and_Connections/Rj45_8p8c_Plug.png,1600,900,740,0.868,0
350,DAPR-2000--Digital_Audio_Essentials/Signal_Flow__Cables_and_Connections/Rj45_vs_Ethercon.png,1600,900,751,0.864,0
351,DAPR-2000--Digital_Audio_Essentials/Signal_Flow__Cables_and_Connections/Same_Connector_Different_Impedance_BNC.png,1600,900,1158,0.771,0
352,DAPR-2000--Digital_Audio_Essentials/Signal_Flow__Cables_and_Connections/Same_Connector_Different_Protocol_Usbc.png,1600,900,1152,0.803,0
353,DAPR-2000--Digital_Audio_Essentials/Signal_Flow__Cables_and_Connections/Same_Connector_Different_Signal_RCA.png,1600,900,1075,0.775,0
354,DAPR-2000--Digital_Audio_Essentials/Signal_Flow__Cables_and_Connections/Same_Connector_Different_Signal_XLR.png,1600,900,1062,0.793,0
355,DAPR-2000--Digital_Audio_Essentials/Signal_Flow__Cables_and_Connections/Speakon_2_Pole.png,1600,900,995,0.8,0
356,DAPR-2000--Digital_Audio_Essentials/Signal_Flow__Cables_and_Connections/Speakon_4_Pole.png,1600,900,976,0.822,0
357,DAPR-2000--Digital_Audio_Essentials/Signal_Flow__Cables_and_Connections/Sub_Mini_2_5mm.png,1600,900,260,0.967,0
358,DAPR-2000--Digital_Audio_Essentials/Signal_Flow__Cables_and_Connections/TA3_Mini_XLR.png,1600,900,715,0.875,0
359,DAPR-2000--Digital_Audio_Essentials/Signal_Flow__Cables_and_Connections/TA5_Mini_XLR.png,1182,950,345,0.865,0
360,DAPR-2000--Digital_Audio_Essentials/Signal_Flow__Cables_and_Connections/TOSLINK_Optical.png,1600,900,669,0.894,0
361,DAPR-2000--Digital_Audio_Essentials/Signal_Flow__Cables_and_Connections/TOSLINK_vs_Mini_TOSLINK.png,1600,900,551,0.936,0
362,DAPR-2000--Digital_Audio_Essentials/Signal_Flow__Cables_and_Connections/TRS.jpg,930,620,12,0.413,0
363,DAPR-2000--Digital_Audio_Essentials/Signal_Flow__Cables_and_Connections/TT_Bantam_Plug_Two_Contacts_Wrong.png,1600,900,353,0.931,0
364,DAPR-2000--Digital_Audio_Essentials/Signal_Flow__Cables_and_Connections/TT_vs_Quarter_Inch.png,1600,900,333,0.954,0
365,DAPR-2000--Digital_Audio_Essentials/Signal_Flow__Cables_and_Connections/Tfunk_Mic.jpg,1000,693,79,0.59,0
366,DAPR-2000--Digital_Audio_Essentials/Signal_Flow__Cables_and_Connections/Thunderbolt_USB_C.png,1600,900,604,0.874,0
367,DAPR-2000--Digital_Audio_Essentials/Signal_Flow__Cables_and_Connections/Tt_Bantam_Patch_Cable.png,1600,900,421,0.955,0
368,DAPR-2000--Digital_Audio_Essentials/Signal_Flow__Cables_and_Connections/Tt_Bantam_Plug.png,680,700,136,0.897,0
369,DAPR-2000--Digital_Audio_Essentials/Signal_Flow__Cables_and_Connections/Tt_vs_Eighth_Inch.png,1600,900,353,0.958,0
370,DAPR-2000--Digital_Audio_Essentials/Signal_Flow__Cables_and_Connections/USB.jpg,2000,2000,147,0.832,0
371,DAPR-2000--Digital_Audio_Essentials/Signal_Flow__Cables_and_Connections/USB_A_Female.png,1600,900,833,0.795,0
372,DAPR-2000--Digital_Audio_Essentials/Signal_Flow__Cables_and_Connections/USB_B_Female.png,1600,900,831,0.795,0
373,DAPR-2000--Digital_Audio_Essentials/Signal_Flow__Cables_and_Connections/USB_B_Male.png,1600,900,757,0.866,0
374,DAPR-2000--Digital_Audio_Essentials/Signal_Flow__Cables_and_Connections/USB_C_Plug.png,1600,900,814,0.861,0
375,DAPR-2000--Digital_Audio_Essentials/Signal_Flow__Cables_and_Connections/USB_C_Port.png,1600,900,689,0.855,0
376,DAPR-2000--Digital_Audio_Essentials/Signal_Flow__Cables_and_Connections/USB_C_to_Eighth_Inch_Adapter.png,1600,900,425,0.923,0
377,DAPR-2000--Digital_Audio_Essentials/Signal_Flow__Cables_and_Connections/USB_C_to_HDMI_Adapter.png,1600,900,481,0.917,0
378,DAPR-2000--Digital_Audio_Essentials/Signal_Flow__Cables_and_Connections/USB_C_to_USB_B_Interface.png,1600,900,594,0.929,0
379,DAPR-2000--Digital_Audio_Essentials/Signal_Flow__Cables_and_Connections/USB_C_to_USB_a_Adapter.png,1600,900,734,0.862,0
380,DAPR-2000--Digital_Audio_Essentials/Signal_Flow__Cables_and_Connections/USB_C_vs_Thunderbolt.png,1600,900,1054,0.79,0
381,DAPR-2000--Digital_Audio_Essentials/Signal_Flow__Cables_and_Connections/USB_Micro_B.png,1600,900,571,0.94,0
382,DAPR-2000--Digital_Audio_Essentials/Signal_Flow__Cables_and_Connections/USB_Micro_B_Superspeed.png,1600,900,729,0.902,0
383,DAPR-2000--Digital_Audio_Essentials/Signal_Flow__Cables_and_Connections/USB_Mini_B.png,1600,900,657,0.908,0
384,DAPR-2000--Digital_Audio_Essentials/Signal_Flow__Cables_and_Connections/USB_a_Male.png,1600,900,708,0.871,0
385,DAPR-2000--Digital_Audio_Essentials/Signal_Flow__Cables_and_Connections/USB_a_to_USB_C_Adapter.png,1600,900,810,0.843,0
386,DAPR-2000--Digital_Audio_Essentials/Signal_Flow__Cables_and_Connections/USB_a_vs_B_vs_C.png,1600,900,1209,0.764,0
387,DAPR-2000--Digital_Audio_Essentials/Signal_Flow__Cables_and_Connections/USB_vs_Firewire.png,1600,900,992,0.79,0
388,DAPR-2000--Digital_Audio_Essentials/Signal_Flow__Cables_and_Connections/XLR.jpg,640,640,27,0.912,0
389,DAPR-2000--Digital_Audio_Essentials/Signal_Flow__Cables_and_Connections/XLR_3_Pin_Female.png,1600,900,918,0.851,0
390,DAPR-2000--Digital_Audio_Essentials/Signal_Flow__Cables_and_Connections/XLR_3_Pin_Male.png,1600,900,841,0.887,0
391,DAPR-2000--Digital_Audio_Essentials/Signal_Flow__Cables_and_Connections/XLR_4_Pin_Female.png,1600,900,461,0.92,0
392,DAPR-2000--Digital_Audio_Essentials/Signal_Flow__Cables_and_Connections/XLR_4_Pin_Male.png,1600,900,490,0.914,0
393,DAPR-2000--Digital_Audio_Essentials/Signal_Flow__Cables_and_Connections/XLR_5_Pin_Female.png,1600,900,982,0.805,0
394,DAPR-2000--Digital_Audio_Essentials/Signal_Flow__Cables_and_Connections/XLR_5_Pin_Male.png,1600,900,777,0.851,0
395,DAPR-2000--Digital_Audio_Essentials/Signal_Flow__Cables_and_Connections/XLR_AES3_110_Ohm.png,1600,900,870,0.88,0
396,DAPR-2000--Digital_Audio_Essentials/Signal_Flow__Cables_and_Connections/XLR_Analog_Balanced.png,1600,900,837,0.824,0
397,DAPR-2000--Digital_Audio_Essentials/Signal_Flow__Cables_and_Connections/XLR_Analog_vs_AES3.png,1600,900,785,0.838,0
398,DAPR-2000--Digital_Audio_Essentials/Signal_Flow__Cables_and_Connections/XLR_TRS_Combo_Jack.png,1851,849,1552,0.753,0
399,DAPR-2000--Digital_Audio_Essentials/Sound__The_Decibel/Decibel_Log_Scale.jpg,1672,941,178,0.95,0
400,DAPR-2000--Digital_Audio_Essentials/Sound__The_Decibel/Krakatoa_Header.png,1024,456,1033,0.48,0
401,DAPR-2000--Digital_Audio_Essentials/Sound__The_Decibel/Reference_Ladder.png,1600,900,447,0.921,0
402,DAPR-2000--Digital_Audio_Essentials/Sound__The_Decibel/Series_Parallel.png,6750,4350,264,0.994,0
403,DAPR-2000--Digital_Audio_Essentials/Sound__The_Decibel/The_Decibel.jpg,4782,2832,699,0.975,0
404,DAPR-2000--Digital_Audio_Essentials/Sound__The_Decibel/The_Uberschall_Dream_Meets_Real_World_Math.png,4350,3450,1969,0.919,0
405,DAPR-2000--Digital_Audio_Essentials/Sound__Wave_Properties_Hearing_and_Frequency/Adsr_Envelope.png,617,304,107,0.956,0
406,DAPR-2000--Digital_Audio_Essentials/Sound__Wave_Properties_Hearing_and_Frequency/Amplitude_Change.png,535,266,39,0.973,0
407,DAPR-2000--Digital_Audio_Essentials/Sound__Wave_Properties_Hearing_and_Frequency/Anatomy.png,1600,900,277,0.975,0
408,DAPR-2000--Digital_Audio_Essentials/Sound__Wave_Properties_Hearing_and_Frequency/Audible_Range.png,1600,900,359,0.957,0
409,DAPR-2000--Digital_Audio_Essentials/Sound__Wave_Properties_Hearing_and_Frequency/Chorus.png,750,500,181,0.881,0
410,DAPR-2000--Digital_Audio_Essentials/Sound__Wave_Properties_Hearing_and_Frequency/Clipping.png,512,292,119,0.582,0
411,DAPR-2000--Digital_Audio_Essentials/Sound__Wave_Properties_Hearing_and_Frequency/Clipping_Distortion.png,1000,525,60,0.992,0
412,DAPR-2000--Digital_Audio_Essentials/Sound__Wave_Properties_Hearing_and_Frequency/Diagram_Adiabatic_vs_Isothermal.jpg,1536,864,284,0.139,0
413,DAPR-2000--Digital_Audio_Essentials/Sound__Wave_Properties_Hearing_and_Frequency/Diagram_Altitude_Speed_Constant.jpg,1536,864,316,0.129,0
414,DAPR-2000--Digital_Audio_Essentials/Sound__Wave_Properties_Hearing_and_Frequency/Diagram_Collision_Relay.jpg,1536,864,107,0.389,0
415,DAPR-2000--Digital_Audio_Essentials/Sound__Wave_Properties_Hearing_and_Frequency/Diagram_Delay_Tower_Drift.jpg,1536,864,324,0.083,0
416,DAPR-2000--Digital_Audio_Essentials/Sound__Wave_Properties_Hearing_and_Frequency/Diagram_Gamma_Degrees_of_Freedom.jpg,1536,864,150,0.196,0
417,DAPR-2000--Digital_Audio_Essentials/Sound__Wave_Properties_Hearing_and_Frequency/Diagram_Gamma_Piston_vs_Box.jpg,1536,864,240,0.143,0
418,DAPR-2000--Digital_Audio_Essentials/Sound__Wave_Properties_Hearing_and_Frequency/Diagram_Impedance_Coupling.jpg,1536,864,233,0.406,0
419,DAPR-2000--Digital_Audio_Essentials/Sound__Wave_Properties_Hearing_and_Frequency/Diagram_Kelvin_Ladder_Phases.jpg,1536,864,270,0.073,0
420,DAPR-2000--Digital_Audio_Essentials/Sound__Wave_Properties_Hearing_and_Frequency/Diagram_Nondispersive_Arrival.jpg,1536,930,205,0.871,0
421,DAPR-2000--Digital_Audio_Essentials/Sound__Wave_Properties_Hearing_and_Frequency/Diagram_Sofar_Channel.jpg,1536,864,238,0.248,0
422,DAPR-2000--Digital_Audio_Essentials/Sound__Wave_Properties_Hearing_and_Frequency/Diagram_Sofar_Channel_Chart.png,1600,1021,104,0.98,0
423,DAPR-2000--Digital_Audio_Essentials/Sound__Wave_Properties_Hearing_and_Frequency/Diagram_Speed_Across_Media.jpg,1536,864,118,0.822,0
424,DAPR-2000--Digital_Audio_Essentials/Sound__Wave_Properties_Hearing_and_Frequency/Diagram_Speed_Across_Media_Chart.png,1600,953,83,0.955,0
425,DAPR-2000--Digital_Audio_Essentials/Sound__Wave_Properties_Hearing_and_Frequency/Diagram_Speed_vs_Temperature_Curve.jpg,1536,864,107,0.89,0
426,DAPR-2000--Digital_Audio_Essentials/Sound__Wave_Properties_Hearing_and_Frequency/Diagram_Stiffness_vs_Density.jpg,1536,864,110,0.981,0
427,DAPR-2000--Digital_Audio_Essentials/Sound__Wave_Properties_Hearing_and_Frequency/Diagram_Temperature_Molecular_Speed.jpg,1536,864,160,0.233,0
428,DAPR-2000--Digital_Audio_Essentials/Sound__Wave_Properties_Hearing_and_Frequency/Diagram_Temperature_Refraction.jpg,1536,864,233,0.166,0
429,DAPR-2000--Digital_Audio_Essentials/Sound__Wave_Properties_Hearing_and_Frequency/Diagram_Wavelength_Ruler.jpg,1536,864,177,0.903,0
430,DAPR-2000--Digital_Audio_Essentials/Sound__Wave_Properties_Hearing_and_Frequency/Diagram_Wind_Refraction.jpg,1536,864,214,0.157,0
431,DAPR-2000--Digital_Audio_Essentials/Sound__Wave_Properties_Hearing_and_Frequency/Frequency_and_Wavelength.png,1600,900,321,0.963,0
432,DAPR-2000--Digital_Audio_Essentials/Sound__Wave_Properties_Hearing_and_Frequency/Harmonics_Sum_to_Resultant_Wave.png,993,492,123,0.956,0
433,DAPR-2000--Digital_Audio_Essentials/Sound__Wave_Properties_Hearing_and_Frequency/High_and_Low_Frequency_Wave_Comparison.png,1200,880,37,0.995,0
434,DAPR-2000--Digital_Audio_Essentials/Sound__Wave_Properties_Hearing_and_Frequency/Module_Banner.png,1600,500,193,0.987,0
435,DAPR-2000--Digital_Audio_Essentials/Sound__Wave_Properties_Hearing_and_Frequency/Phase_Cancellation.png,752,452,36,0.987,0
436,DAPR-2000--Digital_Audio_Essentials/Sound__Wave_Properties_Hearing_and_Frequency/Phase_Offset.png,700,474,55,0.983,0
437,DAPR-2000--Digital_Audio_Essentials/Sound__Wave_Properties_Hearing_and_Frequency/Photo_Cold_Winter_Load_In.jpg,1536,864,332,0.206,0
438,DAPR-2000--Digital_Audio_Essentials/Sound__Wave_Properties_Hearing_and_Frequency/Photo_Dead_Sea_Shore.jpg,1536,864,219,0.121,0
439,DAPR-2000--Digital_Audio_Essentials/Sound__Wave_Properties_Hearing_and_Frequency/Photo_Delay_Tower_Field.jpg,1536,864,263,0.343,0
440,DAPR-2000--Digital_Audio_Essentials/Sound__Wave_Properties_Hearing_and_Frequency/Photo_Hero_Utah_Valley_Dawn (Adam Olson's conflicted copy 2026-09-23).jpg,1536,864,289,0.085,0
441,DAPR-2000--Digital_Audio_Essentials/Sound__Wave_Properties_Hearing_and_Frequency/Photo_High_Altitude_Summit.jpg,1536,864,332,0.078,0
442,DAPR-2000--Digital_Audio_Essentials/Sound__Wave_Properties_Hearing_and_Frequency/Photo_Outdoor_Stage_Dusk.jpg,1536,864,320,0.156,0
443,DAPR-2000--Digital_Audio_Essentials/Sound__Wave_Properties_Hearing_and_Frequency/Photo_Steel_Structure_Detail.jpg,1536,864,262,0.32,0
444,DAPR-2000--Digital_Audio_Essentials/Sound__Wave_Properties_Hearing_and_Frequency/Photo_Underwater_Light_Shafts.jpg,1536,864,160,0.367,0
445,DAPR-2000--Digital_Audio_Essentials/Sound__Wave_Properties_Hearing_and_Frequency/Reflection_Absorption_and_Diffusion_Arrow_Panels.png,568,280,82,0.876,0
446,DAPR-2000--Digital_Audio_Essentials/Sound__Wave_Properties_Hearing_and_Frequency/Room_Modes.jpg,1672,941,166,0.953,0
447,DAPR-2000--Digital_Audio_Essentials/Sound__Wave_Properties_Hearing_and_Frequency/Sine_Wave_with_Wavelength_and_Amplitude.png,369,262,7,1.0,0
448,DAPR-2000--Digital_Audio_Essentials/Sound__Wave_Properties_Hearing_and_Frequency/Threshold_Labeled_Loudness_Contour_Curves.png,847,606,190,0.863,0
449,DAPR-2000--Digital_Audio_Essentials/Sound__Wave_Properties_Hearing_and_Frequency/Timbre.png,2220,1382,3195,0.413,0
450,DAPR-2000--Digital_Audio_Essentials/Sound__Wave_Properties_Hearing_and_Frequency/Time_Domain_vs_Frequency_Domain.png,1600,873,523,0.947,0
451,DAPR-2000--Digital_Audio_Essentials/Sound__Wave_Properties_Hearing_and_Frequency/Wave_Anatomy.jpg,1672,941,200,0.929,0
452,DAPR-2000--Digital_Audio_Essentials/Sound__Wave_Properties_Hearing_and_Frequency/Waveform_Basics.jpg,4575,2925,513,0.933,0
453,DAPR-2010--Core_Recording/Acoustics/Blue_Arrow_Panels_on_Flat_Surfaces.png,1600,700,74,0.988,0
454,DAPR-2010--Core_Recording/Acoustics/Blue_Arrow_Panels_with_Angle_Arc.png,1600,700,916,0.912,0
455,DAPR-2010--Core_Recording/Acoustics/Room_Paths_with_Arrival_Time_Graph.png,1600,900,995,0.948,0
456,DAPR-2010--Core_Recording/Acoustics/Room_Plan_with_Reflection_Points_Marked.png,1600,900,65,0.993,0
457,DAPR-2010--Core_Recording/Acoustics/Small_Room_Setup_Wrong_and_Right.png,1436,853,78,0.976,0
458,DAPR-2010--Core_Recording/Acoustics/Standing_Waves_Modes.png,1600,800,60,0.992,0
459,DAPR-2010--Core_Recording/Acoustics/Wiki_Banner.png,1600,500,461,0.327,0
460,DAPR-2010--Core_Recording/Attendance_and_Participation/Attendance_Banner.png,1600,500,541,0.503,0
461,DAPR-2010--Core_Recording/Auxiliary_Resources/Wiki_Banner.png,1600,500,475,0.502,0
462,DAPR-2010--Core_Recording/Console_Operation/ASP4816_Block_Diagram_Full.png,1600,1158,519,0.872,0
463,DAPR-2010--Core_Recording/Console_Operation/ASP4816_Connector_Panel.png,1600,548,274,0.956,0
464,DAPR-2010--Core_Recording/Console_Operation/ASP4816_Typical_Configuration.png,1600,1164,1101,0.751,0
465,DAPR-2010--Core_Recording/Console_Operation/Headphone_Mix_Flow.png,1896,830,188,0.979,0
466,DAPR-2010--Core_Recording/Console_Operation/Headphone_Mix_Flow_Alt.png,1896,830,218,0.979,0
467,DAPR-2010--Core_Recording/Console_Operation/Pre_versus_Post_Fader_Send.png,792,1282,78,0.956,0
468,DAPR-2010--Core_Recording/Console_Operation/Troubleshooting_Order.png,1070,1470,582,0.953,0
469,DAPR-2010--Core_Recording/Console_Operation/Troubleshooting_Order_Alt.png,1070,1470,669,0.953,0
470,DAPR-2010--Core_Recording/Console_Operation/Wiki_Banner.png,1600,500,765,0.828,0
471,DAPR-2010--Core_Recording/Console_Signal_Flow/ASP4816_Block_Diagram.png,1600,1094,482,0.891,0
472,DAPR-2010--Core_Recording/Console_Signal_Flow/ASP4816_Full_Panel.png,1600,1182,962,0.901,0
473,DAPR-2010--Core_Recording/Console_Signal_Flow/ASP4816_Strip_Auxiliaries.png,1600,873,608,0.838,0
474,DAPR-2010--Core_Recording/Console_Signal_Flow/ASP4816_Strip_Auxiliaries_Alt.png,1006,3995,181,0.996,0
475,DAPR-2010--Core_Recording/Console_Signal_Flow/ASP4816_Strip_Auxiliaries_Classic.png,1601,888,203,0.955,0
476,DAPR-2010--Core_Recording/Console_Signal_Flow/ASP4816_Strip_Equalizers.png,1600,901,734,0.831,0
477,DAPR-2010--Core_Recording/Console_Signal_Flow/ASP4816_Strip_Equalizers_Alt.png,1006,3649,179,0.996,0
478,DAPR-2010--Core_Recording/Console_Signal_Flow/ASP4816_Strip_Equalizers_Classic.png,1601,926,232,0.96,0
479,DAPR-2010--Core_Recording/Console_Signal_Flow/ASP4816_Strip_Input.png,1600,1108,470,0.915,0
480,DAPR-2010--Core_Recording/Console_Signal_Flow/ASP4816_Strip_Input_Classic.png,1601,555,104,0.964,0
481,DAPR-2010--Core_Recording/Console_Signal_Flow/ASP4816_Strip_Long_Fader.png,1600,918,274,0.915,0
482,DAPR-2010--Core_Recording/Console_Signal_Flow/ASP4816_Strip_Long_Fader_Alt.png,1015,5543,76,0.999,0
483,DAPR-2010--Core_Recording/Console_Signal_Flow/ASP4816_Strip_Long_Fader_Classic.png,1601,1259,104,0.98,0
484,DAPR-2010--Core_Recording/Console_Signal_Flow/ASP4816_Strip_Routing.png,1600,778,273,0.833,0
485,DAPR-2010--Core_Recording/Console_Signal_Flow/ASP4816_Strip_Routing_Alt.png,1011,1900,18,0.999,0
486,DAPR-2010--Core_Recording/Console_Signal_Flow/ASP4816_Strip_Routing_Classic.png,1601,454,58,0.965,0
487,DAPR-2010--Core_Recording/Console_Signal_Flow/ASP4816_Strip_Short_Fader.png,1600,886,314,0.882,0
488,DAPR-2010--Core_Recording/Console_Signal_Flow/ASP4816_Strip_Short_Fader_Alt.png,1006,3616,32,0.998,0
489,DAPR-2010--Core_Recording/Console_Signal_Flow/ASP4816_Strip_Short_Fader_Classic.png,1601,812,85,0.968,0
490,DAPR-2010--Core_Recording/Console_Signal_Flow/Audient_Console_Rear_Panel.png,1890,1149,142,0.981,0
491,DAPR-2010--Core_Recording/Console_Signal_Flow/One_Microphone_Every_Stage.png,1500,586,111,0.938,0
492,DAPR-2010--Core_Recording/Console_Signal_Flow/Wiki_Banner.png,1600,500,495,0.974,0
493,DAPR-2010--Core_Recording/Course_Orientation/Core_Recording_DAPR_2010_002.png,1536,1024,2276,0.872,0
494,DAPR-2010--Core_Recording/Course_Orientation/Course_Card.png,1600,900,29,0.983,0
495,DAPR-2010--Core_Recording/Course_Orientation/Course_Card_Alt.png,1024,684,1048,0.254,0
496,DAPR-2010--Core_Recording/Course_Orientation/Grading_Banner.png,1600,500,365,0.27,0
497,DAPR-2010--Core_Recording/Course_Orientation/Policies_Banner.png,1600,500,425,0.466,0
498,DAPR-2010--Core_Recording/Course_Orientation/Term_at_a_Glance.png,1580,950,90,0.982,0
499,DAPR-2010--Core_Recording/Drum_Recording/Drum_Kit_Panels_with_Overhead_Options.png,1600,700,943,0.904,0
500,DAPR-2010--Core_Recording/Drum_Recording/Kit_Preparation.png,1600,820,325,0.895,0
501,DAPR-2010--Core_Recording/Drum_Recording/Kit_Preparation_Alt.png,1600,900,99,0.988,0
502,DAPR-2010--Core_Recording/Drum_Recording/Overhead_Kit_Plan_with_Red_Markers.png,1600,1200,145,0.988,0
503,DAPR-2010--Core_Recording/Drum_Recording/Overheads_Equal_Distance_to_Snare.png,1492,752,57,0.974,0
504,DAPR-2010--Core_Recording/Drum_Recording/Perspective_Kit_with_Numbered_Blue_Markers.png,1600,1000,1300,0.949,0
505,DAPR-2010--Core_Recording/Drum_Recording/Spaced_Pair_versus_Coincident_Line_Drawing.png,1600,800,58,0.994,0
506,DAPR-2010--Core_Recording/Drum_Recording/Tuning_and_Prep.png,1600,800,1137,0.917,0
507,DAPR-2010--Core_Recording/Drum_Recording/Wiki_Banner.png,1600,500,488,0.315,0
508,DAPR-2010--Core_Recording/Final_Exam/Final_Study_Guide_Banner.png,1600,500,501,0.312,0
509,DAPR-2010--Core_Recording/Gain_Staging/Decibel_Scales.png,1513,1039,184,0.984,0
510,DAPR-2010--Core_Recording/Gain_Staging/Decibel_Scales_Aligned_at_Nominal.png,1600,900,716,0.975,0
511,DAPR-2010--Core_Recording/Gain_Staging/Decibel_Scales_with_Headroom_Bracket.png,1600,870,108,0.987,0
512,DAPR-2010--Core_Recording/Gain_Staging/Headroom_Noise_Floor.png,1586,992,185,0.971,0
513,DAPR-2010--Core_Recording/Gain_Staging/Headroom_Noise_Floor_Alt.png,1586,992,212,0.971,0
514,DAPR-2010--Core_Recording/Gain_Staging/Meter_Alignment_Scales.png,1083,794,56,0.974,0
515,DAPR-2010--Core_Recording/Gain_Staging/Wiki_Banner.png,1600,500,608,0.947,0
516,DAPR-2010--Core_Recording/Guitar_and_Bass_Recording/Bass_DI_and_Mic_Alignment.png,1492,752,71,0.966,0
517,DAPR-2010--Core_Recording/Guitar_and_Bass_Recording/Detailed_Signal_Chain_with_Orange_Note.png,1600,800,768,0.939,0
518,DAPR-2010--Core_Recording/Guitar_and_Bass_Recording/Instrument_Split_to_DI_and_Amp.png,1600,800,59,0.993,0
519,DAPR-2010--Core_Recording/Guitar_and_Bass_Recording/Speaker_Cone_Face_with_Red_Markers.png,1600,900,100,0.99,0
520,DAPR-2010--Core_Recording/Guitar_and_Bass_Recording/Speaker_Cone_with_Numbered_Blue_Callouts.png,1600,900,1150,0.947,0
521,DAPR-2010--Core_Recording/Guitar_and_Bass_Recording/Wiki_Banner.png,1600,500,425,0.449,0
522,DAPR-2010--Core_Recording/Impedance_and_Voltage/Bridging_Versus_Matching_Alt.png,1774,887,308,0.962,0
523,DAPR-2010--Core_Recording/Impedance_and_Voltage/Bridging_versus_Matching.png,1774,887,299,0.962,0
524,DAPR-2010--Core_Recording/Impedance_and_Voltage/Five_Connection_Cases.png,1600,1000,106,0.987,0
525,DAPR-2010--Core_Recording/Impedance_and_Voltage/Resistor_Divider_with_Blue_Header_Table.png,1600,760,769,0.935,0
526,DAPR-2010--Core_Recording/Impedance_and_Voltage/Right_and_Wrong_Connections.png,1472,694,63,0.965,0
527,DAPR-2010--Core_Recording/Impedance_and_Voltage/Safe_Interconnection.png,1600,800,1004,0.897,0
528,DAPR-2010--Core_Recording/Impedance_and_Voltage/Source_and_Load_Circuit_with_Table.png,1600,760,123,0.962,0
529,DAPR-2010--Core_Recording/Impedance_and_Voltage/Voltage_Divider.png,1774,887,282,0.968,0
530,DAPR-2010--Core_Recording/Impedance_and_Voltage/Wiki_Banner.png,1600,500,563,0.973,0
531,DAPR-2010--Core_Recording/Microphones/Dark_Green_Polar_Pattern_Row.png,1600,560,727,0.928,0
532,DAPR-2010--Core_Recording/Microphones/Polar_Patterns.png,1895,830,763,0.924,0
533,DAPR-2010--Core_Recording/Microphones/Polar_Plots_with_Ring_Scale_Legend.png,1600,640,185,0.961,0
534,DAPR-2010--Core_Recording/Microphones/Pressure_vs_Gradient.png,1600,700,931,0.931,0
535,DAPR-2010--Core_Recording/Microphones/Proximity_Effect.png,1672,941,237,0.958,0
536,DAPR-2010--Core_Recording/Microphones/Proximity_Effect_Alt.png,1672,941,296,0.958,0
537,DAPR-2010--Core_Recording/Microphones/Spec_Sheet_Anatomy.png,1586,992,503,0.964,0
538,DAPR-2010--Core_Recording/Microphones/Spec_Sheet_Anatomy_Alt.png,1586,992,497,0.964,0
539,DAPR-2010--Core_Recording/Microphones/Transducer_Types.png,1895,830,439,0.906,0
540,DAPR-2010--Core_Recording/Microphones/Transducer_Types_Alt.png,1895,830,445,0.905,0
541,DAPR-2010--Core_Recording/Microphones/Wiki_Banner.png,1600,500,713,0.872,0
542,DAPR-2010--Core_Recording/Miking_Techniques/Array_Panels_with_Drawn_Microphones.png,1600,700,675,0.95,0
543,DAPR-2010--Core_Recording/Miking_Techniques/Coincident_Arrays.png,1600,700,161,0.975,0
544,DAPR-2010--Core_Recording/Miking_Techniques/Coincident_Arrays_Alt.png,1895,830,299,0.975,0
545,DAPR-2010--Core_Recording/Miking_Techniques/Phase_Versus_Polarity_Alt.png,1774,887,390,0.946,0
546,DAPR-2010--Core_Recording/Miking_Techniques/Phase_versus_Polarity.png,1774,887,378,0.947,0
547,DAPR-2010--Core_Recording/Miking_Techniques/Snare_Top_and_Bottom_Polarity.png,1472,872,102,0.979,0
548,DAPR-2010--Core_Recording/Miking_Techniques/Three_to_One_Rule.png,1672,941,203,0.977,0
549,DAPR-2010--Core_Recording/Miking_Techniques/Titled_Leakage_Path_Spacing_Diagram.png,1600,640,60,0.989,0
550,DAPR-2010--Core_Recording/Miking_Techniques/Untitled_Leakage_Path_Spacing_Diagram.png,1600,800,39,0.995,0
551,DAPR-2010--Core_Recording/Miking_Techniques/Wiki_Banner.png,1600,500,406,0.566,0
552,DAPR-2010--Core_Recording/Patch_Bays/Normalling_Columns_with_Plain_Jack_Boxes.png,1600,900,112,0.982,0
553,DAPR-2010--Core_Recording/Patch_Bays/Normalling_Grid_with_Blue_Patch_Cables.png,1600,1000,1336,0.903,0
554,DAPR-2010--Core_Recording/Patch_Bays/Normalling_Types.png,1672,941,459,0.94,0
555,DAPR-2010--Core_Recording/Patch_Bays/Studio_B_Bay_Map.png,1069,670,382,0.679,0
556,DAPR-2010--Core_Recording/Patch_Bays/Wiki_Banner.png,1600,500,495,0.164,0
557,DAPR-2010--Core_Recording/Pro_Tools_for_Tracking/Pro_Tools_Edit_Window.png,1153,970,742,0.607,1
558,DAPR-2010--Core_Recording/Pro_Tools_for_Tracking/Pro_Tools_Mix_Window.png,1082,1366,811,0.722,0
559,DAPR-2010--Core_Recording/Pro_Tools_for_Tracking/Pro_Tools_Record_Arm_Controls.png,812,1122,138,0.86,0
560,DAPR-2010--Core_Recording/Pro_Tools_for_Tracking/Punch_In_With_Pre_and_Post_Roll.png,1232,601,51,0.971,0
561,DAPR-2010--Core_Recording/Pro_Tools_for_Tracking/Punch_and_Playlists.png,1672,941,296,0.949,0
562,DAPR-2010--Core_Recording/Pro_Tools_for_Tracking/Punch_and_Playlists_Alt.png,1672,941,418,0.949,0
563,DAPR-2010--Core_Recording/Pro_Tools_for_Tracking/Wiki_Banner.png,1600,500,370,0.566,0
564,DAPR-2010--Core_Recording/Session_Delivery_and_Archiving/Assistant_Timeline.png,1600,800,802,0.957,1
565,DAPR-2010--Core_Recording/Session_Delivery_and_Archiving/Comping_Playlists.png,1600,900,25,0.989,1
566,DAPR-2010--Core_Recording/Session_Delivery_and_Archiving/Session_Folder.png,1320,897,288,0.959,1
567,DAPR-2010--Core_Recording/Studio_Business/Break_Even_Rate_by_Utilization.png,1294,813,83,0.979,0
568,DAPR-2010--Core_Recording/Studio_Business/Cost_Breakdown.png,1600,900,87,0.977,0
569,DAPR-2010--Core_Recording/Studio_Business/Rate_Structures.png,1600,800,51,0.989,0
570,DAPR-2010--Core_Recording/Studio_Business/Wiki_Banner.png,1600,500,400,0.208,0
571,DAPR-2010--Core_Recording/Studio_Etiquette/Session_Roles.png,1672,941,377,0.946,0
572,DAPR-2010--Core_Recording/Studio_Etiquette/Session_Roles_Alt.png,1672,941,409,0.946,0
573,DAPR-2010--Core_Recording/Studio_Etiquette/Where_the_Assistant_Stands.png,1136,880,74,0.961,0
574,DAPR-2010--Core_Recording/Studio_Etiquette/Wiki_Banner.png,1600,500,819,0.757,0
575,DAPR-2010--Core_Recording/Studio_Use_and_Care/Fragile_Gear.png,1600,680,92,0.964,0
576,DAPR-2010--Core_Recording/Studio_Use_and_Care/Fragile_Gear_Alt.png,1600,900,53,0.989,0
577,DAPR-2010--Core_Recording/Studio_Use_and_Care/Gear_Handling.png,1600,800,1339,0.822,0
578,DAPR-2010--Core_Recording/Studio_Use_and_Care/Power_Up_Sequence.png,1600,800,119,0.974,0
579,DAPR-2010--Core_Recording/Studio_Use_and_Care/Power_Up_Sequence_Alt.png,1672,941,332,0.955,0
580,DAPR-2010--Core_Recording/Studio_Use_and_Care/Session_Strike_Order.png,1512,592,100,0.958,0
581,DAPR-2010--Core_Recording/Studio_Use_and_Care/Studio_Floor_Plan.png,1600,689,31,0.997,0
582,DAPR-2010--Core_Recording/Studio_Use_and_Care/Wiki_Banner.png,1600,500,746,0.859,0
583,DAPR-2010--Core_Recording/The_Digital_Recording_Process/Air_to_File.png,1889,310,193,0.91,0
584,DAPR-2010--Core_Recording/The_Digital_Recording_Process/Air_to_File_Alt.png,1896,830,229,0.967,0
585,DAPR-2010--Core_Recording/The_Digital_Recording_Process/Pro_Tools_Playback_Engine.png,1023,1402,190,0.931,0
586,DAPR-2010--Core_Recording/The_Digital_Recording_Process/Sample_Rate_Bit_Depth.png,1600,700,117,0.982,0
587,DAPR-2010--Core_Recording/The_Digital_Recording_Process/Sample_Rate_Bit_Depth_Alt.png,1774,887,513,0.935,0
588,DAPR-2010--Core_Recording/The_Digital_Recording_Process/Session_Folder_Alt.png,1672,941,323,0.969,0
589,DAPR-2010--Core_Recording/The_Digital_Recording_Process/Wiki_Banner.png,1600,500,413,0.604,0
590,DAPR-2010--Core_Recording/Vocal_Recording/Recording_Chain.png,1600,900,50,0.994,0
591,DAPR-2010--Core_Recording/Vocal_Recording/Vocal_Booth_Setup_Wrong_and_Right.png,1492,692,61,0.967,0
592,DAPR-2010--Core_Recording/Vocal_Recording/Wiki_Banner.png,1600,500,483,0.613,0
593,DAPR-2010--Core_Recording/_unused/ASP4816_Strip_Input_Manual_Drawing.png,1006,2350,76,0.997,0
594,DAPR-2010--Core_Recording/_unused/ORTF_versus_Spaced_Pair_Panels.png,1600,700,47,0.995,0
595,DAPR-2020--Core_Mixing/Acoustics__Mix_Acoustics/First_Reflection_Points.png,1600,900,920,0.965,0
596,DAPR-2020--Core_Mixing/Acoustics__Mix_Acoustics/Listening_Triangle_Overhead.png,1600,900,220,0.988,0
597,DAPR-2020--Core_Mixing/Acoustics__Mix_Acoustics/Room_Acoustics_Monitoring_Triangle.png,1672,941,2182,0.205,0
598,DAPR-2020--Core_Mixing/Acoustics__Mix_Acoustics/Thin_Foam_versus_Broadband.png,1600,900,477,0.93,0
599,DAPR-2020--Core_Mixing/Acoustics__Mix_Acoustics/Treatment_Types_Comparison.png,1600,900,771,0.959,0
600,DAPR-2020--Core_Mixing/Effects__Balancing_and_Reverb/D_Verb_Algorithms_and_Decay.png,455,376,168,0.542,1
601,DAPR-2020--Core_Mixing/Effects__Balancing_and_Reverb/Depth_In_A_Room_Overhead.png,1600,900,143,0.953,0
602,DAPR-2020--Core_Mixing/Effects__Balancing_and_Reverb/Reverb_Depth_and_Distance.png,1672,941,1699,0.165,0
603,DAPR-2020--Core_Mixing/Effects__Balancing_and_Reverb/Reverb_High_Frequency_Damping.png,1600,750,125,0.98,0
604,DAPR-2020--Core_Mixing/Effects__Balancing_and_Reverb/Reverb_Impulse_Timeline.png,1600,800,95,0.983,0
605,DAPR-2020--Core_Mixing/Effects__Balancing_and_Reverb/Send_versus_Insert_Routing.png,1600,900,516,0.911,0
606,DAPR-2020--Core_Mixing/Effects__Balancing_and_Reverb/Space_Scale_Comparison.png,1600,900,243,0.971,0
607,DAPR-2020--Core_Mixing/Effects__Balancing_and_Reverb/Stone_Reverberant_Chamber.jpg,1600,900,480,0.259,0
608,DAPR-2020--Core_Mixing/Effects__Balancing_and_Reverb/Three_Source_Depth_Map.png,1600,900,129,0.961,0
609,DAPR-2020--Core_Mixing/Effects__Delay_and_Stereo_Enhancements/Figure_8_Null_Plane.png,1600,900,469,0.969,0
610,DAPR-2020--Core_Mixing/Effects__Delay_and_Stereo_Enhancements/Mono_Collapse_Check.png,1600,900,315,0.961,0
611,DAPR-2020--Core_Mixing/Effects__Delay_and_Stereo_Enhancements/Moogerfooger_Analog_Delay.png,502,462,343,0.416,0
612,DAPR-2020--Core_Mixing/Effects__Delay_and_Stereo_Enhancements/Stereo_Delay_Mono_Compatibility.png,1672,941,1325,0.928,0
613,DAPR-2020--Core_Mixing/Effects__Delay_and_Stereo_Enhancements/Width_That_Survives_Mono.jpg,1600,900,335,0.248,0
614,DAPR-2020--Core_Mixing/Effects__Dynamic_Effects/Attack_Too_Fast_Transient_Loss.png,1600,900,310,0.977,0
615,DAPR-2020--Core_Mixing/Effects__Dynamic_Effects/Compression_Dynamic_Range.png,1672,941,1804,0.321,0
616,DAPR-2020--Core_Mixing/Effects__Dynamic_Effects/Dyn3_Compressor_Controls.png,457,153,71,0.614,0
617,DAPR-2020--Core_Mixing/Effects__Dynamic_Effects/Side_Chain_Filter_Kick_Pumping.png,1600,900,344,0.959,0
618,DAPR-2020--Core_Mixing/Effects__Dynamic_Effects/Six_Rules_of_Compression.png,1921,1080,1435,0.693,0
619,DAPR-2020--Core_Mixing/Effects__Frequency_Dynamics_and_Side-Chains/Catching_One_Sound.png,1600,900,79,0.917,0
620,DAPR-2020--Core_Mixing/Effects__Frequency_Dynamics_and_Side-Chains/Kick_Keyed_Ducking_Envelopes.png,1600,1300,190,0.98,0
621,DAPR-2020--Core_Mixing/Effects__Frequency_Dynamics_and_Side-Chains/Multiband_Bands_Versus_Dynamic_EQ_Bell.png,1600,1200,207,0.974,0
622,DAPR-2020--Core_Mixing/Effects__Frequency_Dynamics_and_Side-Chains/One_Band_Moving.png,1600,900,40,0.886,0
623,DAPR-2020--Core_Mixing/Effects__Frequency_Dynamics_and_Side-Chains/Pro_Compressor_Side_Chain_Key_Input.png,645,661,467,0.36,0
624,DAPR-2020--Core_Mixing/Effects__Frequency_Dynamics_and_Side-Chains/Sibilance_Band_And_Key_Filter.png,1600,900,189,0.97,0
625,DAPR-2020--Core_Mixing/Effects__Frequency_Dynamics_and_Side-Chains/Side_Chain_Trigger_and_Ducking.png,805,548,366,0.509,0
626,DAPR-2020--Core_Mixing/Effects__Frequency_Dynamics_and_Side-Chains/Sidechain_Ducking.png,1672,941,1397,0.695,0
627,DAPR-2020--Core_Mixing/Effects__Frequency_Dynamics_and_Side-Chains/Wideband_Versus_Split_Band_De_Essing.png,1600,750,91,0.987,0
628,DAPR-2020--Core_Mixing/Effects__Spectral_Effects_and_EQ/304e_Equalizer_Window.png,906,724,138,0.492,0
629,DAPR-2020--Core_Mixing/Effects__Spectral_Effects_and_EQ/Boost_Wide_Cut_Narrow.png,1600,900,499,0.935,0
630,DAPR-2020--Core_Mixing/Effects__Spectral_Effects_and_EQ/Competing_For_The_Same_Space.png,1600,900,52,0.951,0
631,DAPR-2020--Core_Mixing/Effects__Spectral_Effects_and_EQ/EQ_Frequency_Masking.png,1672,941,1202,0.712,0
632,DAPR-2020--Core_Mixing/Effects__Spectral_Effects_and_EQ/Six_Filter_Shapes.png,1600,900,108,0.936,0
633,DAPR-2020--Core_Mixing/Effects__Spectral_Effects_and_EQ/Tone_Shaping_Bench.jpg,1600,900,316,0.177,0
634,DAPR-2020--Core_Mixing/Effects__Spectral_Effects_and_EQ/Vocal_EQ_Frequency_Band_Chart.jpg,2048,2040,271,0.626,0
635,DAPR-2020--Core_Mixing/Final__Final_Mix_and_Final_Exam/Bounce_Mix_Dialog.png,423,532,35,0.942,0
636,DAPR-2020--Core_Mixing/Final__Final_Mix_and_Final_Exam/Professional_Practice_Bounce_Specification.png,1600,900,703,0.924,0
637,DAPR-2020--Core_Mixing/Final__Final_Mix_and_Final_Exam/Professional_Practice_Bounce_Truncation.png,1600,900,458,0.936,0
638,DAPR-2020--Core_Mixing/Final__Final_Mix_and_Final_Exam/Professional_Practice_Delivery_Verification_Checklist.png,1600,900,327,0.961,0
639,DAPR-2020--Core_Mixing/Final__Final_Mix_and_Final_Exam/Study_Guide_Desk.jpg,1600,900,336,0.33,0
640,DAPR-2020--Core_Mixing/Mixing__Comping_and_Arrangement/Arrangement_Energy_Map.png,1600,1100,91,0.984,0
641,DAPR-2020--Core_Mixing/Mixing__Comping_and_Arrangement/Gray_Clips_with_Star_and_Crossfade.png,1600,900,29,0.998,0
642,DAPR-2020--Core_Mixing/Mixing__Comping_and_Arrangement/Green_to_Blue_Waveform_Splice_Pair.png,1600,900,355,0.964,0
643,DAPR-2020--Core_Mixing/Mixing__Comping_and_Arrangement/Lead_Vocal_Take_Rating_Grid.png,1600,819,62,0.958,0
644,DAPR-2020--Core_Mixing/Mixing__Comping_and_Arrangement/Playlist_Comp_Lanes.png,1600,900,718,0.928,0
645,DAPR-2020--Core_Mixing/Mixing__Comping_and_Arrangement/Pro_Tools_Playlist_Selector_New_Playlist.png,333,253,31,0.726,0
646,DAPR-2020--Core_Mixing/Mixing__Comping_and_Arrangement/Vocal_Comping_Crossfade_Workflow.png,1672,941,1218,0.769,0
647,DAPR-2020--Core_Mixing/Mixing__Essential_Groundwork/Channel_Strip_Full_Window.png,579,768,344,0.537,1
648,DAPR-2020--Core_Mixing/Mixing__Essential_Groundwork/Dashboard_New_Session.png,1252,1400,138,0.969,1
649,DAPR-2020--Core_Mixing/Mixing__Essential_Groundwork/Gain_Staging_Chain.png,1600,900,456,0.909,0
650,DAPR-2020--Core_Mixing/Mixing__Essential_Groundwork/Headroom_As_Space.jpg,1600,900,287,0.382,0
651,DAPR-2020--Core_Mixing/Mixing__Essential_Groundwork/IO_Setup_Bus_Naming.png,787,292,58,0.875,0
652,DAPR-2020--Core_Mixing/Mixing__Essential_Groundwork/Raw_Against_Prepared_Session.png,1600,900,73,0.987,0
653,DAPR-2020--Core_Mixing/Mixing__Essential_Groundwork/Session_Folder_That_Travels.jpg,1600,900,274,0.155,0
654,DAPR-2020--Core_Mixing/Mixing__Essential_Groundwork/Session_Preparation_Bench.jpg,1600,900,448,0.164,0
655,DAPR-2020--Core_Mixing/Mixing__Essential_Groundwork/Session_Setup_Window.png,472,243,26,0.892,0
656,DAPR-2020--Core_Mixing/Mixing__Focus_and_Balance/Balance_Has_A_Shape.jpg,1600,900,240,0.596,0
657,DAPR-2020--Core_Mixing/Mixing__Focus_and_Balance/Channel_Strip_Anatomy.png,1600,900,280,0.947,0
658,DAPR-2020--Core_Mixing/Mixing__Focus_and_Balance/Drum_Mic_Path_Lengths.png,1600,900,350,0.972,0
659,DAPR-2020--Core_Mixing/Mixing__Focus_and_Balance/Multi_System_Playback_Check.png,1600,900,401,0.968,0
660,DAPR-2020--Core_Mixing/Mixing__Focus_and_Balance/Pro_Tools_Mix_Window.png,957,669,600,0.497,0
661,DAPR-2020--Core_Mixing/Mixing__Focus_and_Balance/Single_Blue_Burst_beside_Stacked_Tracks.png,1600,900,671,0.925,0
662,DAPR-2020--Core_Mixing/Mixing__Focus_and_Balance/Single_Clip_beside_Stacked_Track_Rows.png,1600,900,73,0.994,0
663,DAPR-2020--Core_Mixing/Mixing__Focus_and_Balance/Stereo_Field_Map.png,1600,900,263,0.975,0
664,DAPR-2020--Core_Mixing/Mixing__Focus_and_Balance/Technical_Ear_Trainer_Settings.png,1992,1408,415,0.915,0
665,DAPR-2020--Core_Mixing/Mixing__In-Class_Mixing/Five_Accumulating_Passes.png,1600,900,187,0.789,0
666,DAPR-2020--Core_Mixing/Mixing__In-Class_Mixing/Five_Pass_Mix_Order.png,1600,900,262,0.967,0
667,DAPR-2020--Core_Mixing/Mixing__In-Class_Mixing/Mix_Room_Mid_Session.jpg,1600,900,331,0.242,0
668,DAPR-2020--Core_Mixing/Mixing__In-Class_Mixing/Mixing_Against_The_Clock.jpg,1600,900,265,0.408,0
669,DAPR-2020--Core_Mixing/Mixing__In-Class_Mixing/Unity_Against_Shaped_Balance.jpg,1600,900,342,0.274,0
670,DAPR-2020--Core_Mixing/Mixing__Master-Buss_Processing_and_Endgame/Diminishing_Returns.jpg,1600,900,292,0.311,0
671,DAPR-2020--Core_Mixing/Mixing__Master-Buss_Processing_and_Endgame/Distortion_Aliasing_Spectrum.png,1600,750,63,0.992,0
672,DAPR-2020--Core_Mixing/Mixing__Master-Buss_Processing_and_Endgame/Distortion_Bitcrusher_Steps.png,1600,600,70,0.985,0
673,DAPR-2020--Core_Mixing/Mixing__Master-Buss_Processing_and_Endgame/Distortion_Bridge_vs_Neck_Pickup.png,1600,750,66,0.993,0
674,DAPR-2020--Core_Mixing/Mixing__Master-Buss_Processing_and_Endgame/Distortion_Digital_Clip_vs_Analog_Saturation.png,1600,600,97,0.982,0
675,DAPR-2020--Core_Mixing/Mixing__Master-Buss_Processing_and_Endgame/Distortion_Harmonic_Spectra.png,1600,750,56,0.994,0
676,DAPR-2020--Core_Mixing/Mixing__Master-Buss_Processing_and_Endgame/Distortion_Inter_Sample_Peak.png,1600,650,84,0.986,0
677,DAPR-2020--Core_Mixing/Mixing__Master-Buss_Processing_and_Endgame/Distortion_Pedal_Transfer_Curves.png,1600,800,100,0.986,0
678,DAPR-2020--Core_Mixing/Mixing__Master-Buss_Processing_and_Endgame/Distortion_Pre_and_Post_EQ_Chain.png,1600,420,52,0.976,0
679,DAPR-2020--Core_Mixing/Mixing__Master-Buss_Processing_and_Endgame/Distortion_Soft_vs_Hard_Clipping.png,1600,560,74,0.986,0
680,DAPR-2020--Core_Mixing/Mixing__Master-Buss_Processing_and_Endgame/Endgame_Listening_Position.jpg,1600,900,213,0.591,0
681,DAPR-2020--Core_Mixing/Mixing__Master-Buss_Processing_and_Endgame/Headroom_Level_Ladder.png,1600,900,121,0.972,0
682,DAPR-2020--Core_Mixing/Mixing__Master-Buss_Processing_and_Endgame/Headroom_on_Delivery.png,1600,900,344,0.946,0
683,DAPR-2020--Core_Mixing/Mixing__Master-Buss_Processing_and_Endgame/Inter_Sample_Peak.png,1600,800,112,0.985,0
684,DAPR-2020--Core_Mixing/Mixing__Master-Buss_Processing_and_Endgame/Master_Bus_Delivery_Workflow.png,1672,941,1473,0.553,0
685,DAPR-2020--Core_Mixing/Mixing__Master-Buss_Processing_and_Endgame/Master_Chain_Order.png,1600,720,118,0.978,0
686,DAPR-2020--Core_Mixing/Mixing__Timing/Elastic_Audio_Timing_Correction.png,1672,941,1249,0.903,0
687,DAPR-2020--Core_Mixing/Mixing__Timing/Elastic_Audio_Warp_Markers.png,1600,900,469,0.955,0
688,DAPR-2020--Core_Mixing/Mixing__Timing/Marker_Rows_at_Varying_Offsets.png,1600,900,15,0.998,0
689,DAPR-2020--Core_Mixing/Mixing__Timing/Pro_Tools_Tce_Plugin_Preferences.png,353,106,6,0.954,0
690,DAPR-2020--Core_Mixing/Mixing__Timing/Waveform_Rows_against_Grid_Lines.png,1600,900,473,0.937,0
691,DAPR-2020--Core_Mixing/Mixing__Tuning/Correction_Amount_Comparison_Boxed.png,1600,900,47,0.995,0
692,DAPR-2020--Core_Mixing/Mixing__Tuning/Correction_Amount_Comparison_Curves.png,1600,900,324,0.955,0
693,DAPR-2020--Core_Mixing/Mixing__Tuning/Correction_Speed_Scoop.png,1600,900,176,0.978,0
694,DAPR-2020--Core_Mixing/Mixing__Tuning/Fast_Versus_Slow_Retune_Speed.png,1600,1100,210,0.979,0
695,DAPR-2020--Core_Mixing/Mixing__Tuning/Formant_Preservation_On_A_Pitch_Shift.png,1600,1400,186,0.983,0
696,DAPR-2020--Core_Mixing/Mixing__Tuning/Graph_Mode_Versus_Automatic_Mode.png,1600,1300,181,0.984,0
697,DAPR-2020--Core_Mixing/Mixing__Tuning/Lead_And_Double_Tuning_Before_And_After.png,1600,800,162,0.969,0
698,DAPR-2020--Core_Mixing/Mixing__Tuning/Pitch_Center_Drift_And_Vibrato.png,1600,800,147,0.975,0
699,DAPR-2020--Core_Mixing/Mixing__Tuning/Pitch_Correction_Natural_Contour.png,1672,941,1262,0.782,0
700,DAPR-2020--Core_Mixing/Mixing__Tuning/Scale_and_Target_Notes_Boxed.png,1600,900,37,0.982,0
701,DAPR-2020--Core_Mixing/Mixing__Tuning/Scale_and_Target_Notes_Curves.png,1600,900,935,0.826,0
702,DAPR-2020--Core_Mixing/Mixing__Tuning/Worked_Example_Lead_Phrase_Tuning.png,1600,850,119,0.987,0
703,DAPR-2020--Core_Mixing/Monitoring__Calibration_and_Monitoring/Gain_Stages_Chain.png,1600,900,235,0.983,0
704,DAPR-2020--Core_Mixing/Monitoring__Calibration_and_Monitoring/Head_Torso_Measurement.png,1600,900,222,0.98,0
705,DAPR-2020--Core_Mixing/Monitoring__Calibration_and_Monitoring/Headphone_Seal_Cross_Section.png,1600,900,598,0.943,0
706,DAPR-2020--Core_Mixing/Monitoring__Calibration_and_Monitoring/Metering_Preferences.png,1116,1400,185,0.964,0
707,DAPR-2020--Core_Mixing/Monitoring__Calibration_and_Monitoring/Ms_Matrix_Signal_Flow.png,1600,900,381,0.952,0
708,DAPR-2020--Core_Mixing/Orientation__Course_Orientation_and_Feedback/Avtech_Engage.jpg,640,360,82,0.125,0
709,DAPR-2020--Core_Mixing/Orientation__Course_Orientation_and_Feedback/Core_Mixing_DAPR_2020.png,1024,700,949,0.562,0
710,DAPR-2020--Core_Mixing/Orientation__Course_Orientation_and_Feedback/Course_Outline.png,2176,480,1600,0.313,0
711,DAPR-2020--Core_Mixing/Orientation__Course_Orientation_and_Feedback/Course_Outline_Banner_Alt.png,1024,1024,1358,0.44,0
712,DAPR-2020--Core_Mixing/Orientation__Course_Orientation_and_Feedback/Dark_Purple_Course_Title_Card.jpg,655,550,45,0.915,0
713,DAPR-2020--Core_Mixing/Orientation__Course_Orientation_and_Feedback/Grade_Breakdown.png,1600,900,274,0.968,0
714,DAPR-2020--Core_Mixing/Orientation__Course_Orientation_and_Feedback/Learning_Outcomes.png,1600,900,62,0.994,0
715,DAPR-2020--Core_Mixing/Orientation__Course_Orientation_and_Feedback/Syllabus_Banner.jpg,1600,600,176,0.15,0
716,DAPR-2020--Core_Mixing/Orientation__Course_Orientation_and_Feedback/Weekly_Rhythm.png,1600,900,852,0.903,0
717,DAPR-2020--Core_Mixing/Orientation__Course_Orientation_and_Feedback/Worksheet_to_PDF_Flow.png,1600,900,93,0.977,0
718,DAPR-2020--Core_Mixing/Pro_Tools__Fundamentals/PT_Identify_Beat_Bar_Beat_Markers.jpg,383,92,14,0.419,0
719,DAPR-2020--Core_Mixing/Pro_Tools__Fundamentals/Playback_Engine_Window.png,503,670,53,0.951,0
720,DAPR-2020--Core_Mixing/Pro_Tools__Fundamentals/Workstation_Before_You_Start.jpg,1600,900,284,0.236,0
721,DAPR-2020--Core_Mixing/Professional_Practice__Presentations_and_Sessions/Core_Mixing_Lab_DAPR_2020L.png,1024,700,1039,0.518,0
722,DAPR-2020--Core_Mixing/Professional_Practice__Presentations_and_Sessions/Professional_Practice_Multitrack_Download_Flow.png,1600,900,463,0.955,0
723,DAPR-2020--Core_Mixing/Professional_Practice__Presentations_and_Sessions/Professional_Practice_Network_Drive_Path.png,1600,900,280,0.973,0
724,DAPR-2020--Core_Mixing/Professional_Practice__Presentations_and_Sessions/Professional_Practice_Session_Delivery_Package.png,1600,900,522,0.893,0
725,DAPR-2020--Core_Mixing/Professional_Practice__Presentations_and_Sessions/Room_Set_For_A_Presentation.jpg,1600,900,302,0.472,0
726,DAPR-2020--Core_Mixing/Professional_Practice__Presentations_and_Sessions/Ten_Minutes_Divided.jpg,1600,900,271,0.511,0
727,DAPR-2020--Core_Mixing/_unused/Orientation__Course_Orientation_and_Feedback/Open_Canvas_Page_in_New_Tab.png,1837,910,48,0.993,0
728,DAPR-2020--Core_Mixing/_unused/Orientation__Course_Orientation_and_Feedback/Please_Complete_Your_Course_Evaluations.png,1919,1199,270,0.929,0
729,DAPR-2020--Core_Mixing/_unused/Orientation__Course_Orientation_and_Feedback/Student_Course_Evaluations.png,500,884,102,0.928,0
730,DAPR-2020--Core_Mixing/macOS__Foundations/Aax_Plugins_Folder.png,2846,3204,2273,0.939,0
731,DAPR-2020--Core_Mixing/macOS__Foundations/About_General_Settings.png,723,2070,325,0.951,0
732,DAPR-2020--Core_Mixing/macOS__Foundations/About_This_MAC.png,560,1006,139,0.877,0
733,DAPR-2020--Core_Mixing/macOS__Foundations/About_This_MAC_M5.png,1120,2012,272,0.922,0
734,DAPR-2020--Core_Mixing/macOS__Foundations/Activity_Monitor_CPU_Tab.png,1080,944,413,0.929,0
735,DAPR-2020--Core_Mixing/macOS__Foundations/Air_Effects_Pkg_Installer.png,620,469,218,0.247,0
736,DAPR-2020--Core_Mixing/macOS__Foundations/Apogee_Installer_Example.png,650,714,88,0.94,0
737,DAPR-2020--Core_Mixing/macOS__Foundations/App_Leftover_Files.png,1600,612,45,0.956,0
738,DAPR-2020--Core_Mixing/macOS__Foundations/Application_Support_Folder.png,1962,1734,1042,0.887,0
739,DAPR-2020--Core_Mixing/macOS__Foundations/Audio_Devices_Window.png,1416,1012,466,0.922,0
740,DAPR-2020--Core_Mixing/macOS__Foundations/Audio_MIDI_Setup_MIDI_Studio.png,1693,512,264,0.83,1
741,DAPR-2020--Core_Mixing/macOS__Foundations/CPU_Architecture_Timeline.png,1600,451,43,0.971,0
742,DAPR-2020--Core_Mixing/macOS__Foundations/Cd_Alias_Icon.png,376,362,56,0.353,0
743,DAPR-2020--Core_Mixing/macOS__Foundations/Cloud_Status_Icon.png,430,366,74,0.884,0
744,DAPR-2020--Core_Mixing/macOS__Foundations/Cmd_Opt_H_After.jpg,3024,1964,631,0.344,0
745,DAPR-2020--Core_Mixing/macOS__Foundations/Cmd_Opt_H_Before.jpg,3024,1964,568,0.762,0
746,DAPR-2020--Core_Mixing/macOS__Foundations/Compress_Context_Menu.png,618,1056,301,0.379,0
747,DAPR-2020--Core_Mixing/macOS__Foundations/Compressed_Zip_Result.png,330,382,75,0.463,0
748,DAPR-2020--Core_Mixing/macOS__Foundations/Console_No_Messages.png,1080,949,105,0.984,0
749,DAPR-2020--Core_Mixing/macOS__Foundations/DMG_PKG_EXE_Flow.png,1600,632,65,0.954,0
750,DAPR-2020--Core_Mixing/macOS__Foundations/Dark_Toolbar_with_Labeled_Capture_Buttons.png,1600,350,27,0.99,0
751,DAPR-2020--Core_Mixing/macOS__Foundations/Disk_Utility_Erase_Dialog.png,1078,907,279,0.896,0
752,DAPR-2020--Core_Mixing/macOS__Foundations/Disk_Utility_Macintosh_Hd.png,1080,885,273,0.906,0
753,DAPR-2020--Core_Mixing/macOS__Foundations/Dolby_Audio_Bridge_Speaker_Config.png,3932,1886,1390,0.905,0
754,DAPR-2020--Core_Mixing/macOS__Foundations/Dropbox_Installer.png,396,448,54,0.911,0
755,DAPR-2020--Core_Mixing/macOS__Foundations/External_Drive_Sidebar.png,524,322,48,0.964,0
756,DAPR-2020--Core_Mixing/macOS__Foundations/File_System_Timeline.png,1600,440,25,0.991,0
757,DAPR-2020--Core_Mixing/macOS__Foundations/Finder_Settings_Advanced.png,754,794,234,0.916,0
758,DAPR-2020--Core_Mixing/macOS__Foundations/Finder_Settings_General.png,754,852,178,0.959,0
759,DAPR-2020--Core_Mixing/macOS__Foundations/Finder_View_Options.png,472,1292,139,0.978,0
760,DAPR-2020--Core_Mixing/macOS__Foundations/Force_Quit_Window.png,2160,1308,231,0.99,0
761,DAPR-2020--Core_Mixing/macOS__Foundations/Function_Keys_Panel.png,723,2070,309,0.966,0
762,DAPR-2020--Core_Mixing/macOS__Foundations/Get_Info_Kind_Architecture.png,534,1782,298,0.945,0
763,DAPR-2020--Core_Mixing/macOS__Foundations/Go_to_Folder_Autocomplete.png,1222,1180,817,0.776,0
764,DAPR-2020--Core_Mixing/macOS__Foundations/Hardware_Software_Firmware_Stack.png,1600,1088,70,0.981,0
765,DAPR-2020--Core_Mixing/macOS__Foundations/Home_Folder_Contents.png,790,1550,332,0.925,0
766,DAPR-2020--Core_Mixing/macOS__Foundations/Launch_Agents_Daemons_Folders.png,3024,1964,1513,0.912,0
767,DAPR-2020--Core_Mixing/macOS__Foundations/Launch_Agents_vs_Daemons.png,1600,716,70,0.972,0
768,DAPR-2020--Core_Mixing/macOS__Foundations/Launchctl_List_Terminal.png,1081,2527,660,0.999,0
769,DAPR-2020--Core_Mixing/macOS__Foundations/Leftover_Folder_Diagram.png,1600,568,43,0.985,0
770,DAPR-2020--Core_Mixing/macOS__Foundations/Library_Audio_Folder.png,1512,874,334,0.922,0
771,DAPR-2020--Core_Mixing/macOS__Foundations/Login_Items_Panel.png,1446,1898,973,0.922,0
772,DAPR-2020--Core_Mixing/macOS__Foundations/Macintosh_Hd_Get_Info.png,534,1730,225,0.955,0
773,DAPR-2020--Core_Mixing/macOS__Foundations/Mouse_Settings_Panel.png,1446,1898,509,0.94,0
774,DAPR-2020--Core_Mixing/macOS__Foundations/New_Smart_Folder_Menu.png,828,426,182,0.555,0
775,DAPR-2020--Core_Mixing/macOS__Foundations/Package_Contents_Folder.png,1512,950,273,0.971,0
776,DAPR-2020--Core_Mixing/macOS__Foundations/Package_Contents_Menu.png,948,246,90,0.868,0
777,DAPR-2020--Core_Mixing/macOS__Foundations/Privacy_Security_Pane.png,1600,1000,74,0.955,0
778,DAPR-2020--Core_Mixing/macOS__Foundations/Quick_Look_Preview.png,1840,800,350,0.858,0
779,DAPR-2020--Core_Mixing/macOS__Foundations/Root_Folder_Tree.png,1600,674,51,0.966,0
780,DAPR-2020--Core_Mixing/macOS__Foundations/Screenshot_Options_Menu_over_System_Settings.jpg,4032,3024,6022,0.072,0
781,DAPR-2020--Core_Mixing/macOS__Foundations/Sharing_Permissions.png,534,1882,324,0.961,0
782,DAPR-2020--Core_Mixing/macOS__Foundations/Skim_Dmg_Drag_to_Applications.png,540,352,62,0.846,0
783,DAPR-2020--Core_Mixing/macOS__Foundations/Smart_Folder_Icon.png,370,422,101,0.353,0
784,DAPR-2020--Core_Mixing/macOS__Foundations/Smart_Folder_Results.png,3024,1898,983,0.982,0
785,DAPR-2020--Core_Mixing/macOS__Foundations/Sound_Output_List.png,1446,1898,781,0.917,0
786,DAPR-2020--Core_Mixing/macOS__Foundations/Spotlight_Audio_MIDI_Setup.jpg,1790,1592,371,0.296,0
787,DAPR-2020--Core_Mixing/macOS__Foundations/Spotlight_Pro_Tools.jpg,1790,1592,357,0.298,0
788,DAPR-2020--Core_Mixing/macOS__Foundations/System_Info_Memory.png,1200,1652,302,0.982,0
789,DAPR-2020--Core_Mixing/macOS__Foundations/System_Information_USB.png,1512,949,310,0.963,0
790,DAPR-2020--Core_Mixing/macOS__Foundations/Terminal_Pwd_Ls_Cd.png,5282,686,289,0.992,0
791,DAPR-2020--Core_Mixing/macOS__Foundations/Time_Machine_Restore.jpg,5712,4284,3355,0.313,0
792,DAPR-2020--Core_Mixing/macOS__Foundations/Turbotax_Leftover_Folder.png,922,582,133,0.952,0
793,DAPR-2020--Core_Mixing/macOS__Foundations/Utilities_Folder.png,1280,1050,546,0.921,0
794,DAPR-2255--Audio_Hardware_I/AC_and_DC_Electricity/AC_Waveform.png,1564,1006,1283,0.594,0
795,DAPR-2255--Audio_Hardware_I/AC_and_DC_Electricity/AC_vs_DC_Traces.png,2100,880,35,0.998,0
796,DAPR-2255--Audio_Hardware_I/AC_and_DC_Electricity/Assignment_Bench.jpg,1600,900,206,0.434,0
797,DAPR-2255--Audio_Hardware_I/AC_and_DC_Electricity/Audio_AC_vs_Power_AC.png,1536,1024,1640,0.721,0
798,DAPR-2255--Audio_Hardware_I/AC_and_DC_Electricity/Audio_Signal_Levels.png,1536,1024,1571,0.788,0
799,DAPR-2255--Audio_Hardware_I/AC_and_DC_Electricity/Battery_Lamp_Circuit.jpg,1600,900,240,0.573,0
800,DAPR-2255--Audio_Hardware_I/AC_and_DC_Electricity/Bench_PSU.jpg,960,1280,153,0.187,0
801,DAPR-2255--Audio_Hardware_I/AC_and_DC_Electricity/DC_Power_Sources_Audio.png,1536,1024,1562,0.729,0
802,DAPR-2255--Audio_Hardware_I/AC_and_DC_Electricity/Frequency_Worked_Examples.png,1600,1000,119,0.964,0
803,DAPR-2255--Audio_Hardware_I/AC_and_DC_Electricity/Frequency_and_Period.png,1536,1024,1343,0.865,0
804,DAPR-2255--Audio_Hardware_I/AC_and_DC_Electricity/Nikola_Tesla.jpg,940,1260,402,0.51,0
805,DAPR-2255--Audio_Hardware_I/AC_and_DC_Electricity/Outlet_and_Battery.jpg,1600,900,157,0.74,0
806,DAPR-2255--Audio_Hardware_I/AC_and_DC_Electricity/Peak_P2P_RMS.jpg,2100,880,136,0.953,0
807,DAPR-2255--Audio_Hardware_I/AC_and_DC_Electricity/Peak_P2P_RMS.png,2100,880,57,0.995,0
808,DAPR-2255--Audio_Hardware_I/AC_and_DC_Electricity/Peak_P2p_RMS_Voltage.png,1672,941,2046,0.7,0
809,DAPR-2255--Audio_Hardware_I/AC_and_DC_Electricity/Polarity_Phase_Delay.png,1672,941,1155,0.889,0
810,DAPR-2255--Audio_Hardware_I/AC_and_DC_Electricity/Power_Sources_Audio.png,1536,1024,1602,0.759,0
811,DAPR-2255--Audio_Hardware_I/AC_and_DC_Electricity/Sine_Wave_Parts.png,1536,1024,1499,0.827,0
812,DAPR-2255--Audio_Hardware_I/AC_and_DC_Electricity/Thomas_Edison.jpg,960,1229,138,0.745,0
813,DAPR-2255--Audio_Hardware_I/AC_and_DC_Electricity/Why_This_Matters.png,1536,1024,1751,0.61,0
814,DAPR-2255--Audio_Hardware_I/Auxiliary_Resources/Reference_Downloads.png,1600,600,539,0.214,0
815,DAPR-2255--Audio_Hardware_I/Batteries/Alkaline_Cross_Section.jpg,960,795,69,0.948,0
816,DAPR-2255--Audio_Hardware_I/Batteries/Alkaline_Cross_Section.png,1600,1600,1901,0.724,0
817,DAPR-2255--Audio_Hardware_I/Batteries/Assignment_Bench.jpg,1600,900,350,0.467,0
818,DAPR-2255--Audio_Hardware_I/Batteries/Battery_Symbol.jpg,960,1800,5,1.0,0
819,DAPR-2255--Audio_Hardware_I/Batteries/Car_Battery.jpg,960,720,177,0.2,0
820,DAPR-2255--Audio_Hardware_I/Batteries/Cells_Series_Parallel.png,1774,887,989,0.963,0
821,DAPR-2255--Audio_Hardware_I/Batteries/Chemistries_Audio.png,1536,1024,1567,0.749,0
822,DAPR-2255--Audio_Hardware_I/Batteries/Coin_Cell.jpg,798,591,241,0.429,0
823,DAPR-2255--Audio_Hardware_I/Batteries/Disposal_Recycling_Guide.png,1536,1024,1569,0.743,0
824,DAPR-2255--Audio_Hardware_I/Batteries/Galvanic_Cell.jpg,960,1019,70,0.92,0
825,DAPR-2255--Audio_Hardware_I/Batteries/History_Timeline.png,1536,1024,1626,0.723,0
826,DAPR-2255--Audio_Hardware_I/Batteries/Lithium_Ion.jpg,960,720,205,0.338,0
827,DAPR-2255--Audio_Hardware_I/Batteries/Primary_Cell_Diagram.jpg,1774,887,1627,0.641,0
828,DAPR-2255--Audio_Hardware_I/Batteries/Runtime_Estimation.png,1536,1024,1458,0.78,0
829,DAPR-2255--Audio_Hardware_I/Batteries/Series_Parallel_Cells.jpg,2100,880,133,0.855,0
830,DAPR-2255--Audio_Hardware_I/Batteries/Series_Parallel_Cells.png,2100,880,46,0.99,0
831,DAPR-2255--Audio_Hardware_I/Batteries/Studio_Backup_Power_Reference.png,1536,1024,1478,0.796,0
832,DAPR-2255--Audio_Hardware_I/Batteries/Types_Assorted.jpg,1600,900,200,0.657,0
833,DAPR-2255--Audio_Hardware_I/Batteries/Volta_Portrait.jpg,960,1280,192,0.297,0
834,DAPR-2255--Audio_Hardware_I/Batteries/Voltaic_Pile.jpg,960,786,27,0.977,0
835,DAPR-2255--Audio_Hardware_I/Batteries/Zinc_Carbon_Diagram.jpg,1536,1024,374,0.696,0
836,DAPR-2255--Audio_Hardware_I/Capacitors/Assignment_Bench.jpg,1600,900,319,0.696,0
837,DAPR-2255--Audio_Hardware_I/Capacitors/Axial.jpg,960,664,149,0.409,0
838,DAPR-2255--Audio_Hardware_I/Capacitors/Ceramic.jpg,1000,667,30,0.927,0
839,DAPR-2255--Audio_Hardware_I/Capacitors/Ceramic_3_Digit_Code.png,1536,1024,1373,0.829,0
840,DAPR-2255--Audio_Hardware_I/Capacitors/Charging_Curve.jpg,2100,880,119,0.969,0
841,DAPR-2255--Audio_Hardware_I/Capacitors/Charging_Curve.png,2100,880,52,0.995,0
842,DAPR-2255--Audio_Hardware_I/Capacitors/Charging_Graph.jpg,1536,1024,952,0.973,0
843,DAPR-2255--Audio_Hardware_I/Capacitors/Charging_Stages.jpg,960,360,30,0.973,0
844,DAPR-2255--Audio_Hardware_I/Capacitors/Electrolytic_3D_Render.jpg,615,615,48,0.4,0
845,DAPR-2255--Audio_Hardware_I/Capacitors/Electrolytic_Aluminum.png,1536,1024,1877,0.656,0
846,DAPR-2255--Audio_Hardware_I/Capacitors/Electrolytic_Large_Bank.jpg,1600,1200,362,0.201,0
847,DAPR-2255--Audio_Hardware_I/Capacitors/Electrolytic_Power_Supply_Macro.jpg,4194,2516,961,0.217,0
848,DAPR-2255--Audio_Hardware_I/Capacitors/Electrolytic_Types.jpg,960,559,102,0.605,0
849,DAPR-2255--Audio_Hardware_I/Capacitors/Electrolytic_Variety.jpg,960,712,124,0.391,0
850,DAPR-2255--Audio_Hardware_I/Capacitors/Electrolytic_on_PCB.jpg,1000,662,127,0.248,0
851,DAPR-2255--Audio_Hardware_I/Capacitors/Film_Cap.jpg,960,611,83,0.76,0
852,DAPR-2255--Audio_Hardware_I/Capacitors/High_Pass_RC.jpg,2100,880,92,0.976,0
853,DAPR-2255--Audio_Hardware_I/Capacitors/High_Pass_RC.png,2100,880,30,0.998,0
854,DAPR-2255--Audio_Hardware_I/Capacitors/History_Timeline.png,1536,1024,1612,0.755,0
855,DAPR-2255--Audio_Hardware_I/Capacitors/Kemet_330uF_450V_Product.jpg,714,716,44,0.893,0
856,DAPR-2255--Audio_Hardware_I/Capacitors/Kit_Storage_Bins.jpg,2382,1414,985,0.163,0
857,DAPR-2255--Audio_Hardware_I/Capacitors/Kit_Value_Labels.jpg,3590,2018,1735,0.062,0
858,DAPR-2255--Audio_Hardware_I/Capacitors/Leyden_Jar.png,1448,1086,1838,0.152,0
859,DAPR-2255--Audio_Hardware_I/Capacitors/Pass_AC_Frequency_Dependent.png,1536,1024,1675,0.776,0
860,DAPR-2255--Audio_Hardware_I/Capacitors/Rc_Filter.jpg,960,538,13,0.995,0
861,DAPR-2255--Audio_Hardware_I/Capacitors/Supercap.jpg,960,720,178,0.259,0
862,DAPR-2255--Audio_Hardware_I/Capacitors/Symbol.jpg,960,455,1,1.0,0
863,DAPR-2255--Audio_Hardware_I/Capacitors/Types_in_Audio_Circuits.png,1536,1024,1459,0.808,0
864,DAPR-2255--Audio_Hardware_I/Capacitors/Various_Types.jpg,960,640,132,0.219,0
865,DAPR-2255--Audio_Hardware_I/Course_Orientation/Bench_Overview.jpg,1600,900,515,0.265,0
866,DAPR-2255--Audio_Hardware_I/Course_Orientation/Prerequisites_Bench.png,1600,600,498,0.179,0
867,DAPR-2255--Audio_Hardware_I/Course_Orientation/Syllabus_Banner.png,1600,600,585,0.209,0
868,DAPR-2255--Audio_Hardware_I/Course_Orientation/Term_Timeline.png,1600,1000,98,0.966,0
869,DAPR-2255--Audio_Hardware_I/Diodes_and_LEDs/1N4001_Diode.jpg,960,640,12,0.983,0
870,DAPR-2255--Audio_Hardware_I/Diodes_and_LEDs/Assignment_Bench.jpg,1600,900,310,0.858,0
871,DAPR-2255--Audio_Hardware_I/Diodes_and_LEDs/Assorted_LEDs.jpg,960,338,29,0.824,0
872,DAPR-2255--Audio_Hardware_I/Diodes_and_LEDs/Braun_Portrait.jpg,280,396,63,0.616,0
873,DAPR-2255--Audio_Hardware_I/Diodes_and_LEDs/Bridge_Rectifier.jpg,480,416,13,0.984,0
874,DAPR-2255--Audio_Hardware_I/Diodes_and_LEDs/Cathode_Band_and_Symbol.png,2100,880,31,0.997,0
875,DAPR-2255--Audio_Hardware_I/Diodes_and_LEDs/Colors.png,1564,1006,1612,0.365,0
876,DAPR-2255--Audio_Hardware_I/Diodes_and_LEDs/Diode_1N4001_B.jpg,960,203,37,0.35,0
877,DAPR-2255--Audio_Hardware_I/Diodes_and_LEDs/Diode_Symbol.jpg,960,412,7,0.995,0
878,DAPR-2255--Audio_Hardware_I/Diodes_and_LEDs/Flyback_Protection.png,1600,900,226,0.987,0
879,DAPR-2255--Audio_Hardware_I/Diodes_and_LEDs/Kit_Parts.jpg,960,720,116,0.499,0
880,DAPR-2255--Audio_Hardware_I/Diodes_and_LEDs/LED_5mm_Cycling.jpg,960,1200,159,0.504,0
881,DAPR-2255--Audio_Hardware_I/Diodes_and_LEDs/LED_Circuit.jpg,1774,887,655,0.993,0
882,DAPR-2255--Audio_Hardware_I/Diodes_and_LEDs/LED_Circuit.png,1600,900,16,0.998,0
883,DAPR-2255--Audio_Hardware_I/Diodes_and_LEDs/LED_RGB_Projector.jpg,960,640,78,0.175,0
884,DAPR-2255--Audio_Hardware_I/Diodes_and_LEDs/Overview_Banner.png,1600,600,560,0.469,0
885,DAPR-2255--Audio_Hardware_I/Diodes_and_LEDs/Photodiode_Symbol.jpg,960,333,9,0.992,0
886,DAPR-2255--Audio_Hardware_I/Diodes_and_LEDs/Protection_Circuits_Diagram.png,1586,992,1069,0.905,0
887,DAPR-2255--Audio_Hardware_I/Diodes_and_LEDs/RGB_LED.jpg,960,640,32,0.927,0
888,DAPR-2255--Audio_Hardware_I/Diodes_and_LEDs/Reverse_Polarity_Protection.png,1600,900,157,0.985,0
889,DAPR-2255--Audio_Hardware_I/Diodes_and_LEDs/Schottky_Symbol.jpg,960,412,8,0.995,0
890,DAPR-2255--Audio_Hardware_I/Diodes_and_LEDs/Series_Resistor_Method.jpg,2100,880,145,0.845,0
891,DAPR-2255--Audio_Hardware_I/Diodes_and_LEDs/Series_Resistor_Method.png,2100,880,93,0.987,0
892,DAPR-2255--Audio_Hardware_I/Diodes_and_LEDs/Zener_Photo.jpg,960,640,69,0.812,0
893,DAPR-2255--Audio_Hardware_I/Diodes_and_LEDs/Zener_Symbol.jpg,960,400,22,0.992,0
894,DAPR-2255--Audio_Hardware_I/Inductors_and_Transformers/Air_Coil.jpg,960,720,80,0.745,0
895,DAPR-2255--Audio_Hardware_I/Inductors_and_Transformers/Assignment_Bench.jpg,1600,900,376,0.267,0
896,DAPR-2255--Audio_Hardware_I/Inductors_and_Transformers/Assorted_Inductors.png,1564,1006,1433,0.799,0
897,DAPR-2255--Audio_Hardware_I/Inductors_and_Transformers/Audio_Voltage_Current_Impedance.png,1536,1024,1837,0.689,0
898,DAPR-2255--Audio_Hardware_I/Inductors_and_Transformers/Chip_Inductor_Internal_Structure.jpg,1448,822,159,0.719,0
899,DAPR-2255--Audio_Hardware_I/Inductors_and_Transformers/Choke.jpg,760,899,179,0.712,0
900,DAPR-2255--Audio_Hardware_I/Inductors_and_Transformers/Faraday_Portrait.jpg,960,1241,151,0.737,0
901,DAPR-2255--Audio_Hardware_I/Inductors_and_Transformers/Ferrite_Bead_Bare.jpg,960,690,53,0.814,0
902,DAPR-2255--Audio_Hardware_I/Inductors_and_Transformers/Ferrite_Bead_Cable.jpg,960,720,41,0.909,0
903,DAPR-2255--Audio_Hardware_I/Inductors_and_Transformers/Ferrite_Bead_Symbol.jpg,960,753,14,0.997,0
904,DAPR-2255--Audio_Hardware_I/Inductors_and_Transformers/Ferrite_Beads.jpg,960,819,595,0.729,0
905,DAPR-2255--Audio_Hardware_I/Inductors_and_Transformers/Ferrite_Toroid_Core.jpg,960,720,68,0.717,0
906,DAPR-2255--Audio_Hardware_I/Inductors_and_Transformers/Overview_Banner.png,1600,600,495,0.168,0
907,DAPR-2255--Audio_Hardware_I/Inductors_and_Transformers/PCB_Transformer.jpg,960,723,64,0.754,0
908,DAPR-2255--Audio_Hardware_I/Inductors_and_Transformers/Power_Xfmr.jpg,960,573,154,0.122,0
909,DAPR-2255--Audio_Hardware_I/Inductors_and_Transformers/Symbol.jpg,960,960,18,0.997,0
910,DAPR-2255--Audio_Hardware_I/Inductors_and_Transformers/Toroidal.jpg,960,720,94,0.429,0
911,DAPR-2255--Audio_Hardware_I/Inductors_and_Transformers/Toroidal_Xfmr.jpg,960,1234,179,0.801,0
912,DAPR-2255--Audio_Hardware_I/Inductors_and_Transformers/Turns_Ratio.png,1536,1024,1244,0.922,0
913,DAPR-2255--Audio_Hardware_I/Inductors_and_Transformers/Turns_Ratio_Three_Jobs.jpg,2100,880,261,0.703,0
914,DAPR-2255--Audio_Hardware_I/Inductors_and_Transformers/Turns_Ratio_Three_Jobs.png,2100,880,77,0.991,0
915,DAPR-2255--Audio_Hardware_I/MIDI__Foundation/Byte_Structure.png,1600,900,36,0.993,0
916,DAPR-2255--Audio_Hardware_I/MIDI__Foundation/DIN_Cable_Seated_in_Jack.jpg,1600,900,166,0.806,0
917,DAPR-2255--Audio_Hardware_I/MIDI__Foundation/Keyboard_Controller.jpg,1600,900,236,0.587,0
918,DAPR-2255--Audio_Hardware_I/MIDI__Foundation/Monitor_Window.png,1000,1700,766,0.935,0
919,DAPR-2255--Audio_Hardware_I/MIDI__Foundation/Note_on_Note_Off_Timeline.png,1600,900,286,0.931,0
920,DAPR-2255--Audio_Hardware_I/MIDI__Foundation/Same_File_Two_Synths.png,1600,900,560,0.875,0
921,DAPR-2255--Audio_Hardware_I/MIDI__Foundation/What_MIDI_Carries.png,1600,900,617,0.848,0
922,DAPR-2255--Audio_Hardware_I/MIDI__MIDI_Evolution_and_Extended_Protocols/1_vs_2_Resolution.png,1600,900,762,0.724,0
923,DAPR-2255--Audio_Hardware_I/MIDI__MIDI_Evolution_and_Extended_Protocols/Cc_to_DMX_Scaling.png,1600,900,745,0.843,0
924,DAPR-2255--Audio_Hardware_I/MIDI__MIDI_Evolution_and_Extended_Protocols/Device_GM_Mmc_Properties.png,1014,592,124,0.973,0
925,DAPR-2255--Audio_Hardware_I/MIDI__MIDI_Evolution_and_Extended_Protocols/GM_Channel_10.png,1600,900,23,0.994,0
926,DAPR-2255--Audio_Hardware_I/MIDI__MIDI_Evolution_and_Extended_Protocols/Msc_Device_Id.png,1600,900,641,0.794,0
927,DAPR-2255--Audio_Hardware_I/MIDI__MIDI_Evolution_and_Extended_Protocols/OSC_Address_Anatomy.png,1600,900,116,0.987,0
928,DAPR-2255--Audio_Hardware_I/MIDI__MIDI_Evolution_and_Extended_Protocols/OSC_DIN_Beside_Ethernet.jpg,1600,900,241,0.602,0
929,DAPR-2255--Audio_Hardware_I/MIDI__MIDI_Evolution_and_Extended_Protocols/Qlab_Cue_List.png,1600,1072,460,0.957,0
930,DAPR-2255--Audio_Hardware_I/MIDI__MIDI_Evolution_and_Extended_Protocols/USB_C_Instrument_Rear.jpg,1600,900,358,0.876,0
931,DAPR-2255--Audio_Hardware_I/MIDI__MIDI_Over_USB_and_Network_Systems/Cross_Protocol_Isolation.png,1600,900,55,0.99,0
932,DAPR-2255--Audio_Hardware_I/MIDI__MIDI_Over_USB_and_Network_Systems/Jitter_Buffer_Tradeoff.png,1600,900,723,0.839,0
933,DAPR-2255--Audio_Hardware_I/MIDI__MIDI_Over_USB_and_Network_Systems/Managed_Switch.jpg,1600,900,230,0.528,0
934,DAPR-2255--Audio_Hardware_I/MIDI__MIDI_Over_USB_and_Network_Systems/RTP_Session_Handshake.png,1600,900,34,0.994,0
935,DAPR-2255--Audio_Hardware_I/MIDI__MIDI_Over_USB_and_Network_Systems/RTP_Two_Interfaces_One_Cable.jpg,1600,900,273,0.52,0
936,DAPR-2255--Audio_Hardware_I/MIDI__MIDI_Over_USB_and_Network_Systems/Serial_vs_Network_Transport.png,1600,900,752,0.742,0
937,DAPR-2255--Audio_Hardware_I/MIDI__MIDI_Over_USB_and_Network_Systems/USB_B_Cable_End.jpg,1600,900,262,0.734,0
938,DAPR-2255--Audio_Hardware_I/MIDI__MIDI_Over_USB_and_Network_Systems/VLAN_Segmentation.png,1600,900,52,0.992,0
939,DAPR-2255--Audio_Hardware_I/MIDI__MIDI_Troubleshooting_and_Diagnostics/Network_MIDI_Preferences.png,1600,1218,221,0.977,0
940,DAPR-2255--Audio_Hardware_I/MIDI__MIDI_Troubleshooting_and_Diagnostics/Test_Kit_Layout.jpg,1600,900,330,0.47,0
941,DAPR-2255--Audio_Hardware_I/MIDI__MIDI_Troubleshooting_and_Diagnostics/Troubleshooting_Cable_Pulled.jpg,1600,900,173,0.641,0
942,DAPR-2255--Audio_Hardware_I/MIDI__Systems_and_Implementation/Clock_vs_MTC.png,1600,900,374,0.951,0
943,DAPR-2255--Audio_Hardware_I/MIDI__Systems_and_Implementation/DIN_Connector_Face.jpg,1600,900,252,0.742,0
944,DAPR-2255--Audio_Hardware_I/MIDI__Systems_and_Implementation/DMX_Fixture.jpg,950,650,111,0.848,0
945,DAPR-2255--Audio_Hardware_I/MIDI__Systems_and_Implementation/DMX_Terminator.jpg,1280,1280,87,0.841,0
946,DAPR-2255--Audio_Hardware_I/MIDI__Systems_and_Implementation/DMX_Universe_Addressing.png,1600,900,26,0.994,0
947,DAPR-2255--Audio_Hardware_I/MIDI__Systems_and_Implementation/Interface_Rear_Panel.jpg,1600,900,255,0.892,0
948,DAPR-2255--Audio_Hardware_I/MIDI__Systems_and_Implementation/Local_Control_Double_Trigger.png,1600,900,696,0.829,0
949,DAPR-2255--Audio_Hardware_I/MIDI__Systems_and_Implementation/PAR_Fixture_DIP_Switch_Bank.jpg,1024,768,208,0.192,0
950,DAPR-2255--Audio_Hardware_I/MIDI__Systems_and_Implementation/PAR_Fixture_on_Double_Yoke_Bracket.jpg,1600,900,277,0.571,0
951,DAPR-2255--Audio_Hardware_I/MIDI__Systems_and_Implementation/Rack_Sound_Module.jpg,1600,900,144,0.788,0
952,DAPR-2255--Audio_Hardware_I/MIDI__Systems_and_Implementation/Show_Control_Hub.png,1600,900,42,0.993,0
953,DAPR-2255--Audio_Hardware_I/MIDI__Systems_and_Implementation/TRS_MIDI_Cables_3.5mm.jpg,1600,900,369,0.578,0
954,DAPR-2255--Audio_Hardware_I/MIDI__Systems_and_Implementation/Thru_Box.jpg,1600,900,253,0.635,0
955,DAPR-2255--Audio_Hardware_I/MIDI__Systems_and_Implementation/Thru_Chain_vs_Thru_Box.png,1600,900,826,0.784,0
956,DAPR-2255--Audio_Hardware_I/Multimeters/Analog_Meter.jpg,960,1322,305,0.116,0
957,DAPR-2255--Audio_Hardware_I/Multimeters/Assignment_Bench.jpg,1600,900,270,0.297,0
958,DAPR-2255--Audio_Hardware_I/Multimeters/Clamp_Meter.jpg,640,480,147,0.26,0
959,DAPR-2255--Audio_Hardware_I/Multimeters/Digital_Meter.jpg,1024,1536,315,0.685,0
960,DAPR-2255--Audio_Hardware_I/Multimeters/Digital_Meter_Photo.jpg,672,800,193,0.378,0
961,DAPR-2255--Audio_Hardware_I/Multimeters/Jack_Selection.jpg,1600,900,420,0.36,0
962,DAPR-2255--Audio_Hardware_I/Multimeters/Jack_Selection.png,2100,880,140,0.983,0
963,DAPR-2255--Audio_Hardware_I/Multimeters/Jack_Selection_Alt.jpg,2100,880,261,0.596,0
964,DAPR-2255--Audio_Hardware_I/Multimeters/Oersted_Portrait.jpg,960,1150,243,0.316,0
965,DAPR-2255--Audio_Hardware_I/Multimeters/Oscilloscope.jpg,1130,420,111,0.521,0
966,DAPR-2255--Audio_Hardware_I/Multimeters/Overview_Hero.png,1448,1086,2123,0.178,0
967,DAPR-2255--Audio_Hardware_I/Multimeters/Test_Leads.jpg,960,825,106,0.686,0
968,DAPR-2255--Audio_Hardware_I/Multimeters/Wheatstone_Bridge.jpg,960,948,22,0.99,0
969,DAPR-2255--Audio_Hardware_I/Ohms_Law/Assignment_Bench.jpg,1600,900,215,0.734,0
970,DAPR-2255--Audio_Hardware_I/Ohms_Law/Circuit_Diagram.png,1564,1006,689,0.986,0
971,DAPR-2255--Audio_Hardware_I/Ohms_Law/Georg_Ohm_Portrait.jpg,960,1236,231,0.435,0
972,DAPR-2255--Audio_Hardware_I/Ohms_Law/Overview_Hero.png,1374,1145,846,0.975,0
973,DAPR-2255--Audio_Hardware_I/Ohms_Law/Pie_Chart.jpg,960,960,112,0.856,0
974,DAPR-2255--Audio_Hardware_I/Ohms_Law/Potentiometer.jpg,888,1040,74,0.731,0
975,DAPR-2255--Audio_Hardware_I/Ohms_Law/Triangle_and_Rearrangements.jpg,2100,880,158,0.91,0
976,DAPR-2255--Audio_Hardware_I/Ohms_Law/Triangle_and_Rearrangements.png,2100,880,49,0.996,0
977,DAPR-2255--Audio_Hardware_I/Ohms_Law/Voltage_Divider.jpg,1254,1254,734,0.992,0
978,DAPR-2255--Audio_Hardware_I/Ohms_Law/Wheel_Basic.png,1254,1254,1481,0.401,0
979,DAPR-2255--Audio_Hardware_I/Ohms_Law/Wheel_Colorcoded.png,1254,1254,1875,0.382,0
980,DAPR-2255--Audio_Hardware_I/Ohms_Law/Wheel_Colorcoded_Numbers.png,1254,1254,1985,0.372,0
981,DAPR-2255--Audio_Hardware_I/Ohms_Law/Wheel_Numbers.png,1254,1254,1564,0.432,0
982,DAPR-2255--Audio_Hardware_I/Power/Amplifier_Specs_Infographic.png,1586,992,1188,0.854,0
983,DAPR-2255--Audio_Hardware_I/Power/Assignment_Bench.jpg,1600,900,268,0.455,0
984,DAPR-2255--Audio_Hardware_I/Power/Doubling_is_3dB.png,1600,900,429,0.885,0
985,DAPR-2255--Audio_Hardware_I/Power/Heatsink.jpg,883,684,147,0.184,0
986,DAPR-2255--Audio_Hardware_I/Power/Heatsink_Amplifier_Chassis.jpg,1600,900,293,0.529,0
987,DAPR-2255--Audio_Hardware_I/Power/Heatsink_CPU_Cooler.jpg,1600,900,366,0.332,0
988,DAPR-2255--Audio_Hardware_I/Power/Heatsink_To220_Pair.jpg,800,800,60,0.782,1
989,DAPR-2255--Audio_Hardware_I/Power/Heatsink_Why_Fins_Work.png,1600,900,964,0.748,0
990,DAPR-2255--Audio_Hardware_I/Power/Heatsink_Why_Fins_Work_Alt.png,1600,900,26,0.993,0
991,DAPR-2255--Audio_Hardware_I/Power/James_Watt_Portrait.jpg,960,1222,221,0.37,0
992,DAPR-2255--Audio_Hardware_I/Power/Joule_Portrait.jpg,334,480,21,0.428,0
993,DAPR-2255--Audio_Hardware_I/Power/Overview_Banner.png,1600,600,534,0.35,0
994,DAPR-2255--Audio_Hardware_I/Power/Power_Factor_Graph.jpg,960,768,61,0.98,0
995,DAPR-2255--Audio_Hardware_I/Power/Watt_Steam_Engine.jpg,960,783,172,0.227,0
996,DAPR-2255--Audio_Hardware_I/Power/Wattmeter.jpg,890,1204,124,0.624,0
997,DAPR-2255--Audio_Hardware_I/Resistors/Assignment_Bench.jpg,1600,900,292,0.79,0
998,DAPR-2255--Audio_Hardware_I/Resistors/Assorted_Types.jpg,796,966,106,0.657,0
999,DAPR-2255--Audio_Hardware_I/Resistors/Audio_Applications_Infographic.png,1563,1006,1667,0.696,0
1000,DAPR-2255--Audio_Hardware_I/Resistors/Color_Code_Chart_Dark.png,1243,1266,794,0.759,0
1001,DAPR-2255--Audio_Hardware_I/Resistors/Color_Code_Light.png,960,978,70,0.821,0
1002,DAPR-2255--Audio_Hardware_I/Resistors/Color_Digit_Chart.jpg,2100,880,161,0.731,0
1003,DAPR-2255--Audio_Hardware_I/Resistors/Four_Band_Worked.png,2100,880,45,0.986,0
1004,DAPR-2255--Audio_Hardware_I/Resistors/In_Circuit_Parallel_Path.jpg,1600,900,238,0.38,0
1005,DAPR-2255--Audio_Hardware_I/Resistors/Ldr.jpg,745,745,296,0.311,0
1006,DAPR-2255--Audio_Hardware_I/Resistors/Overview_Banner.png,1600,600,606,0.573,0
1007,DAPR-2255--Audio_Hardware_I/Resistors/PCB_Resistor.jpg,960,540,106,0.124,0
1008,DAPR-2255--Audio_Hardware_I/Resistors/Potentiometer_Symbol.jpg,960,768,6,1.0,0
1009,DAPR-2255--Audio_Hardware_I/Resistors/Power_Ratings.jpg,960,1280,219,0.41,0
1010,DAPR-2255--Audio_Hardware_I/Resistors/Smd_Resistors.jpg,932,1073,285,0.117,0
1011,DAPR-2255--Audio_Hardware_I/Resistors/Symbol_Ansi.jpg,960,360,2,1.0,0
1012,DAPR-2255--Audio_Hardware_I/Resistors/Symbol_Iec.jpg,960,320,1,1.0,0
1013,DAPR-2255--Audio_Hardware_I/Schematics/Assignment_Bench.jpg,1600,900,408,0.096,0
1014,DAPR-2255--Audio_Hardware_I/Schematics/Battery_Schematic_Symbol.png,1774,887,754,0.893,0
1015,DAPR-2255--Audio_Hardware_I/Schematics/Breadboard_Circuit.jpg,960,720,192,0.087,0
1016,DAPR-2255--Audio_Hardware_I/Schematics/Circuit_Board_Detail.jpg,960,606,130,0.059,0
1017,DAPR-2255--Audio_Hardware_I/Schematics/Connector_Jack_Symbol.png,1600,900,248,0.991,0
1018,DAPR-2255--Audio_Hardware_I/Schematics/Earth_Ground_Symbol.jpg,960,1440,3,1.0,0
1019,DAPR-2255--Audio_Hardware_I/Schematics/Fuse_Symbol.png,1600,900,190,0.988,0
1020,DAPR-2255--Audio_Hardware_I/Schematics/Junction_Dot.jpg,2100,880,91,0.981,0
1021,DAPR-2255--Audio_Hardware_I/Schematics/Junction_Dot.png,2100,880,25,0.998,0
1022,DAPR-2255--Audio_Hardware_I/Schematics/Logic_Gates.png,1600,900,115,0.988,0
1023,DAPR-2255--Audio_Hardware_I/Schematics/Loudspeaker_Symbol.png,1600,900,234,0.988,0
1024,DAPR-2255--Audio_Hardware_I/Schematics/Microphone_Symbol.png,1600,900,233,0.99,0
1025,DAPR-2255--Audio_Hardware_I/Schematics/Opamp_Symbol.jpg,960,720,30,0.992,0
1026,DAPR-2255--Audio_Hardware_I/Schematics/PCB_Photo.jpg,960,640,341,0.143,0
1027,DAPR-2255--Audio_Hardware_I/Schematics/Reference_Designators.png,1448,1086,1569,0.742,0
1028,DAPR-2255--Audio_Hardware_I/Schematics/Voltage_Source.jpg,960,960,14,0.998,0
1029,DAPR-2255--Audio_Hardware_I/Schematics/Wire_Junction.png,1774,887,665,0.994,0
1030,DAPR-2255--Audio_Hardware_I/Series_and_Parallel_Circuits/Assignment_Bench.jpg,1600,900,270,0.6,0
1031,DAPR-2255--Audio_Hardware_I/Series_and_Parallel_Circuits/Circuit_Schematic.png,960,704,15,0.993,0
1032,DAPR-2255--Audio_Hardware_I/Series_and_Parallel_Circuits/Kcl.png,960,935,23,0.994,0
1033,DAPR-2255--Audio_Hardware_I/Series_and_Parallel_Circuits/Kirchhoff_Portrait.jpg,960,1353,304,0.642,0
1034,DAPR-2255--Audio_Hardware_I/Series_and_Parallel_Circuits/Kirchhoffs_Laws.png,1536,1024,1606,0.754,0
1035,DAPR-2255--Audio_Hardware_I/Series_and_Parallel_Circuits/Kvl.png,960,840,33,0.992,0
1036,DAPR-2255--Audio_Hardware_I/Series_and_Parallel_Circuits/Loaded_Voltage_Divider.png,1536,1024,1496,0.663,0
1037,DAPR-2255--Audio_Hardware_I/Series_and_Parallel_Circuits/One_Path.png,2100,880,31,0.998,0
1038,DAPR-2255--Audio_Hardware_I/Series_and_Parallel_Circuits/Parallel.png,960,565,10,0.995,0
1039,DAPR-2255--Audio_Hardware_I/Series_and_Parallel_Circuits/Parallel_Formula.png,1254,1254,1596,0.568,0
1040,DAPR-2255--Audio_Hardware_I/Series_and_Parallel_Circuits/Parallel_Resistor_Example.png,1536,1024,1512,0.718,0
1041,DAPR-2255--Audio_Hardware_I/Series_and_Parallel_Circuits/Series_Example.png,1564,1006,1136,0.838,0
1042,DAPR-2255--Audio_Hardware_I/Series_and_Parallel_Circuits/Series_Parallel_Resistors.jpg,960,1397,16,0.997,0
1043,DAPR-2255--Audio_Hardware_I/Series_and_Parallel_Circuits/Series_Voltage_Drops.png,1536,1024,1290,0.869,0
1044,DAPR-2255--Audio_Hardware_I/Series_and_Parallel_Circuits/Series_and_Parallel_Metered.png,960,372,28,0.973,0
1045,DAPR-2255--Audio_Hardware_I/Series_and_Parallel_Circuits/Several_Paths.jpg,2100,880,123,0.949,0
1046,DAPR-2255--Audio_Hardware_I/Series_and_Parallel_Circuits/Several_Paths.png,2100,880,32,0.997,0
1047,DAPR-2255--Audio_Hardware_I/Series_and_Parallel_Circuits/Voltage_Divider.jpg,2100,880,76,0.988,0
1048,DAPR-2255--Audio_Hardware_I/Series_and_Parallel_Circuits/Voltage_Divider.png,2100,880,54,0.992,0
1049,DAPR-2255--Audio_Hardware_I/Series_and_Parallel_Circuits/Voltage_Divider_Infographic.png,1639,960,1267,0.708,0
1050,DAPR-2255--Audio_Hardware_I/Switches/3pdt_Toggle_Photo.jpg,1000,667,72,0.761,0
1051,DAPR-2255--Audio_Hardware_I/Switches/Assignment_Bench.jpg,1600,900,292,0.639,0
1052,DAPR-2255--Audio_Hardware_I/Switches/Dip_Switch.jpg,960,584,84,0.552,0
1053,DAPR-2255--Audio_Hardware_I/Switches/Dpdt_Symbol.jpg,960,1222,19,0.997,0
1054,DAPR-2255--Audio_Hardware_I/Switches/Dpst_Symbol.jpg,960,776,12,0.996,0
1055,DAPR-2255--Audio_Hardware_I/Switches/Evolution_of_Switching.png,1536,1024,1746,0.693,0
1056,DAPR-2255--Audio_Hardware_I/Switches/Poles_Throws_Lugcount.jpg,2100,880,249,0.73,0
1057,DAPR-2255--Audio_Hardware_I/Switches/Poles_Throws_Lugcount.png,2100,880,36,0.995,0
1058,DAPR-2255--Audio_Hardware_I/Switches/Push_Button_Box.jpg,960,531,91,0.187,0
1059,DAPR-2255--Audio_Hardware_I/Switches/Pushbutton_Sparkfun.jpg,960,641,147,0.315,0
1060,DAPR-2255--Audio_Hardware_I/Switches/Relay_Schematic_Symbols.png,1536,1024,1666,0.728,0
1061,DAPR-2255--Audio_Hardware_I/Switches/Rocker_Switch.jpg,960,609,172,0.271,0
1062,DAPR-2255--Audio_Hardware_I/Switches/Rotary_Switch.jpg,960,1707,220,0.412,0
1063,DAPR-2255--Audio_Hardware_I/Switches/Slide_Switch.jpg,600,600,138,0.796,0
1064,DAPR-2255--Audio_Hardware_I/Switches/Spdt_Symbol.jpg,960,462,11,0.995,0
1065,DAPR-2255--Audio_Hardware_I/Switches/Spst_Symbol.jpg,960,277,6,0.996,0
1066,DAPR-2255--Audio_Hardware_I/Switches/Talkback_Box_Switches.png,1536,1024,1643,0.817,0
1067,DAPR-2255--Audio_Hardware_I/Switches/Throws_and_Poles.png,1536,1024,1584,0.748,0
1068,DAPR-2255--Audio_Hardware_I/Switches/Toggle_Panel_Mount.jpg,960,597,229,0.14,0
1069,DAPR-2255--Audio_Hardware_I/Switches/Toggle_Switch_Photo.png,1448,1086,1095,0.841,0
1070,DAPR-2255--Audio_Hardware_I/Switches/Types_in_Audio_Equipment.png,1536,1024,1641,0.753,0
1071,DAPR-2255--Audio_Hardware_I/Switches/Wiring_Diagrams.jpg,1024,1536,1085,0.964,0
1072,DAPR-2255--Audio_Hardware_I/Transistors/2N2222A.jpg,960,813,298,0.176,0
1073,DAPR-2255--Audio_Hardware_I/Transistors/2N2222B.jpg,960,911,361,0.168,0
1074,DAPR-2255--Audio_Hardware_I/Transistors/Amplifier_Circuit.jpg,960,960,9,0.997,0
1075,DAPR-2255--Audio_Hardware_I/Transistors/Applications_in_Audio.png,1536,1024,1644,0.753,0
1076,DAPR-2255--Audio_Hardware_I/Transistors/As_a_Switch.jpg,2100,880,138,0.916,0
1077,DAPR-2255--Audio_Hardware_I/Transistors/As_a_Switch.png,2100,880,153,0.985,0
1078,DAPR-2255--Audio_Hardware_I/Transistors/Assignment_Bench.jpg,1600,900,286,0.744,0
1079,DAPR-2255--Audio_Hardware_I/Transistors/Assorted_Types.png,1448,1086,1161,0.908,0
1080,DAPR-2255--Audio_Hardware_I/Transistors/BJT_vs_FET_Audio.png,1536,1024,1746,0.665,0
1081,DAPR-2255--Audio_Hardware_I/Transistors/Bell_Labs_Inventors.jpg,1920,1530,602,0.494,0
1082,DAPR-2255--Audio_Hardware_I/Transistors/FET_Symbols.jpg,960,412,47,0.887,0
1083,DAPR-2255--Audio_Hardware_I/Transistors/First_Transistor_Replica.jpg,1600,1850,1179,0.276,0
1084,DAPR-2255--Audio_Hardware_I/Transistors/First_Transistor_to_Microprocessor.png,1448,1086,1438,0.701,0
1085,DAPR-2255--Audio_Hardware_I/Transistors/Heatsink.png,1448,1086,935,0.895,0
1086,DAPR-2255--Audio_Hardware_I/Transistors/Inside_Integrated_Circuits.png,1448,1086,1219,0.844,0
1087,DAPR-2255--Audio_Hardware_I/Transistors/NPN_PNP_Arrow.jpg,2100,880,136,0.951,0
1088,DAPR-2255--Audio_Hardware_I/Transistors/NPN_PNP_Arrow.png,2100,880,32,0.996,0
1089,DAPR-2255--Audio_Hardware_I/Transistors/NPN_PNP_Symbols.png,1448,1086,798,0.988,0
1090,DAPR-2255--Audio_Hardware_I/Transistors/Overview_Banner.png,1600,600,453,0.469,0
1091,DAPR-2255--Audio_Hardware_I/Transistors/Switch_Circuit.png,1536,1024,976,0.984,0
1092,DAPR-2255--Audio_Hardware_I/Transistors/TO92_Transistors.jpg,960,717,116,0.668,0
1093,DAPR-2255--Audio_Hardware_I/Transistors/Three_BJT_Amplifier_Configs.png,1564,1006,1407,0.762,0
1094,DAPR-2255--Audio_Hardware_I/Transistors/To92_Package.png,1536,1024,1348,0.908,0
1095,DAPR-2255--Audio_Hardware_I/Transistors/Transistor_Package_Sizes.jpg,960,759,146,0.601,0
1096,DAPR-2255--Audio_Hardware_I/Voltage_and_Current/Breadboard_Circuit.jpg,1600,900,264,0.464,0
1097,DAPR-2255--Audio_Hardware_I/Voltage_and_Current/Complete_Path.png,1600,900,23,0.996,0
1098,DAPR-2255--Audio_Hardware_I/Voltage_and_Current/Conventional_vs_Electron_Flow.png,1600,900,28,0.992,0
1099,DAPR-2255--Audio_Hardware_I/Voltage_and_Current/Orders_of_Magnitude.png,1600,900,581,0.811,0
1100,DAPR-2255--Audio_Hardware_I/Voltage_and_Current/Reservoir_Analogy.png,1600,900,967,0.72,0
1101,DAPR-2255--Audio_Hardware_I/Voltage_and_Current/Reservoir_Analogy_Alt.png,1600,900,24,0.995,0
1102,DAPR-2255--Audio_Hardware_I/Wiring_and_Safety/AWG_Runs_Backwards.jpg,2100,880,287,0.613,0
1103,DAPR-2255--Audio_Hardware_I/Wiring_and_Safety/AWG_Runs_Backwards.png,2100,880,45,0.992,0
1104,DAPR-2255--Audio_Hardware_I/Wiring_and_Safety/AWG_Wire_Gauge_Chart.png,1672,941,1652,0.691,0
1105,DAPR-2255--Audio_Hardware_I/Wiring_and_Safety/Assignment_Bench.jpg,1600,900,350,0.402,0
1106,DAPR-2255--Audio_Hardware_I/Wiring_and_Safety/Breadboard.png,1600,900,90,0.939,0
1107,DAPR-2255--Audio_Hardware_I/Wiring_and_Safety/Breadboard_Photo.jpg,3900,2320,2193,0.818,0
1108,DAPR-2255--Audio_Hardware_I/Wiring_and_Safety/Cable_Insulation_Materials.png,1448,1086,1626,0.66,0
1109,DAPR-2255--Audio_Hardware_I/Wiring_and_Safety/Conductor_Progression.jpg,1600,900,244,0.614,0
1110,DAPR-2255--Audio_Hardware_I/Wiring_and_Safety/Current_Path_Through_Body.png,1600,900,346,0.922,0
1111,DAPR-2255--Audio_Hardware_I/Wiring_and_Safety/Esd_Wrist_Strap.jpg,960,838,130,0.709,0
1112,DAPR-2255--Audio_Hardware_I/Wiring_and_Safety/Flux.jpg,700,886,200,0.357,0
1113,DAPR-2255--Audio_Hardware_I/Wiring_and_Safety/Footswitch.jpg,1536,1024,502,0.369,0
1114,DAPR-2255--Audio_Hardware_I/Wiring_and_Safety/Good_vs_Cold_Solder_Joint.png,1536,1024,1817,0.579,0
1115,DAPR-2255--Audio_Hardware_I/Wiring_and_Safety/Heat_Shrink.jpg,960,720,46,0.35,0
1116,DAPR-2255--Audio_Hardware_I/Wiring_and_Safety/Heat_Shrink.png,1564,1006,1655,0.53,0
1117,DAPR-2255--Audio_Hardware_I/Wiring_and_Safety/Helping_Hands.jpg,960,720,83,0.608,0
1118,DAPR-2255--Audio_Hardware_I/Wiring_and_Safety/Overview_Hero.png,1448,1086,2282,0.391,0
1119,DAPR-2255--Audio_Hardware_I/Wiring_and_Safety/Solder_Wire.jpg,960,720,146,0.356,0
1120,DAPR-2255--Audio_Hardware_I/Wiring_and_Safety/Soldering_Iron.jpg,1536,1024,288,0.805,0
1121,DAPR-2255--Audio_Hardware_I/Wiring_and_Safety/Wire_Stripper.jpg,960,798,259,0.055,0
1122,DAPR-2255--Audio_Hardware_I/Wiring_and_Safety/Wire_Stripper_Photo.jpg,960,541,129,0.2,0
1123,DAPR-2255--Audio_Hardware_I/_duplicates/wiring-safety/wiring-safety-breadboard.png,307,545,13,0.861,0
1124,DAPR-2255--Audio_Hardware_I/_duplicates/wiring-safety/wiring-safety-footswitch.jpg,960,720,173,0.298,0
1125,DAPR-2255--Audio_Hardware_I/_duplicates/wiring-safety/wiring-safety-soldering-iron.jpg,1536,1024,281,0.83,0
1126,DAPR-2255--Audio_Hardware_I/_superseded/ac-dc-electricity-ac-vs-dc-at-a-glance-01.png,1600,900,9,1.0,0
1127,DAPR-2255--Audio_Hardware_I/_superseded/ac-dc-electricity-ac-vs-dc-traces.jpg,2100,880,126,0.956,0
1128,DAPR-2255--Audio_Hardware_I/_superseded/ac-dc-electricity-overview-hero.png,1600,900,1099,0.584,0
1129,DAPR-2255--Audio_Hardware_I/_superseded/diodes-leds-cathode-band-and-symbol.jpg,2100,880,129,0.866,0
1130,DAPR-2255--Audio_Hardware_I/_superseded/resistors-four-band-worked.jpg,2100,880,132,0.709,0
1131,DAPR-2255--Audio_Hardware_I/_superseded/resistors-in-circuit-parallel-path.png,1600,900,1495,0.385,0
1132,DAPR-2255--Audio_Hardware_I/_superseded/series-parallel-parallel-formula.jpg,1254,1254,1600,0.547,0
1133,DAPR-2255--Audio_Hardware_I/_unused/MIDI__Foundation/GM_Channel_10.png,1600,900,267,0.946,0
1134,DAPR-2255--Audio_Hardware_I/_unused/MIDI__Foundation/Same_File_Two_Synths_Alt.png,1600,900,23,0.997,0
1135,DAPR-2255--Audio_Hardware_I/_unused/MIDI__Foundation/What_MIDI_Carries_Alt.png,1600,900,40,0.992,0
1136,DAPR-2255--Audio_Hardware_I/_unused/MIDI__MIDI_Over_USB_and_Network_Systems/Jitter_Buffer_Tradeoff_Alt.png,1600,900,26,0.995,0
1137,DAPR-2255--Audio_Hardware_I/_unused/MIDI__Systems_and_Implementation/Clock_vs_MTC_Alt.png,1600,900,36,0.988,0
1138,DAPR-2255--Audio_Hardware_I/_unused/MIDI__Systems_and_Implementation/PAR_Fixture_Side_XLR_Ports.jpg,1600,900,197,0.661,0
1139,DAPR-3255--Audio_Hardware_II/Course_Orientation/Course_Sequence_Prerequisites.png,1227,399,46,0.966,0
1140,DAPR-3255--Audio_Hardware_II/Course_Orientation/Grade_Weighting.png,1180,615,51,0.99,0
1141,DAPR-3255--Audio_Hardware_II/Course_Orientation/Graded_Points_By_Area.png,1500,585,66,0.979,0
1142,DAPR-3255--Audio_Hardware_II/Course_Orientation/Points_By_Course_Area.png,1500,540,62,0.985,0
1143,DAPR-3255--Audio_Hardware_II/Course_Orientation/Term_Schedule_Gantt.png,1800,930,124,0.971,0
1144,DAPR-3255--Audio_Hardware_II/Course_Orientation/Term_Schedule_Spring_2027.png,1800,1110,165,0.972,0
1145,DAPR-3255--Audio_Hardware_II/Electronics/5-Pin_DIN_Female_to_Female_MIDI.png,1024,1024,348,0.923,0
1146,DAPR-3255--Audio_Hardware_II/Electronics/Aluminum_Panel_With_Three_Connectors.jpg,1600,1200,361,0.135,0
1147,DAPR-3255--Audio_Hardware_II/Electronics/Body_Outlines_With_Current_Paths.png,1600,900,461,0.954,0
1148,DAPR-3255--Audio_Hardware_II/Electronics/Breadboard_Internal_Connections.png,1600,900,869,0.806,0
1149,DAPR-3255--Audio_Hardware_II/Electronics/Capacitor_Electrolytic_Cutaway.jpg,1536,1024,325,0.628,0
1150,DAPR-3255--Audio_Hardware_II/Electronics/Close_Up_of_Soldered_Connector_Lugs.jpg,1390,1670,405,0.137,0
1151,DAPR-3255--Audio_Hardware_II/Electronics/Constant_Q_Against_Proportional_Q.png,1600,900,599,0.864,0
1152,DAPR-3255--Audio_Hardware_II/Electronics/Current_Path_Through_Body.jpg,1600,900,48,0.924,0
1153,DAPR-3255--Audio_Hardware_II/Electronics/Doped_Blocks_and_Depletion_Gap.png,1600,900,515,0.967,0
1154,DAPR-3255--Audio_Hardware_II/Electronics/Early_Peaking_Gradual_Rolloff_Curves.png,1600,900,485,0.892,0
1155,DAPR-3255--Audio_Hardware_II/Electronics/Filter_Q_Against_Bandwidth.png,1600,900,511,0.863,0
1156,DAPR-3255--Audio_Hardware_II/Electronics/Flat_Line_and_Sine_Graphs.png,1600,900,196,0.985,0
1157,DAPR-3255--Audio_Hardware_II/Electronics/Frequency_Scaling.png,1600,900,299,0.943,0
1158,DAPR-3255--Audio_Hardware_II/Electronics/Good_vs_Cold_Solder_Joint.jpg,1536,1024,341,0.507,0
1159,DAPR-3255--Audio_Hardware_II/Electronics/Grey_Mannequins_With_Glowing_Paths.png,1600,900,758,0.821,0
1160,DAPR-3255--Audio_Hardware_II/Electronics/Parametric_EQ_Boost_and_Cut.png,1600,900,706,0.847,0
1161,DAPR-3255--Audio_Hardware_II/Electronics/Peak_P2p_RMS_Voltage.jpg,1600,900,323,0.624,0
1162,DAPR-3255--Audio_Hardware_II/Electronics/Red_Node_Merging_Rendered_Resistor_Inputs.png,1600,900,629,0.869,0
1163,DAPR-3255--Audio_Hardware_II/Electronics/Rendered_Resistors_and_Transistor_Disc.png,1600,900,305,0.935,0
1164,DAPR-3255--Audio_Hardware_II/Electronics/Rendered_Slab_With_Bubbles_and_Spheres.png,1600,900,989,0.667,0
1165,DAPR-3255--Audio_Hardware_II/Electronics/Rendered_Triangles_With_Banded_Resistors.png,1600,900,123,0.978,0
1166,DAPR-3255--Audio_Hardware_II/Electronics/Resistors_Assorted_Types.jpg,796,966,112,0.67,0
1167,DAPR-3255--Audio_Hardware_II/Electronics/Sharp_Knee_Rolloff_Curve_Trio.png,1600,900,388,0.903,0
1168,DAPR-3255--Audio_Hardware_II/Electronics/Sine_Wave_With_Amplitude_Reference_Lines.png,1600,900,274,0.973,0
1169,DAPR-3255--Audio_Hardware_II/Electronics/Solder_Joint_Macro.jpg,1600,900,1809,0.16,0
1170,DAPR-3255--Audio_Hardware_II/Electronics/Straight_and_Wavy_Extruded_Ribbons.png,1600,900,444,0.872,0
1171,DAPR-3255--Audio_Hardware_II/Electronics/Symbol_Battery.png,700,247,42,0.939,0
1172,DAPR-3255--Audio_Hardware_II/Electronics/Symbol_Capacitor.png,700,247,65,0.9,0
1173,DAPR-3255--Audio_Hardware_II/Electronics/Symbol_Diode.png,700,571,139,0.798,0
1174,DAPR-3255--Audio_Hardware_II/Electronics/Symbol_FET.png,700,311,148,0.897,0
1175,DAPR-3255--Audio_Hardware_II/Electronics/Symbol_Ground.png,700,247,53,0.875,0
1176,DAPR-3255--Audio_Hardware_II/Electronics/Symbol_Inductor.png,700,543,100,0.904,0
1177,DAPR-3255--Audio_Hardware_II/Electronics/Symbol_Opamp.png,700,261,50,0.957,0
1178,DAPR-3255--Audio_Hardware_II/Electronics/Symbol_Resistor.png,700,204,61,0.869,0
1179,DAPR-3255--Audio_Hardware_II/Electronics/Symbol_Switch_Spst.png,700,300,52,0.919,0
1180,DAPR-3255--Audio_Hardware_II/Electronics/Symbol_Transformer.png,700,236,73,0.911,0
1181,DAPR-3255--Audio_Hardware_II/Electronics/Talkback_Box_Assembled.jpg,1230,1520,219,0.3,0
1182,DAPR-3255--Audio_Hardware_II/Electronics/Talkback_Box_DIN_Solder_Joints.jpg,1600,1200,313,0.163,0
1183,DAPR-3255--Audio_Hardware_II/Electronics/Talkback_Box_Kit_Contents.jpg,1000,1047,165,0.592,0
1184,DAPR-3255--Audio_Hardware_II/Electronics/Talkback_Box_Panel_Connectors.jpg,1600,1200,264,0.087,0
1185,DAPR-3255--Audio_Hardware_II/Electronics/Talkback_Box_XLR_Female_Jack.jpg,1600,1200,294,0.141,0
1186,DAPR-3255--Audio_Hardware_II/Electronics/Three_BJT_Amplifier_Configs.jpg,1564,1006,278,0.732,0
1187,DAPR-3255--Audio_Hardware_II/Electronics/Transistor_Schematic_With_Four_Resistors.png,1600,900,142,0.99,0
1188,DAPR-3255--Audio_Hardware_II/Electronics/Two_Labeled_Amplifier_Schematics.png,1600,900,266,0.979,0
1189,DAPR-3255--Audio_Hardware_II/Electronics/Virtual_Ground_Node_and_Three_Inputs.png,1600,900,233,0.98,0
1190,DAPR-3255--Audio_Hardware_II/Electronics/Wave_Ribbon_With_Measurement_Arrows.png,1600,900,476,0.898,0
1191,DAPR-3255--Audio_Hardware_II/Electronics__AC_DC_and_Semiconductors/Half_Wave_Full_Wave_Rectification.png,1335,882,112,0.98,0
1192,DAPR-3255--Audio_Hardware_II/Electronics__AC_DC_and_Semiconductors/Reactance_Across_Audio_Band.png,1192,655,81,0.983,0
1193,DAPR-3255--Audio_Hardware_II/Electronics__Transistor_Biasing_and_Breadboarding/Common_Emitter_DC_Voltages.png,1248,609,44,0.989,0
1194,DAPR-3255--Audio_Hardware_II/Electronics__Transistor_Biasing_and_Breadboarding/Meter_Voltage_Current_Resistance.png,1192,445,52,0.959,0
1195,DAPR-3255--Audio_Hardware_II/Final_Exam/AC_DC_Source.png,497,236,18,0.96,0
1196,DAPR-3255--Audio_Hardware_II/Final_Exam/Battery.png,447,158,7,0.968,0
1197,DAPR-3255--Audio_Hardware_II/Final_Exam/Capacitor.png,422,149,10,0.938,0
1198,DAPR-3255--Audio_Hardware_II/Final_Exam/Digital_Logic_Gates_Part_1.png,600,77,24,0.945,0
1199,DAPR-3255--Audio_Hardware_II/Final_Exam/Digital_Logic_Gates_Part_2.png,600,101,28,0.944,0
1200,DAPR-3255--Audio_Hardware_II/Final_Exam/Diode.png,1200,600,117,0.995,0
1201,DAPR-3255--Audio_Hardware_II/Final_Exam/Diode_LED_Photodiode.png,372,134,11,0.923,0
1202,DAPR-3255--Audio_Hardware_II/Final_Exam/Diode_Schottky_Zener.png,370,124,13,0.909,0
1203,DAPR-3255--Audio_Hardware_II/Final_Exam/Fuses_and_PTC.png,334,85,5,0.956,0
1204,DAPR-3255--Audio_Hardware_II/Final_Exam/Headers_and_Connectors.png,550,209,20,0.954,0
1205,DAPR-3255--Audio_Hardware_II/Final_Exam/Inductor.png,400,174,13,0.938,0
1206,DAPR-3255--Audio_Hardware_II/Final_Exam/Integrated_Circuits.png,600,351,135,0.915,0
1207,DAPR-3255--Audio_Hardware_II/Final_Exam/Integrated_Circuits_Voltage_Regulators.png,600,154,47,0.931,0
1208,DAPR-3255--Audio_Hardware_II/Final_Exam/Motors.png,1200,1200,156,0.995,0
1209,DAPR-3255--Audio_Hardware_II/Final_Exam/Op_Amp.png,541,202,9,0.981,0
1210,DAPR-3255--Audio_Hardware_II/Final_Exam/Relays.png,1200,1200,178,0.994,0
1211,DAPR-3255--Audio_Hardware_II/Final_Exam/Resistor.png,400,117,11,0.927,0
1212,DAPR-3255--Audio_Hardware_II/Final_Exam/Schematic_Full.png,2200,1700,302,0.99,0
1213,DAPR-3255--Audio_Hardware_II/Final_Exam/Schematic_Symbols.png,485,600,201,0.895,0
1214,DAPR-3255--Audio_Hardware_II/Final_Exam/Schematics_Junctions.png,600,357,117,0.911,0
1215,DAPR-3255--Audio_Hardware_II/Final_Exam/Speakers_Buzzers.png,320,192,8,0.963,0
1216,DAPR-3255--Audio_Hardware_II/Final_Exam/Switch_SPST.png,1200,600,59,0.995,0
1217,DAPR-3255--Audio_Hardware_II/Final_Exam/Switches_DPDT.png,1200,1600,251,0.991,0
1218,DAPR-3255--Audio_Hardware_II/Final_Exam/Switches_SPDT_SP3T.png,356,138,9,0.952,0
1219,DAPR-3255--Audio_Hardware_II/Final_Exam/Transformer.png,423,143,15,0.959,0
1220,DAPR-3255--Audio_Hardware_II/Final_Exam/Transformer_Center_Tapped.png,1200,1200,216,0.991,0
1221,DAPR-3255--Audio_Hardware_II/Final_Exam/Transformer_Symbols.jpg,1002,1397,195,0.91,0
1222,DAPR-3255--Audio_Hardware_II/Final_Exam/Transistor_FET.png,600,267,91,0.921,0
1223,DAPR-3255--Audio_Hardware_II/Final_Exam/Variable_Resistor.png,398,174,13,0.933,0
1224,DAPR-3255--Audio_Hardware_II/Final_Exam/Voltage_Ground.png,478,166,8,0.966,0
1225,DAPR-3255--Audio_Hardware_II/Networking__Audio_Network_Architecture/Cube_Chain_With_Yellow_Tags.png,1600,900,573,0.898,0
1226,DAPR-3255--Audio_Hardware_II/Networking__Audio_Network_Architecture/Flooded_Versus_Selective_Port_Delivery.png,1600,900,465,0.938,0
1227,DAPR-3255--Audio_Hardware_II/Networking__Audio_Network_Architecture/Four_Copies_Versus_One_Branch.png,1600,900,512,0.95,0
1228,DAPR-3255--Audio_Hardware_II/Networking__Audio_Network_Architecture/Funnel_Sorting_Packets_into_Queues.png,1600,900,390,0.95,0
1229,DAPR-3255--Audio_Hardware_II/Networking__Audio_Network_Architecture/One_Switch_and_Dashed_Divider.png,1600,900,473,0.937,0
1230,DAPR-3255--Audio_Hardware_II/Networking__Audio_Network_Architecture/Red_Cube_Above_Orange_and_Grey.png,1600,900,633,0.823,0
1231,DAPR-3255--Audio_Hardware_II/Networking__Audio_Network_Architecture/Red_Wall_Separating_Green_and_Blue.png,1600,900,821,0.751,0
1232,DAPR-3255--Audio_Hardware_II/Networking__Audio_Network_Architecture/Red_and_Green_Columns_Under_Bars.png,1600,900,812,0.864,0
1233,DAPR-3255--Audio_Hardware_II/Networking__Audio_Network_Architecture/Tagged_Frames_on_Link_Between_Switches.png,1600,900,351,0.964,0
1234,DAPR-3255--Audio_Hardware_II/Networking__Audio_Network_Architecture/Three_Tier_Clock_Tree.png,1600,900,535,0.938,0
1235,DAPR-3255--Audio_Hardware_II/Networking__Audio_Network_Architecture/Tube_Bundle_Beside_Branching_Stem.png,1600,900,604,0.861,0
1236,DAPR-3255--Audio_Hardware_II/Networking__Audio_Network_Architecture/Wedge_Merging_Four_Cube_Rows.png,1600,900,474,0.908,0
1237,DAPR-3255--Audio_Hardware_II/Networking__Foundations_of_Audio_Networking/Analog_Snake_vs_Network.png,1600,900,548,0.95,0
1238,DAPR-3255--Audio_Hardware_II/Networking__Foundations_of_Audio_Networking/Cube_Tray_With_Missing_Piece.png,1600,900,509,0.856,0
1239,DAPR-3255--Audio_Hardware_II/Networking__Foundations_of_Audio_Networking/Exploded_Stack_of_Seven_Slabs.png,1600,900,823,0.683,0
1240,DAPR-3255--Audio_Hardware_II/Networking__Foundations_of_Audio_Networking/Green_Pipe_Arching_Between_Cubes.png,1600,900,922,0.807,0
1241,DAPR-3255--Audio_Hardware_II/Networking__Foundations_of_Audio_Networking/Layer_1_Point_to_Point_vs_Switched.png,1192,561,47,0.963,0
1242,DAPR-3255--Audio_Hardware_II/Networking__Foundations_of_Audio_Networking/OSI_Stack_Layer_6_Presentation.png,1192,769,101,0.976,0
1243,DAPR-3255--Audio_Hardware_II/Networking__Foundations_of_Audio_Networking/OSI_Stack_Layer_7_Application.png,1192,769,100,0.976,0
1244,DAPR-3255--Audio_Hardware_II/Networking__Foundations_of_Audio_Networking/OSI_Stack_Layers_5_to_7.png,1192,769,103,0.974,0
1245,DAPR-3255--Audio_Hardware_II/Networking__Foundations_of_Audio_Networking/Orange_Sphere_Bridging_Two_Plates.png,1600,900,596,0.822,0
1246,DAPR-3255--Audio_Hardware_II/Networking__Foundations_of_Audio_Networking/Seven_Colored_Layers_Labeled_in_Order.png,1600,900,597,0.865,0
1247,DAPR-3255--Audio_Hardware_II/Networking__Foundations_of_Audio_Networking/Straight_Through_vs_Crossover.png,1600,900,559,0.929,0
1248,DAPR-3255--Audio_Hardware_II/Networking__Foundations_of_Audio_Networking/Switch_Table_and_Forwarded_Path.png,1600,900,357,0.956,0
1249,DAPR-3255--Audio_Hardware_II/Networking__Foundations_of_Audio_Networking/T568a_T568b_Pin_Order.png,1600,900,493,0.916,0
1250,DAPR-3255--Audio_Hardware_II/Networking__Foundations_of_Audio_Networking/Two_Arrow_Ladders_With_Dropped_Packet.png,1600,900,379,0.947,0
1251,DAPR-3255--Audio_Hardware_II/Networking__Foundations_of_Audio_Networking/Two_Subnet_Groups_and_Central_Router.png,1600,900,365,0.938,0
1252,DAPR-3255--Audio_Hardware_II/Networking__IP_Addressing/Dante_Address_Plan_Blocks.png,1199,563,57,0.981,0
1253,DAPR-3255--Audio_Hardware_II/Networking__IP_Addressing/Host_and_Cloud_Across_Translation_Box.png,1600,900,350,0.962,0
1254,DAPR-3255--Audio_Hardware_II/Networking__IP_Addressing/Labeled_Range_Bars_of_Increasing_Length.png,1600,900,288,0.966,0
1255,DAPR-3255--Audio_Hardware_II/Networking__IP_Addressing/Octet_Boxes_With_Network_Host_Braces.png,1600,900,494,0.941,0
1256,DAPR-3255--Audio_Hardware_II/Networking__IP_Addressing/Prefix_Table_and_Tapering_Triangle.png,1600,900,470,0.946,0
1257,DAPR-3255--Audio_Hardware_II/Networking__IP_Addressing/Rendered_Bars_Divided_into_Equal_Pieces.png,1600,900,835,0.847,0
1258,DAPR-3255--Audio_Hardware_II/Networking__IP_Addressing/Rendered_Packets_Changing_Color_Midstream.png,1600,900,555,0.825,0
1259,DAPR-3255--Audio_Hardware_II/Networking__IP_Addressing/Row_of_Shrinking_Blue_Cubes.png,1600,900,463,0.901,0
1260,DAPR-3255--Audio_Hardware_II/Networking__IP_Addressing/Segmented_Bar_Over_Hexadecimal_Address.png,1600,900,427,0.96,0
1261,DAPR-3255--Audio_Hardware_II/Networking__IP_Addressing/Stacked_Bars_Split_into_Usable_Halves.png,1600,900,673,0.949,0
1262,DAPR-3255--Audio_Hardware_II/Networking__IP_Addressing/Three_Blue_Blocks_and_One_Green.png,1600,900,566,0.839,0
1263,DAPR-3255--Audio_Hardware_II/Networking__IP_Addressing/Three_Extruded_Bars_Increasing_in_Length.png,1600,900,498,0.937,0
1264,DAPR-3255--Audio_Hardware_II/Networking__IP_Addressing/Three_Segment_Extruded_Bar.png,1600,900,419,0.881,0
1265,DAPR-3255--Audio_Hardware_II/Networking__Industry_Network_Audio_Protocols/Black_Block_With_Three_Segmented_Cables.png,1600,900,693,0.793,0
1266,DAPR-3255--Audio_Hardware_II/Networking__Industry_Network_Audio_Protocols/Colored_Spheres_on_Grid_Plane.png,1600,900,960,0.871,0
1267,DAPR-3255--Audio_Hardware_II/Networking__Industry_Network_Audio_Protocols/Cutaway_Pipe_With_Green_Core.png,1600,900,866,0.686,0
1268,DAPR-3255--Audio_Hardware_II/Networking__Industry_Network_Audio_Protocols/Daisy_Chained_Boxes_and_No_Switch.png,1600,900,446,0.951,0
1269,DAPR-3255--Audio_Hardware_II/Networking__Industry_Network_Audio_Protocols/Descending_Labeled_Bandwidth_Bars.png,1600,900,210,0.98,0
1270,DAPR-3255--Audio_Hardware_II/Networking__Industry_Network_Audio_Protocols/Exploded_Slabs_With_White_Markers.png,1600,900,982,0.621,0
1271,DAPR-3255--Audio_Hardware_II/Networking__Industry_Network_Audio_Protocols/Four_Blue_Cubes_Linked_in_Line.png,1600,900,560,0.856,0
1272,DAPR-3255--Audio_Hardware_II/Networking__Industry_Network_Audio_Protocols/Isometric_Hub_With_Glowing_Arcs.png,1600,900,941,0.76,0
1273,DAPR-3255--Audio_Hardware_II/Networking__Industry_Network_Audio_Protocols/Layer_Bars_With_Protocol_Pills.png,1600,900,523,0.946,0
1274,DAPR-3255--Audio_Hardware_II/Networking__Industry_Network_Audio_Protocols/Overlapping_Translucent_Colored_Spheres.png,1600,900,919,0.66,0
1275,DAPR-3255--Audio_Hardware_II/Networking__Industry_Network_Audio_Protocols/Scatter_Plot_of_Latency_and_Channels.png,1600,900,222,0.974,0
1276,DAPR-3255--Audio_Hardware_II/Networking__Industry_Network_Audio_Protocols/Source_Splitting_into_Three_Streams.png,1600,900,482,0.948,0
1277,DAPR-3255--Audio_Hardware_II/Networking__Industry_Network_Audio_Protocols/Split_Bandwidth_Bar_Above_Switch_Row.png,1600,900,537,0.937,0
1278,DAPR-3255--Audio_Hardware_II/Networking__Industry_Network_Audio_Protocols/Star_Wired_Devices_With_Subscription_Arrows.png,1600,900,517,0.939,0
1279,DAPR-3255--Audio_Hardware_II/Networking__Industry_Network_Audio_Protocols/Three_Circle_Venn_With_Shared_Center.png,1600,900,343,0.968,0
1280,DAPR-3255--Audio_Hardware_II/Networking__Industry_Network_Audio_Protocols/Three_Pipes_of_Decreasing_Diameter.png,1600,900,830,0.501,0
1281,DAPR-3255--Audio_Hardware_II/Networking__Network_Configuration_and_Control/Alternating_Arrows_Between_Two_Posts.png,1600,900,795,0.846,0
1282,DAPR-3255--Audio_Hardware_II/Networking__Network_Configuration_and_Control/Box_Chain_With_Return_Arc.png,1600,900,322,0.976,0
1283,DAPR-3255--Audio_Hardware_II/Networking__Network_Configuration_and_Control/Client_and_Server_Four_Message_Exchange.png,1600,900,269,0.961,0
1284,DAPR-3255--Audio_Hardware_II/Networking__Network_Configuration_and_Control/Hand_Labeled_Devices_Versus_Central_Server.png,1600,900,446,0.951,0
1285,DAPR-3255--Audio_Hardware_II/Networking__Network_Configuration_and_Control/Managed_vs_Unmanaged_Switch.png,1600,900,459,0.94,0
1286,DAPR-3255--Audio_Hardware_II/Networking__Network_Configuration_and_Control/Rounded_Cubes_and_Orange_Arrows.png,1600,900,663,0.839,0
1287,DAPR-3255--Audio_Hardware_II/Networking__Network_Configuration_and_Control/Separate_Knobs_Versus_Shared_Manifold.png,1600,900,856,0.799,0
1288,DAPR-3255--Audio_Hardware_II/Networking__Network_Diagnostics/Block_Clusters_With_Tube_Junctions.png,1600,900,594,0.799,0
1289,DAPR-3255--Audio_Hardware_II/Networking__Network_Diagnostics/Blue_Diamonds_Branching_to_Grey_Blocks.png,1600,900,467,0.888,0
1290,DAPR-3255--Audio_Hardware_II/Networking__Network_Diagnostics/Broadcast_Question_and_Single_Reply.png,1600,900,502,0.947,0
1291,DAPR-3255--Audio_Hardware_II/Networking__Network_Diagnostics/Echo_Request_and_Reply_Timing.png,1600,900,289,0.965,0
1292,DAPR-3255--Audio_Hardware_II/Networking__Network_Diagnostics/Expanding_Arrows_Halting_Along_Hop_Chain.png,1600,900,374,0.966,0
1293,DAPR-3255--Audio_Hardware_II/Networking__Network_Diagnostics/Fanned_Orange_Arrows_and_Green_Return.png,1600,900,821,0.826,0
1294,DAPR-3255--Audio_Hardware_II/Networking__Network_Diagnostics/Flowchart_of_Diamonds_and_Outcomes.png,1600,900,368,0.967,0
1295,DAPR-3255--Audio_Hardware_II/Networking__Network_Diagnostics/Green_Arrows_Bursting_Against_Posts.png,1600,900,539,0.912,0
1296,DAPR-3255--Audio_Hardware_II/Networking__Network_Diagnostics/Inline_Tap_and_Mirror_Port_Wiring.png,1600,900,456,0.929,0
1297,DAPR-3255--Audio_Hardware_II/Networking__Network_Diagnostics/Mirror_Against_Tap.png,1600,900,557,0.831,0
1298,DAPR-3255--Audio_Hardware_II/Networking__Network_Diagnostics/Opposing_Arrows_and_Vertical_Measure.png,1600,900,649,0.884,0
1299,DAPR-3255--Audio_Hardware_II/Networking__Network_Diagnostics/Six_Rung_Ladder_With_Tool_Labels.png,1600,900,511,0.918,0
1300,DAPR-3255--Audio_Hardware_II/Networking__Network_Diagnostics/Staircase_of_Six_Colored_Slabs.png,1600,900,909,0.635,0
1301,DAPR-3255--Audio_Hardware_II/Networking__Network_Diagnostics/Wide_Source_Block_With_Converging_Arrows.png,1600,900,740,0.824,0
1302,DAPR-3255--Audio_Hardware_II/Networking__Subnets_and_Address_Ranges/Facility_Subnet_Plan.png,1192,561,73,0.941,0
1303,DAPR-3255--Audio_Hardware_II/Networking__Subnets_and_Address_Ranges/Slash_26_Blocks_of_64.png,1219,517,58,0.979,0
1304,DAPR-3255--Audio_Hardware_II/Software_Tools/Capture_Points_Mirror_and_Tap.png,1192,699,62,0.96,0
1305,DAPR-3255--Audio_Hardware_II/Software_Tools/Dante_Routing_Grid_Concept.png,1076,723,57,0.987,0
1306,DAPR-3255--Audio_Hardware_II/Software_Tools/Design_Online_Push_Adjust_Cycle.png,1192,480,52,0.969,0
1307,DAPR-3255--Audio_Hardware_II/Software_Tools/Wireless_Management_Four_Jobs.png,1192,399,42,0.975,0
1308,DAPR-3255--Audio_Hardware_II/Wireless_Systems/Antenna_Patterns.png,1600,900,607,0.83,0
1309,DAPR-3255--Audio_Hardware_II/Wireless_Systems/Microphone_Against_IEM_Direction.png,1600,900,770,0.801,0
1310,DAPR-3255--Audio_Hardware_II/Wireless_Systems/Multipath_Null_and_Diversity.png,1600,900,756,0.819,0
1311,DAPR-3255--Audio_Hardware_II/Wireless_Systems/Third_Order_Intermodulation.png,1600,900,614,0.858,0
1312,DAPR-3255--Audio_Hardware_II/Wireless_Systems/Wireless_Audio_Bands.png,1192,609,44,0.987,0
1313,DAPR-3255--Audio_Hardware_II/_duplicates/Electronics/Rendered_Triangles_With_Tan_Resistors.png,1600,900,313,0.945,0
1314,DAPR-3340--Spatial_Audio_I/Ambisonics_and_Binaural/AirPods_and_iPhone_Spatial_Audio_Setup.jpg,800,800,39,0.904,0
1315,DAPR-3340--Spatial_Audio_I/Ambisonics_and_Binaural/Ambisonic_Bus_Rows_in_Bus_Tab.png,524,106,13,0.919,0
1316,DAPR-3340--Spatial_Audio_I/Ambisonics_and_Binaural/Ambisonic_Decoder_Plugin_Insert_Menu.png,660,325,157,0.688,0
1317,DAPR-3340--Spatial_Audio_I/Ambisonics_and_Binaural/Ambisonic_Input_Format_Dropdown_Open.png,288,128,12,0.923,0
1318,DAPR-3340--Spatial_Audio_I/Ambisonics_and_Binaural/Ambisonic_Input_Format_Menu.png,321,144,17,0.885,0
1319,DAPR-3340--Spatial_Audio_I/Ambisonics_and_Binaural/Ambisonic_Logo.png,1024,1024,38,0.993,0
1320,DAPR-3340--Spatial_Audio_I/Ambisonics_and_Binaural/Ambisonic_Strings_Clip_Track_List.png,227,62,4,0.855,0
1321,DAPR-3340--Spatial_Audio_I/Ambisonics_and_Binaural/Ambisonic_Track_Strip_Routed_to_Bus.png,346,116,13,0.659,0
1322,DAPR-3340--Spatial_Audio_I/Ambisonics_and_Binaural/Ambisonic_and_Quad_Tracks_With_Waveforms.png,513,328,45,0.76,0
1323,DAPR-3340--Spatial_Audio_I/Ambisonics_and_Binaural/Ambisonics_Ambisonics_versus_Binaural.png,1600,900,480,0.952,0
1324,DAPR-3340--Spatial_Audio_I/Ambisonics_and_Binaural/Ambisonics_Ambix_versus_Fuma_Channel_Order.png,1600,900,557,0.956,0
1325,DAPR-3340--Spatial_Audio_I/Ambisonics_and_Binaural/Ambisonics_Nine_Zero_Four_Speaker_Layout.png,1600,900,367,0.966,0
1326,DAPR-3340--Spatial_Audio_I/Ambisonics_and_Binaural/Audio_360_Control_and_Spatialiser.png,1363,1016,233,0.894,0
1327,DAPR-3340--Spatial_Audio_I/Ambisonics_and_Binaural/B_Format_Clips_List_Expanded.png,337,92,9,0.882,0
1328,DAPR-3340--Spatial_Audio_I/Ambisonics_and_Binaural/Binaural_Encoder_Plugin_Window.png,840,463,85,0.821,0
1329,DAPR-3340--Spatial_Audio_I/Ambisonics_and_Binaural/Binaural_Renderer_Channel_Strip.png,79,660,24,0.601,0
1330,DAPR-3340--Spatial_Audio_I/Ambisonics_and_Binaural/Channel_Order_Matrix_and_Format_Menu.png,297,235,15,0.824,0
1331,DAPR-3340--Spatial_Audio_I/Ambisonics_and_Binaural/Clip_List_of_Ambisonic_Component_Channels.png,337,87,12,0.847,0
1332,DAPR-3340--Spatial_Audio_I/Ambisonics_and_Binaural/Clips_List_With_Ambisonic_Files.png,355,82,10,0.865,0
1333,DAPR-3340--Spatial_Audio_I/Ambisonics_and_Binaural/Desert_Ambience_AmbiX_Clip_List.png,208,63,3,0.894,0
1334,DAPR-3340--Spatial_Audio_I/Ambisonics_and_Binaural/Dummy_Head_Binaural_Microphone.png,611,730,313,0.728,0
1335,DAPR-3340--Spatial_Audio_I/Ambisonics_and_Binaural/Handheld_Ambisonic_Recorder_Photo.jpg,1600,2415,181,0.794,0
1336,DAPR-3340--Spatial_Audio_I/Ambisonics_and_Binaural/Hexagon_Grid_Speaker_Layout_Editor.jpg,800,614,45,0.949,0
1337,DAPR-3340--Spatial_Audio_I/Ambisonics_and_Binaural/In_Ear_Binaural_Microphone_Photo.png,1218,1000,931,0.208,0
1338,DAPR-3340--Spatial_Audio_I/Ambisonics_and_Binaural/New_Path_Format_Menu_With_Ambisonics.png,550,349,128,0.882,0
1339,DAPR-3340--Spatial_Audio_I/Ambisonics_and_Binaural/Pt_Atmos_Binaural_Mode_Menu.png,272,153,50,0.56,0
1340,DAPR-3340--Spatial_Audio_I/Ambisonics_and_Binaural/Pt_Immersive_Panner_Lcr_Object.png,1092,1486,205,0.643,0
1341,DAPR-3340--Spatial_Audio_I/Ambisonics_and_Binaural/Pt_Immersive_Panner_Mono_Object.png,1090,1486,178,0.666,1
1342,DAPR-3340--Spatial_Audio_I/Ambisonics_and_Binaural/Pt_Immersive_Panner_Mpegh_Speaker_Layout.png,1600,1330,427,0.553,0
1343,DAPR-3340--Spatial_Audio_I/Ambisonics_and_Binaural/Recording_Ambisonics.jpg,1600,511,59,0.827,0
1344,DAPR-3340--Spatial_Audio_I/Ambisonics_and_Binaural/Render_Mode_Near_Mid_Far.png,1122,654,82,0.605,0
1345,DAPR-3340--Spatial_Audio_I/Ambisonics_and_Binaural/Routing_Matrix_Grid_Close_Up.png,315,157,6,0.977,0
1346,DAPR-3340--Spatial_Audio_I/Ambisonics_and_Binaural/SoundField_Decoder_Plugin_Window.png,750,796,135,0.849,0
1347,DAPR-3340--Spatial_Audio_I/Ambisonics_and_Binaural/Sound_Field_Plugin_Menu_Showing_HEar.png,603,331,101,0.721,0
1348,DAPR-3340--Spatial_Audio_I/Ambisonics_and_Binaural/Spot_Dialog_With_Timecode_Fields.png,302,338,21,0.932,0
1349,DAPR-3340--Spatial_Audio_I/Ambisonics_and_Binaural/Tetrahedral_Ambisonic_Microphone_Capsules.jpg,1000,289,83,0.529,0
1350,DAPR-3340--Spatial_Audio_I/Configuring_Pro_Tools_for_Atmos_Mixing/Annotated_Object_Panel_Controls.png,779,468,86,0.861,0
1351,DAPR-3340--Spatial_Audio_I/Configuring_Pro_Tools_for_Atmos_Mixing/Atmos_Submix_Channel_Strip_Bank.png,1282,547,487,0.613,0
1352,DAPR-3340--Spatial_Audio_I/Configuring_Pro_Tools_for_Atmos_Mixing/Atmos_Tab_With_Object_Paths.png,1040,694,117,0.946,0
1353,DAPR-3340--Spatial_Audio_I/Configuring_Pro_Tools_for_Atmos_Mixing/Audio_Device_List_With_Bridge_Checked.png,534,61,8,0.915,0
1354,DAPR-3340--Spatial_Audio_I/Configuring_Pro_Tools_for_Atmos_Mixing/Aux_Device_List_Window.png,650,479,43,0.952,0
1355,DAPR-3340--Spatial_Audio_I/Configuring_Pro_Tools_for_Atmos_Mixing/Bed_Channels_and_Object_Rows.png,800,680,157,0.95,0
1356,DAPR-3340--Spatial_Audio_I/Configuring_Pro_Tools_for_Atmos_Mixing/Bed_and_Object_Path_Creation_Dialog.png,624,155,14,0.963,0
1357,DAPR-3340--Spatial_Audio_I/Configuring_Pro_Tools_for_Atmos_Mixing/Bed_versus_Object_Decision.png,1600,900,665,0.937,0
1358,DAPR-3340--Spatial_Audio_I/Configuring_Pro_Tools_for_Atmos_Mixing/Bus_List_of_Atmos_Stems.png,794,694,92,0.943,0
1359,DAPR-3340--Spatial_Audio_I/Configuring_Pro_Tools_for_Atmos_Mixing/Close_Up_of_Groups_Button.png,290,105,15,0.919,0
1360,DAPR-3340--Spatial_Audio_I/Configuring_Pro_Tools_for_Atmos_Mixing/Configuring_the_Dolby_Atmos_Renderers_Input_Configuration.gif,764,370,296,0.796,0
1361,DAPR-3340--Spatial_Audio_I/Configuring_Pro_Tools_for_Atmos_Mixing/Create_Stereo_Objects_Menu.png,410,138,17,0.923,0
1362,DAPR-3340--Spatial_Audio_I/Configuring_Pro_Tools_for_Atmos_Mixing/Default_Format_Path_Order_Menu.png,618,186,42,0.898,0
1363,DAPR-3340--Spatial_Audio_I/Configuring_Pro_Tools_for_Atmos_Mixing/Dolby_Atmos_Tab_Bed_and_Object_List.png,1110,711,143,0.943,0
1364,DAPR-3340--Spatial_Audio_I/Configuring_Pro_Tools_for_Atmos_Mixing/Green_Submix_and_Reverb_Strips.png,685,547,40,0.571,0
1365,DAPR-3340--Spatial_Audio_I/Configuring_Pro_Tools_for_Atmos_Mixing/Green_Triangle_Output_Button.png,16,16,0,0.688,0
1366,DAPR-3340--Spatial_Audio_I/Configuring_Pro_Tools_for_Atmos_Mixing/Groups_Window_With_Group_List.png,420,488,16,0.98,0
1367,DAPR-3340--Spatial_Audio_I/Configuring_Pro_Tools_for_Atmos_Mixing/IO_Setup_Bus_Mapped_to_Output.png,835,395,110,0.827,0
1368,DAPR-3340--Spatial_Audio_I/Configuring_Pro_Tools_for_Atmos_Mixing/IO_Setup_Bus_Unmapped_Main.png,830,325,64,0.859,0
1369,DAPR-3340--Spatial_Audio_I/Configuring_Pro_Tools_for_Atmos_Mixing/IO_Setup_Output_Tab.png,1620,1415,185,0.934,0
1370,DAPR-3340--Spatial_Audio_I/Configuring_Pro_Tools_for_Atmos_Mixing/Input_Assignment_List_With_Groups.png,800,1162,174,0.953,0
1371,DAPR-3340--Spatial_Audio_I/Configuring_Pro_Tools_for_Atmos_Mixing/Input_Configuration_Bed_and_Object_Rows.png,800,628,83,0.951,0
1372,DAPR-3340--Spatial_Audio_I/Configuring_Pro_Tools_for_Atmos_Mixing/Input_Configuration_List_of_Object_Assignments.png,800,962,293,0.93,0
1373,DAPR-3340--Spatial_Audio_I/Configuring_Pro_Tools_for_Atmos_Mixing/Input_Configuration_Object_Group_Assignments.png,800,782,133,0.95,0
1374,DAPR-3340--Spatial_Audio_I/Configuring_Pro_Tools_for_Atmos_Mixing/Mixer_Strips_Assigned_to_Objects.png,788,600,154,0.338,0
1375,DAPR-3340--Spatial_Audio_I/Configuring_Pro_Tools_for_Atmos_Mixing/Narrow_Strip_With_Object_Output.png,83,249,11,0.588,0
1376,DAPR-3340--Spatial_Audio_I/Configuring_Pro_Tools_for_Atmos_Mixing/New_Paths_Dialog.png,791,268,29,0.965,0
1377,DAPR-3340--Spatial_Audio_I/Configuring_Pro_Tools_for_Atmos_Mixing/New_Paths_Dialog_for_Bed_and_Objects.png,514,195,17,0.948,0
1378,DAPR-3340--Spatial_Audio_I/Configuring_Pro_Tools_for_Atmos_Mixing/Object_Assigned_Post_Mixer_Strips.png,552,805,117,0.354,0
1379,DAPR-3340--Spatial_Audio_I/Configuring_Pro_Tools_for_Atmos_Mixing/Object_Group_Assignment_Dropdown.png,728,224,59,0.933,0
1380,DAPR-3340--Spatial_Audio_I/Configuring_Pro_Tools_for_Atmos_Mixing/Object_Output_Selection_Menu.png,241,158,25,0.807,0
1381,DAPR-3340--Spatial_Audio_I/Configuring_Pro_Tools_for_Atmos_Mixing/Object_Paths_Mapped_to_Outputs.png,1161,721,140,0.943,0
1382,DAPR-3340--Spatial_Audio_I/Configuring_Pro_Tools_for_Atmos_Mixing/Output_Menu_Listing_Bed_Formats.png,382,447,87,0.711,0
1383,DAPR-3340--Spatial_Audio_I/Configuring_Pro_Tools_for_Atmos_Mixing/Output_Paths_for_Bed_and_Objects.png,1251,798,110,0.972,0
1384,DAPR-3340--Spatial_Audio_I/Configuring_Pro_Tools_for_Atmos_Mixing/Output_Tab_Channel_Grid_Assignments.png,1045,694,95,0.961,0
1385,DAPR-3340--Spatial_Audio_I/Configuring_Pro_Tools_for_Atmos_Mixing/Playback_Engine_Focusrite_Selection.png,483,95,6,0.976,0
1386,DAPR-3340--Spatial_Audio_I/Configuring_Pro_Tools_for_Atmos_Mixing/Playback_Engine_Set_to_Dolby_Bridge.png,500,607,50,0.956,0
1387,DAPR-3340--Spatial_Audio_I/Configuring_Pro_Tools_for_Atmos_Mixing/Pt_Atmos_Object_Assignment_Dropdown.png,816,470,98,0.781,0
1388,DAPR-3340--Spatial_Audio_I/Configuring_Pro_Tools_for_Atmos_Mixing/Pt_Atmos_Object_Group_Menu.png,1276,508,101,0.933,0
1389,DAPR-3340--Spatial_Audio_I/Configuring_Pro_Tools_for_Atmos_Mixing/Red_Arrow_Pointing_to_Atmos_Tab.png,1040,694,57,0.976,0
1390,DAPR-3340--Spatial_Audio_I/Configuring_Pro_Tools_for_Atmos_Mixing/Red_Record_Enable_Button_Icon.png,18,18,0,0.534,0
1391,DAPR-3340--Spatial_Audio_I/Configuring_Pro_Tools_for_Atmos_Mixing/Renaming_an_Object_Input_Row.png,642,104,10,0.971,0
1392,DAPR-3340--Spatial_Audio_I/Configuring_Pro_Tools_for_Atmos_Mixing/Renderer_Groups_List_Window.png,420,488,21,0.977,0
1393,DAPR-3340--Spatial_Audio_I/Configuring_Pro_Tools_for_Atmos_Mixing/Renderer_Host_Address_Field_Arrow.png,608,137,15,0.945,0
1394,DAPR-3340--Spatial_Audio_I/Configuring_Pro_Tools_for_Atmos_Mixing/Renderer_Preferences_Devices_and_Monitoring.png,560,748,156,0.939,1
1395,DAPR-3340--Spatial_Audio_I/Configuring_Pro_Tools_for_Atmos_Mixing/Renderer_Selector.png,1600,297,126,0.864,0
1396,DAPR-3340--Spatial_Audio_I/Configuring_Pro_Tools_for_Atmos_Mixing/Tiny_Right_Arrow_Button_Icon.png,18,18,0,0.611,0
1397,DAPR-3340--Spatial_Audio_I/Configuring_Pro_Tools_for_Atmos_Mixing/Track_Output_Assigned_to_Bed_Bus.png,86,252,10,0.644,0
1398,DAPR-3340--Spatial_Audio_I/Configuring_Pro_Tools_for_Atmos_Mixing/Track_Output_Selector_Showing_Object.png,89,111,14,0.62,0
1399,DAPR-3340--Spatial_Audio_I/Configuring_Pro_Tools_for_Atmos_Mixing/Typing_a_New_Group_Name.png,420,488,17,0.984,0
1400,DAPR-3340--Spatial_Audio_I/Course_Orientation/Campus_Waterfall_Behind_Concrete_Beams.jpg,1100,158,205,0.158,0
1401,DAPR-3340--Spatial_Audio_I/Course_Orientation/Orientation_Course_Description.png,1600,900,95,0.991,0
1402,DAPR-3340--Spatial_Audio_I/Course_Orientation/Orientation_Prerequisites.png,1600,900,97,0.991,0
1403,DAPR-3340--Spatial_Audio_I/Course_Orientation/Schedule_Module_Timeline.png,1600,900,101,0.987,0
1404,DAPR-3340--Spatial_Audio_I/Creating_Dolby_Atmos_Deliverables/Audio_Vivid_Renderer_Select.png,1600,529,137,0.917,0
1405,DAPR-3340--Spatial_Audio_I/Creating_Dolby_Atmos_Deliverables/Binaural_Settings.png,800,771,112,0.948,1
1406,DAPR-3340--Spatial_Audio_I/Creating_Dolby_Atmos_Deliverables/Bounce_Mix_ADM_BWF.png,1125,1150,38,0.969,0
1407,DAPR-3340--Spatial_Audio_I/Creating_Dolby_Atmos_Deliverables/Deliverable_Tree.png,1600,900,627,0.934,0
1408,DAPR-3340--Spatial_Audio_I/Creating_Dolby_Atmos_Deliverables/Export_Master_to_ADM_Dialog.png,640,348,30,0.954,1
1409,DAPR-3340--Spatial_Audio_I/Creating_Dolby_Atmos_Deliverables/Export_Master_to_IMF_IAB_Dialog.png,640,372,37,0.95,0
1410,DAPR-3340--Spatial_Audio_I/Creating_Dolby_Atmos_Deliverables/Export_Master_to_MP_Four_Dialog.png,650,540,47,0.958,0
1411,DAPR-3340--Spatial_Audio_I/Creating_Dolby_Atmos_Deliverables/Export_Re_Renders_Dialog.png,778,668,73,0.957,0
1412,DAPR-3340--Spatial_Audio_I/Creating_Dolby_Atmos_Deliverables/Loudness_Analysis_Results_Window.png,600,458,53,0.953,1
1413,DAPR-3340--Spatial_Audio_I/Creating_Dolby_Atmos_Deliverables/Loudness_Analysis_Window_Before_Measuring.png,600,458,41,0.966,1
1414,DAPR-3340--Spatial_Audio_I/Creating_Dolby_Atmos_Deliverables/Mpeg_H_Renderer_Bed_Assign.png,1414,468,103,0.865,0
1415,DAPR-3340--Spatial_Audio_I/Creating_Dolby_Atmos_Deliverables/Re_Render_Layout_Dropdown_Menu.png,190,217,8,0.961,0
1416,DAPR-3340--Spatial_Audio_I/Creating_Dolby_Atmos_Deliverables/Re_Render_Properties_Dialog.png,488,586,35,0.969,1
1417,DAPR-3340--Spatial_Audio_I/Creating_Dolby_Atmos_Deliverables/Record_In_and_Out_Toggle.png,301,68,9,0.896,0
1418,DAPR-3340--Spatial_Audio_I/Creating_Dolby_Atmos_Deliverables/Recording_a_Dolby_Atmos_Master.png,576,276,27,0.957,1
1419,DAPR-3340--Spatial_Audio_I/Creating_Dolby_Atmos_Deliverables/Rerender_Window_With_Live_Layouts.png,800,728,53,0.981,1
1420,DAPR-3340--Spatial_Audio_I/Creating_Dolby_Atmos_Deliverables/Unlock_Master_File_Button.png,174,60,7,0.832,0
1421,DAPR-3340--Spatial_Audio_I/Creating_Dolby_Atmos_Deliverables/Walkmix_360ra_Headphone_View.png,1600,852,184,0.897,0
1422,DAPR-3340--Spatial_Audio_I/Creating_Dolby_Atmos_Deliverables/Walkmix_360ra_Speaker_View.png,1600,852,183,0.913,0
1423,DAPR-3340--Spatial_Audio_I/Final_Project_and_Final_Exam/Course_Concept_Map.png,1600,900,738,0.949,0
1424,DAPR-3340--Spatial_Audio_I/Final_Project_and_Final_Exam/Final_Exam_Coverage_Map.png,1600,1000,609,0.958,0
1425,DAPR-3340--Spatial_Audio_I/Introduction_to_Surround_and_Multichannel_Audio/Analog_Digital_Delivery_Evolution.png,639,284,165,0.82,0
1426,DAPR-3340--Spatial_Audio_I/Introduction_to_Surround_and_Multichannel_Audio/Atmos_Monitoring_Reference_Levels.png,1600,900,64,0.984,0
1427,DAPR-3340--Spatial_Audio_I/Introduction_to_Surround_and_Multichannel_Audio/Blu_Ray_Disc.png,100,55,4,0.885,0
1428,DAPR-3340--Spatial_Audio_I/Introduction_to_Surround_and_Multichannel_Audio/Compact_Disc.png,74,36,2,0.653,0
1429,DAPR-3340--Spatial_Audio_I/Introduction_to_Surround_and_Multichannel_Audio/DTS.png,159,72,3,0.948,0
1430,DAPR-3340--Spatial_Audio_I/Introduction_to_Surround_and_Multichannel_Audio/DTS_96_24.png,108,36,4,0.892,0
1431,DAPR-3340--Spatial_Audio_I/Introduction_to_Surround_and_Multichannel_Audio/DTS_Digital_Surround.png,79,36,1,0.911,0
1432,DAPR-3340--Spatial_Audio_I/Introduction_to_Surround_and_Multichannel_Audio/DTS_ES.png,122,36,4,0.895,0
1433,DAPR-3340--Spatial_Audio_I/Introduction_to_Surround_and_Multichannel_Audio/DTS_HD_High_Resolution.png,116,40,4,0.789,0
1434,DAPR-3340--Spatial_Audio_I/Introduction_to_Surround_and_Multichannel_Audio/DTS_HD_Master_Audio.png,114,40,4,0.796,0
1435,DAPR-3340--Spatial_Audio_I/Introduction_to_Surround_and_Multichannel_Audio/DTS_Neo_6.png,81,54,5,0.833,0
1436,DAPR-3340--Spatial_Audio_I/Introduction_to_Surround_and_Multichannel_Audio/DTS_Neo_X.png,109,72,9,0.817,0
1437,DAPR-3340--Spatial_Audio_I/Introduction_to_Surround_and_Multichannel_Audio/DVD_Audio.png,91,54,2,0.899,0
1438,DAPR-3340--Spatial_Audio_I/Introduction_to_Surround_and_Multichannel_Audio/DVD_Video.png,93,47,2,0.92,0
1439,DAPR-3340--Spatial_Audio_I/Introduction_to_Surround_and_Multichannel_Audio/Dangerous_Monitor_ST_SR.png,396,237,56,0.756,0
1440,DAPR-3340--Spatial_Audio_I/Introduction_to_Surround_and_Multichannel_Audio/Delivered_vs_Receiver_Processing.png,1024,319,320,0.806,0
1441,DAPR-3340--Spatial_Audio_I/Introduction_to_Surround_and_Multichannel_Audio/Dolby_Pro_Logic.png,145,67,6,0.787,0
1442,DAPR-3340--Spatial_Audio_I/Introduction_to_Surround_and_Multichannel_Audio/Dolby_Pro_Logic_History_Overview.png,1536,1024,672,0.702,0
1443,DAPR-3340--Spatial_Audio_I/Introduction_to_Surround_and_Multichannel_Audio/Dolby_Pro_Logic_History_Timeline.png,1024,269,255,0.714,0
1444,DAPR-3340--Spatial_Audio_I/Introduction_to_Surround_and_Multichannel_Audio/Dolby_Pro_Logic_II.png,145,53,4,0.837,0
1445,DAPR-3340--Spatial_Audio_I/Introduction_to_Surround_and_Multichannel_Audio/Dolby_Pro_Logic_IIx.png,145,53,4,0.824,0
1446,DAPR-3340--Spatial_Audio_I/Introduction_to_Surround_and_Multichannel_Audio/Dolby_Pro_Logic_IIz.png,145,29,2,0.881,0
1447,DAPR-3340--Spatial_Audio_I/Introduction_to_Surround_and_Multichannel_Audio/Dolby_Stereo_Logo.png,253,85,9,0.943,0
1448,DAPR-3340--Spatial_Audio_I/Introduction_to_Surround_and_Multichannel_Audio/Dolby_Surround.png,145,51,4,0.841,0
1449,DAPR-3340--Spatial_Audio_I/Introduction_to_Surround_and_Multichannel_Audio/Five_Point_One_to_Seven_Point_One_Extension.png,1600,900,843,0.971,0
1450,DAPR-3340--Spatial_Audio_I/Introduction_to_Surround_and_Multichannel_Audio/Grouped_Monitor_Control.png,1600,900,44,0.989,0
1451,DAPR-3340--Spatial_Audio_I/Introduction_to_Surround_and_Multichannel_Audio/HD_DVD.png,145,54,3,0.9,0
1452,DAPR-3340--Spatial_Audio_I/Introduction_to_Surround_and_Multichannel_Audio/Itu_51_Speaker_Layout.png,1484,1060,792,0.97,0
1453,DAPR-3340--Spatial_Audio_I/Introduction_to_Surround_and_Multichannel_Audio/Itu_71_Speaker_Layout.png,1484,1060,764,0.974,0
1454,DAPR-3340--Spatial_Audio_I/Introduction_to_Surround_and_Multichannel_Audio/LFE_vs_Bass_Management.png,1600,900,921,0.956,0
1455,DAPR-3340--Spatial_Audio_I/Introduction_to_Surround_and_Multichannel_Audio/Laser_Disc.png,130,36,2,0.89,0
1456,DAPR-3340--Spatial_Audio_I/Introduction_to_Surround_and_Multichannel_Audio/Legacy_Dolby_Hardware_Milestones.png,542,929,496,0.763,0
1457,DAPR-3340--Spatial_Audio_I/Introduction_to_Surround_and_Multichannel_Audio/Listener_Surrounded_by_Speaker_Circle.png,562,679,102,0.991,0
1458,DAPR-3340--Spatial_Audio_I/Introduction_to_Surround_and_Multichannel_Audio/Matrix_Encoder_Decoder.png,414,284,92,0.822,0
1459,DAPR-3340--Spatial_Audio_I/Introduction_to_Surround_and_Multichannel_Audio/Modern_71_Side_Rear_Layout.png,1500,950,31,0.995,0
1460,DAPR-3340--Spatial_Audio_I/Introduction_to_Surround_and_Multichannel_Audio/Modern_Atmos_Monitoring_Path.png,1600,900,74,0.983,0
1461,DAPR-3340--Spatial_Audio_I/Introduction_to_Surround_and_Multichannel_Audio/Multichannel_Calibration_Workflow.png,1600,900,84,0.978,0
1462,DAPR-3340--Spatial_Audio_I/Introduction_to_Surround_and_Multichannel_Audio/Multichannel_Output_Counts.png,1600,900,62,0.987,0
1463,DAPR-3340--Spatial_Audio_I/Introduction_to_Surround_and_Multichannel_Audio/Overhead_Speaker_Layout_Diagram.png,629,722,31,0.992,0
1464,DAPR-3340--Spatial_Audio_I/Introduction_to_Surround_and_Multichannel_Audio/Pro_Logic_IIx_vs_IIz.png,1600,900,953,0.926,0
1465,DAPR-3340--Spatial_Audio_I/Introduction_to_Surround_and_Multichannel_Audio/Quadraphonic_Speaker_Layout.png,1600,1200,295,0.985,0
1466,DAPR-3340--Spatial_Audio_I/Introduction_to_Surround_and_Multichannel_Audio/Red_Net_Control_Grouped_Outputs.png,396,261,51,0.834,0
1467,DAPR-3340--Spatial_Audio_I/Introduction_to_Surround_and_Multichannel_Audio/Red_Net_Control_Output_Trim.png,396,264,131,0.547,0
1468,DAPR-3340--Spatial_Audio_I/Introduction_to_Surround_and_Multichannel_Audio/SACD.png,91,61,5,0.876,0
1469,DAPR-3340--Spatial_Audio_I/Introduction_to_Surround_and_Multichannel_Audio/Sdds_71_Five_Front_Layout.png,1500,950,35,0.994,0
1470,DAPR-3340--Spatial_Audio_I/Introduction_to_Surround_and_Multichannel_Audio/Sdds_Educational_Badge.png,1400,420,28,0.991,0
1471,DAPR-3340--Spatial_Audio_I/Introduction_to_Surround_and_Multichannel_Audio/Seven_Point_One_Channel_Order_vs_Labels.png,1600,950,55,0.988,0
1472,DAPR-3340--Spatial_Audio_I/Introduction_to_Surround_and_Multichannel_Audio/Seven_Point_One_Families_Comparison.png,1600,988,203,0.98,0
1473,DAPR-3340--Spatial_Audio_I/Introduction_to_Surround_and_Multichannel_Audio/Seven_Point_One_Music_Use.png,1600,900,866,0.957,0
1474,DAPR-3340--Spatial_Audio_I/Introduction_to_Surround_and_Multichannel_Audio/Seven_Point_One_Naming_Crosswalk.png,1600,900,968,0.922,0
1475,DAPR-3340--Spatial_Audio_I/Introduction_to_Surround_and_Multichannel_Audio/Seven_Point_One_and_Height_Formats.png,1600,1000,60,0.988,0
1476,DAPR-3340--Spatial_Audio_I/Introduction_to_Surround_and_Multichannel_Audio/Software_vs_Hardware_Monitor_Control.png,1600,900,106,0.971,0
1477,DAPR-3340--Spatial_Audio_I/Introduction_to_Surround_and_Multichannel_Audio/Stereo_to_Immersive_Progression.png,1600,900,395,0.96,0
1478,DAPR-3340--Spatial_Audio_I/Introduction_to_Surround_and_Multichannel_Audio/Surround_Format_Timeline.png,1600,900,438,0.942,0
1479,DAPR-3340--Spatial_Audio_I/Introduction_to_Surround_and_Multichannel_Audio/Surround_Monitoring_Signal_Flow.png,1600,900,69,0.985,0
1480,DAPR-3340--Spatial_Audio_I/Introduction_to_Surround_and_Multichannel_Audio/Welcome_Surround_Mixing_and_Immersive_Audio.png,600,295,360,0.22,0
1481,DAPR-3340--Spatial_Audio_I/Introduction_to_Surround_and_Multichannel_Audio/Windows_Media_Audio_9_Pro_71.png,1500,930,65,0.989,0
1482,DAPR-3340--Spatial_Audio_I/Introduction_to_Surround_and_Multichannel_Audio/Windows_Media_Audio_9_Pro_Badge.png,1400,420,33,0.988,0
1483,DAPR-3340--Spatial_Audio_I/Introduction_to_Surround_and_Multichannel_Audio/Windows_Media_vs_Windows_Spatial_Sound.png,1600,900,57,0.988,0
1484,DAPR-3340--Spatial_Audio_I/Mixing_in_Dolby_Atmos/Auto_Height_Override_Context_Menu.png,311,94,32,0.701,0
1485,DAPR-3340--Spatial_Audio_I/Mixing_in_Dolby_Atmos/Bed_and_Object_Structure.png,1600,900,546,0.948,0
1486,DAPR-3340--Spatial_Audio_I/Mixing_in_Dolby_Atmos/Create_Group_Dialog_for_Guitar_Mix.png,489,663,42,0.967,0
1487,DAPR-3340--Spatial_Audio_I/Mixing_in_Dolby_Atmos/Frame_Rate_Menu_in_Renderer_Preferences.png,354,257,50,0.925,0
1488,DAPR-3340--Spatial_Audio_I/Mixing_in_Dolby_Atmos/Group_Assignment_Buttons_Highlighted.png,326,198,11,0.637,0
1489,DAPR-3340--Spatial_Audio_I/Mixing_in_Dolby_Atmos/Guitar_Object_Channel_Strips.png,422,590,271,0.487,0
1490,DAPR-3340--Spatial_Audio_I/Mixing_in_Dolby_Atmos/Guitar_Strips_With_EQ_Plugin_Open.png,1015,717,193,0.593,0
1491,DAPR-3340--Spatial_Audio_I/Mixing_in_Dolby_Atmos/Highlighted_Panner_Toolbar_Button.png,161,79,9,0.907,0
1492,DAPR-3340--Spatial_Audio_I/Mixing_in_Dolby_Atmos/LTC_Generator_Plugin_Window.png,453,237,52,0.896,0
1493,DAPR-3340--Spatial_Audio_I/Mixing_in_Dolby_Atmos/LTC_Generator_Track_Strip.png,81,706,67,0.674,0
1494,DAPR-3340--Spatial_Audio_I/Mixing_in_Dolby_Atmos/Miniature_Panner_Room_Thumbnail.png,199,156,21,0.937,0
1495,DAPR-3340--Spatial_Audio_I/Mixing_in_Dolby_Atmos/Modify_Groups_Attributes_Dialog.png,489,663,41,0.956,0
1496,DAPR-3340--Spatial_Audio_I/Mixing_in_Dolby_Atmos/Music_Panner_Network_Address_Menu.png,356,248,34,0.661,0
1497,DAPR-3340--Spatial_Audio_I/Mixing_in_Dolby_Atmos/Music_Panner_Object_Pair_Linking.png,294,224,22,0.786,0
1498,DAPR-3340--Spatial_Audio_I/Mixing_in_Dolby_Atmos/Music_Panner_Object_Selection_Menu.png,295,247,30,0.68,0
1499,DAPR-3340--Spatial_Audio_I/Mixing_in_Dolby_Atmos/Music_Panner_Path_Shape_Buttons.png,224,58,2,0.909,0
1500,DAPR-3340--Spatial_Audio_I/Mixing_in_Dolby_Atmos/Music_Panner_Plugin_Window.png,453,848,124,0.606,0
1501,DAPR-3340--Spatial_Audio_I/Mixing_in_Dolby_Atmos/Music_Panner_Sequencer_Step_Buttons.png,403,141,10,0.947,0
1502,DAPR-3340--Spatial_Audio_I/Mixing_in_Dolby_Atmos/Object_Assignment_Strips.png,854,854,78,0.593,0
1503,DAPR-3340--Spatial_Audio_I/Mixing_in_Dolby_Atmos/Object_Panner_With_Position_Controls.png,328,511,44,0.789,0
1504,DAPR-3340--Spatial_Audio_I/Mixing_in_Dolby_Atmos/Output_Paths_Including_LTC_Channel.png,1203,694,98,0.967,0
1505,DAPR-3340--Spatial_Audio_I/Mixing_in_Dolby_Atmos/Pan_Curve_Shape_Icons.png,72,21,1,0.921,0
1506,DAPR-3340--Spatial_Audio_I/Mixing_in_Dolby_Atmos/Panner_Grid_Icon_Dropdown_Open.png,123,144,25,0.776,0
1507,DAPR-3340--Spatial_Audio_I/Mixing_in_Dolby_Atmos/Panner_Mode_Menu_With_Theater_Chosen.png,288,320,83,0.795,0
1508,DAPR-3340--Spatial_Audio_I/Mixing_in_Dolby_Atmos/Pt_Immersive_Panner_Lcr_Object_Channels.png,1600,1405,435,0.602,0
1509,DAPR-3340--Spatial_Audio_I/Mixing_in_Dolby_Atmos/Pt_Immersive_Panner_Stereo_Object.png,1090,1486,205,0.644,0
1510,DAPR-3340--Spatial_Audio_I/Mixing_in_Dolby_Atmos/Pt_Immersive_Panner_Top_View_Speakers.png,694,732,197,0.492,0
1511,DAPR-3340--Spatial_Audio_I/Mixing_in_Dolby_Atmos/Pt_Object_Track_Xyz_Automation.png,1382,416,58,0.878,0
1512,DAPR-3340--Spatial_Audio_I/Mixing_in_Dolby_Atmos/Red_Arrow_to_VCA_Master_Strip.png,502,595,330,0.419,0
1513,DAPR-3340--Spatial_Audio_I/Mixing_in_Dolby_Atmos/Renderer_Device_Settings_and_LTC_Channel.png,370,224,45,0.918,0
1514,DAPR-3340--Spatial_Audio_I/Mixing_in_Dolby_Atmos/Reverbs_in_an_Atmos_Mix.png,264,103,6,0.721,0
1515,DAPR-3340--Spatial_Audio_I/Mixing_in_Dolby_Atmos/Sequencer_Step_Buttons_Panel.png,402,142,10,0.948,0
1516,DAPR-3340--Spatial_Audio_I/Mixing_in_Dolby_Atmos/Sequencer_Step_Duration_Dropdown.png,403,141,19,0.892,0
1517,DAPR-3340--Spatial_Audio_I/Mixing_in_Dolby_Atmos/The_Atmos_Music_Panner.gif,452,848,1969,0.487,0
1518,DAPR-3340--Spatial_Audio_I/Mixing_in_Dolby_Atmos/Timecode_Rate_Dropdown_Menu.png,309,132,38,0.851,0
1519,DAPR-3340--Spatial_Audio_I/Mixing_in_Dolby_Atmos/Track_Output_Bed_or_Object.png,1325,857,58,0.716,0
1520,DAPR-3340--Spatial_Audio_I/Mixing_in_Dolby_Atmos/Transport_Bar_Sync_Button_Highlighted.png,375,78,8,0.948,0
1521,DAPR-3340--Spatial_Audio_I/Mixing_in_Dolby_Atmos/Two_Object_Panner_Windows_Side_by_Side.png,676,524,297,0.761,0
1522,DAPR-3340--Spatial_Audio_I/Mixing_in_Dolby_Atmos/Working_with_Multiple_Beds.png,879,922,159,0.307,0
1523,DAPR-3340--Spatial_Audio_I/Surround_Mastering_and_Surround_Encoding/Channel_File_Assignment_for_Encoding.jpg,837,1066,66,0.439,0
1524,DAPR-3340--Spatial_Audio_I/Surround_Mastering_and_Surround_Encoding/Channel_File_Slot_Assignment_Dialog.png,805,978,124,0.893,0
1525,DAPR-3340--Spatial_Audio_I/Surround_Mastering_and_Surround_Encoding/Common_Audio_Meters.png,1536,1024,611,0.659,0
1526,DAPR-3340--Spatial_Audio_I/Surround_Mastering_and_Surround_Encoding/Compressor_Batch_With_Dolby_Digital_Preset.png,1600,1016,417,0.939,0
1527,DAPR-3340--Spatial_Audio_I/Surround_Mastering_and_Surround_Encoding/Dither_Quantization.png,1600,900,653,0.922,0
1528,DAPR-3340--Spatial_Audio_I/Surround_Mastering_and_Surround_Encoding/Dither_versus_Truncation_Noise_Floor.png,1600,900,433,0.957,0
1529,DAPR-3340--Spatial_Audio_I/Surround_Mastering_and_Surround_Encoding/Dolby_Digital_Encoding_Preset_Window.jpg,1600,1122,121,0.923,0
1530,DAPR-3340--Spatial_Audio_I/Surround_Mastering_and_Surround_Encoding/Down_Mixer_Plugin_Window.jpg,964,832,106,0.603,0
1531,DAPR-3340--Spatial_Audio_I/Surround_Mastering_and_Surround_Encoding/EQ_Low_Pass_Filter_On_Sub.png,456,278,65,0.624,0
1532,DAPR-3340--Spatial_Audio_I/Surround_Mastering_and_Surround_Encoding/Equal_Loudness_Contour_Chart.jpg,1400,1231,230,0.902,0
1533,DAPR-3340--Spatial_Audio_I/Surround_Mastering_and_Surround_Encoding/Finder_Folder_of_Split_Master_Files.jpg,511,473,118,0.898,0
1534,DAPR-3340--Spatial_Audio_I/Surround_Mastering_and_Surround_Encoding/Full_Chain_of_Boxed_Processor_Icons.jpg,1600,237,89,0.906,0
1535,DAPR-3340--Spatial_Audio_I/Surround_Mastering_and_Surround_Encoding/Import_Audio_Dialog.png,1081,640,98,0.947,0
1536,DAPR-3340--Spatial_Audio_I/Surround_Mastering_and_Surround_Encoding/Limiter_Ceiling_and_Intersample.png,1600,900,350,0.964,0
1537,DAPR-3340--Spatial_Audio_I/Surround_Mastering_and_Surround_Encoding/Limiter_Plugin_With_Loudness_Readouts.png,662,516,184,0.515,0
1538,DAPR-3340--Spatial_Audio_I/Surround_Mastering_and_Surround_Encoding/Limiting_and_Brickwall_Limiters.png,662,516,183,0.524,0
1539,DAPR-3340--Spatial_Audio_I/Surround_Mastering_and_Surround_Encoding/Mastering_Chain_and_Print_Track_Strips.jpg,1060,820,458,0.404,0
1540,DAPR-3340--Spatial_Audio_I/Surround_Mastering_and_Surround_Encoding/Mastering_Signal_Chain.png,1600,900,350,0.933,0
1541,DAPR-3340--Spatial_Audio_I/Surround_Mastering_and_Surround_Encoding/Mastering_Suite_With_EQ_Curve.jpg,1600,893,123,0.733,0
1542,DAPR-3340--Spatial_Audio_I/Surround_Mastering_and_Surround_Encoding/Mid_Slash_Side_Processing.jpg,1600,785,131,0.759,0
1543,DAPR-3340--Spatial_Audio_I/Surround_Mastering_and_Surround_Encoding/Mixing_versus_Mastering.png,1600,900,764,0.9,0
1544,DAPR-3340--Spatial_Audio_I/Surround_Mastering_and_Surround_Encoding/Multiband_Compression.png,1600,1050,448,0.593,0
1545,DAPR-3340--Spatial_Audio_I/Surround_Mastering_and_Surround_Encoding/Multiband_Crossover_Bands.png,1600,900,298,0.97,0
1546,DAPR-3340--Spatial_Audio_I/Surround_Mastering_and_Surround_Encoding/Multichannel_Stem_File_List.png,315,280,19,0.937,0
1547,DAPR-3340--Spatial_Audio_I/Surround_Mastering_and_Surround_Encoding/Pt_IO_Setup_Dolby_Atmos_Tab.png,1600,1053,371,0.948,0
1548,DAPR-3340--Spatial_Audio_I/Surround_Mastering_and_Surround_Encoding/Pt_IO_Setup_Output_Atmos_Objects.png,1600,1067,290,0.951,0
1549,DAPR-3340--Spatial_Audio_I/Surround_Mastering_and_Surround_Encoding/Short_Chain_of_Boxed_Processor_Icons.jpg,1240,252,45,0.976,0
1550,DAPR-3340--Spatial_Audio_I/Surround_Mastering_and_Surround_Encoding/Surround_Delivery_Formats.png,1600,900,785,0.948,0
1551,DAPR-3340--Spatial_Audio_I/Surround_Mastering_and_Surround_Encoding/Surround_Encoding_Plugins.jpg,1000,750,100,0.911,0
1552,DAPR-3340--Spatial_Audio_I/Surround_Mastering_and_Surround_Encoding/Surround_Encoding_Plugins.png,1600,936,708,0.828,0
1553,DAPR-3340--Spatial_Audio_I/Surround_Mastering_and_Surround_Encoding/Surround_Encoding_Software.jpg,794,1032,46,0.427,0
1554,DAPR-3340--Spatial_Audio_I/Surround_Mastering_and_Surround_Encoding/Surround_Encoding_Software.png,1057,1048,519,0.869,0
1555,DAPR-3340--Spatial_Audio_I/Surround_Mastering_and_Surround_Encoding/Surround_Limiter_Plugin_Window.jpg,1095,783,148,0.5,0
1556,DAPR-3340--Spatial_Audio_I/Surround_Mastering_and_Surround_Encoding/Surround_Metering_Plugins.png,1280,1048,196,0.912,0
1557,DAPR-3340--Spatial_Audio_I/Surround_Mastering_and_Surround_Encoding/Upmix_Plugin_Channel_Meters.png,882,378,194,0.617,0
1558,DAPR-3340--Spatial_Audio_I/Surround_Mastering_and_Surround_Encoding/Upmix_Plugin_Polar_Display.png,623,723,170,0.71,0
1559,DAPR-3340--Spatial_Audio_I/Surround_Mastering_and_Surround_Encoding/Waves_Surround_Mixdown_Plugin_Window.jpg,901,844,139,0.657,0
1560,DAPR-3340--Spatial_Audio_I/Surround_Mixing_and_Surround_Plugins/Automation_Breakpoints_over_Colored_Clips.jpg,1600,478,110,0.728,0
1561,DAPR-3340--Spatial_Audio_I/Surround_Mixing_and_Surround_Plugins/Automation_Window_with_Write_Enable_Buttons.jpg,227,776,117,0.691,0
1562,DAPR-3340--Spatial_Audio_I/Surround_Mixing_and_Surround_Plugins/Aux_Input_Strip_Annotated.png,2005,2610,656,0.911,0
1563,DAPR-3340--Spatial_Audio_I/Surround_Mixing_and_Surround_Plugins/Bus_Paths_Mapped_to_Surround_Monitors.png,734,327,43,0.943,0
1564,DAPR-3340--Spatial_Audio_I/Surround_Mixing_and_Surround_Plugins/Bus_Tab_Listing_Surround_Busses.png,794,694,75,0.957,0
1565,DAPR-3340--Spatial_Audio_I/Surround_Mixing_and_Surround_Plugins/Color_Coded_Input_Output_and_Bus_Paths.png,1572,757,52,0.848,0
1566,DAPR-3340--Spatial_Audio_I/Surround_Mixing_and_Surround_Plugins/Compressor_Limiter_Over_Drum_Strips.png,824,733,230,0.448,0
1567,DAPR-3340--Spatial_Audio_I/Surround_Mixing_and_Surround_Plugins/Create_Group_Dialog_for_Dialog_Tracks.png,489,663,46,0.964,0
1568,DAPR-3340--Spatial_Audio_I/Surround_Mixing_and_Surround_Plugins/Create_Group_Dialog_for_Drum_Tracks.png,489,663,47,0.962,0
1569,DAPR-3340--Spatial_Audio_I/Surround_Mixing_and_Surround_Plugins/Decca_Tree_Microphone_Channel_Strips.jpg,477,1370,454,0.618,0
1570,DAPR-3340--Spatial_Audio_I/Surround_Mixing_and_Surround_Plugins/Dialog_Strips_Under_VCA_Master.png,473,545,56,0.645,0
1571,DAPR-3340--Spatial_Audio_I/Surround_Mixing_and_Surround_Plugins/Dialogue_and_Background_Stem_Strips.png,550,549,67,0.547,0
1572,DAPR-3340--Spatial_Audio_I/Surround_Mixing_and_Surround_Plugins/Divergence_Front_Rear_Link.png,1288,504,39,0.726,0
1573,DAPR-3340--Spatial_Audio_I/Surround_Mixing_and_Surround_Plugins/Drum_Mixer_Strips_With_Inserts.jpg,1600,925,348,0.312,0
1574,DAPR-3340--Spatial_Audio_I/Surround_Mixing_and_Surround_Plugins/Drum_Strips_With_VCA_Master.png,711,549,76,0.583,0
1575,DAPR-3340--Spatial_Audio_I/Surround_Mixing_and_Surround_Plugins/Edit_Window_Pan_Automation_and_Panner.jpg,1600,741,138,0.539,0
1576,DAPR-3340--Spatial_Audio_I/Surround_Mixing_and_Surround_Plugins/Export_Selected_Dialog_High_Sample_Rate.png,288,374,25,0.927,0
1577,DAPR-3340--Spatial_Audio_I/Surround_Mixing_and_Surround_Plugins/Export_Selected_Dialog_Video_Sample_Rate.png,288,374,26,0.929,0
1578,DAPR-3340--Spatial_Audio_I/Surround_Mixing_and_Surround_Plugins/Export_to_AAF_Options_Dialog.jpg,651,1054,242,0.882,0
1579,DAPR-3340--Spatial_Audio_I/Surround_Mixing_and_Surround_Plugins/Guitar_and_Piano_Mixer_Strips.jpg,1600,907,277,0.341,0
1580,DAPR-3340--Spatial_Audio_I/Surround_Mixing_and_Surround_Plugins/Horn_Track_Strips_on_Shared_Bus.jpg,1249,1081,248,0.473,0
1581,DAPR-3340--Spatial_Audio_I/Surround_Mixing_and_Surround_Plugins/IO_Setup_Path_Color_Selector.png,1600,348,101,0.748,0
1582,DAPR-3340--Spatial_Audio_I/Surround_Mixing_and_Surround_Plugins/Linked_Dual_Surround_Panner_Grids.jpg,1060,1025,247,0.599,0
1583,DAPR-3340--Spatial_Audio_I/Surround_Mixing_and_Surround_Plugins/Loudness_Integrated_Shortterm_Truepeak.png,1600,900,528,0.951,0
1584,DAPR-3340--Spatial_Audio_I/Surround_Mixing_and_Surround_Plugins/Loudness_Metering.jpg,1600,1417,210,0.79,0
1585,DAPR-3340--Spatial_Audio_I/Surround_Mixing_and_Surround_Plugins/Master_Fader_Strip_Annotated.png,2035,2615,526,0.918,0
1586,DAPR-3340--Spatial_Audio_I/Surround_Mixing_and_Surround_Plugins/Output_Path_Menu_With_Studio_Main.jpg,952,796,384,0.841,0
1587,DAPR-3340--Spatial_Audio_I/Surround_Mixing_and_Surround_Plugins/Output_Path_Submenu_of_Subpaths.jpg,515,366,107,0.927,0
1588,DAPR-3340--Spatial_Audio_I/Surround_Mixing_and_Surround_Plugins/Output_Window_71_Panner_Annotated.png,2020,1471,163,0.778,0
1589,DAPR-3340--Spatial_Audio_I/Surround_Mixing_and_Surround_Plugins/Output_Window_With_Highlighted_LFE_Fader.jpg,986,1044,120,0.546,0
1590,DAPR-3340--Spatial_Audio_I/Surround_Mixing_and_Surround_Plugins/Plugin_Channel_Selection_Dropdown.jpg,1600,366,84,0.561,0
1591,DAPR-3340--Spatial_Audio_I/Surround_Mixing_and_Surround_Plugins/Post_Production_Mix_Workflow_Chart.jpg,1029,1535,196,0.913,0
1592,DAPR-3340--Spatial_Audio_I/Surround_Mixing_and_Surround_Plugins/Production_Session_Flow_Chart.jpg,1019,1467,380,0.975,0
1593,DAPR-3340--Spatial_Audio_I/Surround_Mixing_and_Surround_Plugins/Pt_Mix_Window_Atmos_Bed_Objects.png,1010,1386,257,0.408,0
1594,DAPR-3340--Spatial_Audio_I/Surround_Mixing_and_Surround_Plugins/Pt_Surround_Panner_Annotated.png,501,339,91,0.762,1
1595,DAPR-3340--Spatial_Audio_I/Surround_Mixing_and_Surround_Plugins/Pt_Surround_Panner_Mode_Menu.png,450,183,79,0.593,0
1596,DAPR-3340--Spatial_Audio_I/Surround_Mixing_and_Surround_Plugins/Reverb_Auxiliary_and_Object_Strips.png,593,767,90,0.383,0
1597,DAPR-3340--Spatial_Audio_I/Surround_Mixing_and_Surround_Plugins/Send_Assignment_Context_Menu_On_Strip.jpg,609,363,130,0.626,0
1598,DAPR-3340--Spatial_Audio_I/Surround_Mixing_and_Surround_Plugins/Send_Window_Stereo.png,335,1058,80,0.819,0
1599,DAPR-3340--Spatial_Audio_I/Surround_Mixing_and_Surround_Plugins/Static_versus_Dynamic_Automation.png,1600,900,630,0.94,0
1600,DAPR-3340--Spatial_Audio_I/Surround_Mixing_and_Surround_Plugins/Stem_and_Submix_Channel_Strips.png,925,551,56,0.463,0
1601,DAPR-3340--Spatial_Audio_I/Surround_Mixing_and_Surround_Plugins/String_Section_Strips_Routed_to_Submix.png,1580,547,91,0.673,0
1602,DAPR-3340--Spatial_Audio_I/Surround_Mixing_and_Surround_Plugins/Submix_Strips_Feeding_Main_Mix.png,909,550,57,0.619,0
1603,DAPR-3340--Spatial_Audio_I/Surround_Mixing_and_Surround_Plugins/Surround_Mix_Workflow.png,1600,900,547,0.936,0
1604,DAPR-3340--Spatial_Audio_I/Surround_Mixing_and_Surround_Plugins/Surround_Panner_Output_Window.jpg,634,1026,147,0.575,0
1605,DAPR-3340--Spatial_Audio_I/Surround_Mixing_and_Surround_Plugins/Surround_Panner_Window.png,1235,954,58,0.726,0
1606,DAPR-3340--Spatial_Audio_I/Surround_Mixing_and_Surround_Plugins/Surround_Panner_and_Automation_Ramp.png,1164,971,372,0.671,0
1607,DAPR-3340--Spatial_Audio_I/Surround_Mixing_and_Surround_Plugins/Surround_Plug_Ins.png,903,657,39,0.704,0
1608,DAPR-3340--Spatial_Audio_I/Surround_Mixing_and_Surround_Plugins/Surround_Session_Routing.png,1600,900,953,0.844,0
1609,DAPR-3340--Spatial_Audio_I/Surround_Mixing_and_Surround_Plugins/Track_Assignment_Context_Menu.jpg,850,377,203,0.695,0
1610,DAPR-3340--Spatial_Audio_I/Surround_Mixing_and_Surround_Plugins/Track_Input_Selector.png,750,468,35,0.834,0
1611,DAPR-3340--Spatial_Audio_I/Surround_Mixing_and_Surround_Plugins/Two_Lindell_Channel_Strip_Windows.jpg,1600,840,284,0.311,0
1612,DAPR-3340--Spatial_Audio_I/Surround_Mixing_and_Surround_Plugins/Wide_Mix_Window_of_Colored_Strips.jpg,1600,717,292,0.161,0
1613,DAPR-3340--Spatial_Audio_I/Surround_Mixing_and_Surround_Plugins/Wide_Mixer_View_With_Highlighted_Strips.jpg,1600,1111,373,0.16,0
1614,DAPR-3340--Spatial_Audio_I/Surround_Monitoring/Bass_Management_Signal_Path.png,1600,900,492,0.945,0
1615,DAPR-3340--Spatial_Audio_I/Surround_Monitoring/Calibration_Order_of_Operations.png,1600,900,447,0.962,0
1616,DAPR-3340--Spatial_Audio_I/Surround_Monitoring/Consumer_Listening_Environment.jpg,626,274,31,0.369,0
1617,DAPR-3340--Spatial_Audio_I/Surround_Monitoring/Consumer_Room_Compromises.png,1600,900,426,0.967,0
1618,DAPR-3340--Spatial_Audio_I/Surround_Monitoring/Focusrite_Red_8Pre_Front_and_Rear.png,680,262,161,0.658,0
1619,DAPR-3340--Spatial_Audio_I/Surround_Monitoring/Monitoring_Environments_Comparison.png,1600,900,785,0.755,0
1620,DAPR-3340--Spatial_Audio_I/Surround_Monitoring/Neumann_Studio_Monitor.png,276,362,181,0.404,0
1621,DAPR-3340--Spatial_Audio_I/Surround_Monitoring/New_Tracks_Dialog_for_Pink_Noise.png,815,118,11,0.974,0
1622,DAPR-3340--Spatial_Audio_I/Surround_Monitoring/Pink_Noise_Test_Channel_Strip.png,81,547,19,0.699,0
1623,DAPR-3340--Spatial_Audio_I/Surround_Monitoring/Placement_Height_Distance_Toe_in.png,1600,900,358,0.967,0
1624,DAPR-3340--Spatial_Audio_I/Surround_Monitoring/Professional_Mixing_Environment.jpg,630,474,116,0.126,0
1625,DAPR-3340--Spatial_Audio_I/Surround_Monitoring/Pt_51_Format_Channel_Assignments.png,514,293,112,0.74,0
1626,DAPR-3340--Spatial_Audio_I/Surround_Monitoring/Pt_Mix_Window_51_Surround_Routing.png,501,493,214,0.683,0
1627,DAPR-3340--Spatial_Audio_I/Surround_Monitoring/Room_Correction_EQ_Curve_Display.jpg,436,326,30,0.782,0
1628,DAPR-3340--Spatial_Audio_I/Surround_Monitoring/Signal_Generator_Set_to_Pink_Noise.png,453,198,104,0.748,0
1629,DAPR-3340--Spatial_Audio_I/Surround_Monitoring/Soundbar_and_Subwoofer_System.png,588,292,54,0.848,0
1630,DAPR-3340--Spatial_Audio_I/Surround_Monitoring/Speaker_Placement.jpg,592,648,69,0.82,0
1631,DAPR-3340--Spatial_Audio_I/Surround_Monitoring/Studio_Live_Room_Photo.jpg,464,464,70,0.12,0
1632,DAPR-3340--Spatial_Audio_I/Surround_Monitoring/System_Calibration.png,294,566,28,0.975,0
1633,DAPR-3340--Spatial_Audio_I/Surround_Monitoring/Theatrical_Listening_Environment.jpg,624,666,118,0.733,0
1634,DAPR-3340--Spatial_Audio_I/Surround_Monitoring/Theatrical_versus_Home_Scale.png,1600,900,903,0.907,0
1635,DAPR-3340--Spatial_Audio_I/Surround_Recording/Ambisonic_Microphone_With_Capsules_Exposed.jpg,1048,370,64,0.751,0
1636,DAPR-3340--Spatial_Audio_I/Surround_Recording/B_Format_WXYZ_Pickup_Patterns.png,246,273,21,0.956,0
1637,DAPR-3340--Spatial_Audio_I/Surround_Recording/Cardioid_Array_With_Labeled_Distances.png,1453,1039,85,0.996,0
1638,DAPR-3340--Spatial_Audio_I/Surround_Recording/Cardioid_Pattern_Array_Layout.png,874,803,48,0.994,0
1639,DAPR-3340--Spatial_Audio_I/Surround_Recording/Direct_Early_Late_Reflections_Timeline.png,1600,925,126,0.99,0
1640,DAPR-3340--Spatial_Audio_I/Surround_Recording/Facing_Bidirectional_Polar_Pattern_Diagram.png,379,457,28,0.982,0
1641,DAPR-3340--Spatial_Audio_I/Surround_Recording/Five_Microphone_Surround_Array_Diagram.png,1062,809,60,0.994,0
1642,DAPR-3340--Spatial_Audio_I/Surround_Recording/Fukada_Tree.png,1600,907,126,0.991,0
1643,DAPR-3340--Spatial_Audio_I/Surround_Recording/Hamasaki_Square.png,1385,1084,71,0.995,0
1644,DAPR-3340--Spatial_Audio_I/Surround_Recording/IRT_Cross.png,912,884,68,0.993,0
1645,DAPR-3340--Spatial_Audio_I/Surround_Recording/Input_Setup_Channel_Mapping_Matrix.jpg,1600,1108,167,0.854,0
1646,DAPR-3340--Spatial_Audio_I/Surround_Recording/Location_Monitoring_Chain.png,1600,900,453,0.951,0
1647,DAPR-3340--Spatial_Audio_I/Surround_Recording/Mic_Input_Strips_With_Channel_Labels.jpg,796,1086,149,0.51,0
1648,DAPR-3340--Spatial_Audio_I/Surround_Recording/Microphone_Spacing_Diagram_With_Measurements.png,1396,1500,115,0.994,0
1649,DAPR-3340--Spatial_Audio_I/Surround_Recording/Microphone_Spacing_Distance_Diagram.png,967,504,30,0.994,0
1650,DAPR-3340--Spatial_Audio_I/Surround_Recording/Modified_Decca_Tree.png,976,861,46,0.995,0
1651,DAPR-3340--Spatial_Audio_I/Surround_Recording/New_Paths_Dialog_for_Surround_Busses.jpg,1081,357,57,0.871,0
1652,DAPR-3340--Spatial_Audio_I/Surround_Recording/New_Paths_Dialog_for_Surround_Output.jpg,1075,354,131,0.867,0
1653,DAPR-3340--Spatial_Audio_I/Surround_Recording/New_Tracks_Dialog_Creating_Mono_Tracks.jpg,1600,252,35,0.836,0
1654,DAPR-3340--Spatial_Audio_I/Surround_Recording/New_Tracks_Dialog_for_Surround_Track.png,827,127,14,0.91,0
1655,DAPR-3340--Spatial_Audio_I/Surround_Recording/Output_Path_Routing_Matrix.jpg,1600,1255,191,0.864,0
1656,DAPR-3340--Spatial_Audio_I/Surround_Recording/Output_Tab_of_Thunderbolt_Interface_Paths.jpg,1600,1117,171,0.842,0
1657,DAPR-3340--Spatial_Audio_I/Surround_Recording/Pt_Surround_Panner_Plugin.png,233,294,62,0.528,0
1658,DAPR-3340--Spatial_Audio_I/Surround_Recording/Rounded_Mesh_Covered_Microphone_Housing.jpg,822,623,141,0.488,0
1659,DAPR-3340--Spatial_Audio_I/Surround_Recording/Session_Monitor_Path_Settings.png,331,219,14,0.928,0
1660,DAPR-3340--Spatial_Audio_I/Surround_Recording/Spaced_Cardioid_Array_Spacing_Diagram.png,1059,421,39,0.992,0
1661,DAPR-3340--Spatial_Audio_I/Surround_Recording/Surround_Array_Geometry.png,1600,900,294,0.973,0
1662,DAPR-3340--Spatial_Audio_I/Surround_Recording/Surround_Microphone_Array_With_Angles.png,1093,1469,118,0.994,0
1663,DAPR-3340--Spatial_Audio_I/Surround_Recording/Surround_Output_Assignment_Menu.jpg,967,397,82,0.873,0
1664,DAPR-3340--Spatial_Audio_I/Surround_Recording/Three_Cardioid_Front_Array_Diagram.png,1449,573,50,0.996,0
1665,DAPR-3340--Spatial_Audio_I/Surround_Recording/Using_Standard_Microphones.jpg,1600,938,80,0.838,0
1666,DAPR-3340--Spatial_Audio_I/Surround_Recording/Wide_Cardioid.png,1600,795,209,0.978,0
1667,DAPR-3340--Spatial_Audio_I/The_Dolby_Atmos_Renderer/Add_Layout_Button_and_Layout_List.png,286,259,34,0.957,0
1668,DAPR-3340--Spatial_Audio_I/The_Dolby_Atmos_Renderer/Bed_Channel_Meter_Bank.png,517,225,15,0.954,0
1669,DAPR-3340--Spatial_Audio_I/The_Dolby_Atmos_Renderer/Binaural_Output_Meter_Close_Up.png,61,230,4,0.894,0
1670,DAPR-3340--Spatial_Audio_I/The_Dolby_Atmos_Renderer/Binaural_and_Limiter_Meters.png,104,225,7,0.93,0
1671,DAPR-3340--Spatial_Audio_I/The_Dolby_Atmos_Renderer/Channel_Level_Meters_for_Bed_Speakers.png,315,225,9,0.964,0
1672,DAPR-3340--Spatial_Audio_I/The_Dolby_Atmos_Renderer/Dolby_Atmos_Speaker_Layout.png,528,460,89,0.925,0
1673,DAPR-3340--Spatial_Audio_I/The_Dolby_Atmos_Renderer/Editing_Speaker_Gain_Value.png,214,246,21,0.983,0
1674,DAPR-3340--Spatial_Audio_I/The_Dolby_Atmos_Renderer/Front_View_of_Object_Position_Dots.png,330,371,56,0.678,0
1675,DAPR-3340--Spatial_Audio_I/The_Dolby_Atmos_Renderer/Headphone_Only_Mode.png,511,220,45,0.947,0
1676,DAPR-3340--Spatial_Audio_I/The_Dolby_Atmos_Renderer/Input_Channel_Status_Grid.png,347,554,49,0.855,0
1677,DAPR-3340--Spatial_Audio_I/The_Dolby_Atmos_Renderer/Input_Configuration_Groups.png,1340,739,176,0.858,0
1678,DAPR-3340--Spatial_Audio_I/The_Dolby_Atmos_Renderer/Input_Signal_Indicator_Lights.png,340,42,4,0.936,0
1679,DAPR-3340--Spatial_Audio_I/The_Dolby_Atmos_Renderer/Main_Window_Room_View.png,1600,905,363,0.856,0
1680,DAPR-3340--Spatial_Audio_I/The_Dolby_Atmos_Renderer/Master_File_FFOA_Dialog.png,369,166,13,0.941,0
1681,DAPR-3340--Spatial_Audio_I/The_Dolby_Atmos_Renderer/Master_File_Timecode_Header_Bar.png,505,57,13,0.893,0
1682,DAPR-3340--Spatial_Audio_I/The_Dolby_Atmos_Renderer/Monitoring_Selector_Set_to_Physical.png,191,65,5,0.913,0
1683,DAPR-3340--Spatial_Audio_I/The_Dolby_Atmos_Renderer/Numbered_Input_Indicator_Circles.png,288,86,22,0.742,0
1684,DAPR-3340--Spatial_Audio_I/The_Dolby_Atmos_Renderer/Output_Gain_With_DIM_and_MUTE.png,248,61,6,0.904,0
1685,DAPR-3340--Spatial_Audio_I/The_Dolby_Atmos_Renderer/Person_View.png,1600,933,325,0.803,0
1686,DAPR-3340--Spatial_Audio_I/The_Dolby_Atmos_Renderer/Pink_Noise_Rotate_Mode_Menu.png,448,148,31,0.949,0
1687,DAPR-3340--Spatial_Audio_I/The_Dolby_Atmos_Renderer/Record_In_and_Out_Toggle_Close_Up.png,127,65,5,0.836,0
1688,DAPR-3340--Spatial_Audio_I/The_Dolby_Atmos_Renderer/Renderer_System_Topology.png,1600,900,1005,0.884,0
1689,DAPR-3340--Spatial_Audio_I/The_Dolby_Atmos_Renderer/Renderer_Window_With_Meters_and_Room.png,1366,798,238,0.864,0
1690,DAPR-3340--Spatial_Audio_I/The_Dolby_Atmos_Renderer/Room_EQ_Curve_and_Sliders.png,834,621,131,0.941,0
1691,DAPR-3340--Spatial_Audio_I/The_Dolby_Atmos_Renderer/Room_Setup_Monitoring_Speaker_Layout.png,660,816,143,0.963,0
1692,DAPR-3340--Spatial_Audio_I/The_Dolby_Atmos_Renderer/Room_View_With_Listener_Silhouette.png,464,276,48,0.816,0
1693,DAPR-3340--Spatial_Audio_I/The_Dolby_Atmos_Renderer/Room_View_With_Object_Spheres.png,629,354,65,0.867,0
1694,DAPR-3340--Spatial_Audio_I/The_Dolby_Atmos_Renderer/Room_View_With_Object_Trajectory.png,473,300,53,0.796,0
1695,DAPR-3340--Spatial_Audio_I/The_Dolby_Atmos_Renderer/Room_View_With_Single_Object_Sphere.png,457,305,55,0.774,0
1696,DAPR-3340--Spatial_Audio_I/The_Dolby_Atmos_Renderer/Room_View_of_Many_Object_Spheres.png,629,354,66,0.863,0
1697,DAPR-3340--Spatial_Audio_I/The_Dolby_Atmos_Renderer/Row_of_Input_Status_Indicator_Circles.png,132,43,2,0.845,0
1698,DAPR-3340--Spatial_Audio_I/The_Dolby_Atmos_Renderer/Signal_Generator_Pink_Noise_Control.png,445,62,13,0.942,0
1699,DAPR-3340--Spatial_Audio_I/The_Dolby_Atmos_Renderer/Signal_Generator_Source_Menu.png,450,223,44,0.95,0
1700,DAPR-3340--Spatial_Audio_I/The_Dolby_Atmos_Renderer/Source_Input_and_Master_Toggle.png,153,60,4,0.919,0
1701,DAPR-3340--Spatial_Audio_I/The_Dolby_Atmos_Renderer/Speaker_Delay_Tab_of_Room_Setup.png,660,816,141,0.981,0
1702,DAPR-3340--Spatial_Audio_I/The_Dolby_Atmos_Renderer/Speaker_EQ_Calibration_Window.png,1366,768,237,0.955,0
1703,DAPR-3340--Spatial_Audio_I/The_Dolby_Atmos_Renderer/Speaker_Layout_Map_With_Flagged_Speaker.png,316,344,10,0.983,0
1704,DAPR-3340--Spatial_Audio_I/The_Dolby_Atmos_Renderer/Speaker_Layout_Map_in_Room_Setup.png,660,816,152,0.968,0
1705,DAPR-3340--Spatial_Audio_I/The_Dolby_Atmos_Renderer/Speaker_Routing_Position_Map.png,660,816,131,0.987,0
1706,DAPR-3340--Spatial_Audio_I/The_Dolby_Atmos_Renderer/Speaker_and_Headphone_Delay_Field.png,349,90,17,0.925,0
1707,DAPR-3340--Spatial_Audio_I/The_Dolby_Atmos_Renderer/Theater_View.png,1600,933,343,0.819,0
1708,DAPR-3340--Spatial_Audio_I/The_Dolby_Atmos_Renderer/Three_Dimensional_Room_View_With_Objects.png,462,306,53,0.795,0
1709,DAPR-3340--Spatial_Audio_I/The_Dolby_Atmos_Renderer/Timecode_Counter_and_Transport_Buttons.png,366,61,9,0.93,0
1710,DAPR-3340--Spatial_Audio_I/The_Dolby_Atmos_Renderer/Trim_and_Downmix_Session_Data.png,1216,751,33,0.971,0
1711,DAPR-3340--Spatial_Audio_I/The_Dolby_Atmos_Renderer/Vertical_Limiter_Meter_Pair.png,98,225,4,0.971,0
1712,DAPR-3340--Spatial_Audio_I/The_Dolby_Atmos_Renderer/View_and_Show_Options_Menu.png,284,306,28,0.89,0
1713,DAPR-3345--Spatial_Audio_II/Asset_Pipeline__Asset_Tracking_Task_Tracking_and_Source_Control/Asset_States_and_Task_Board.png,1600,620,55,0.985,0
1714,DAPR-3345--Spatial_Audio_II/Asset_Pipeline__Asset_Tracking_Task_Tracking_and_Source_Control/Branch_and_Merge.png,1600,500,34,0.993,0
1715,DAPR-3345--Spatial_Audio_II/Asset_Pipeline__Asset_Tracking_Task_Tracking_and_Source_Control/Git_LFS_Pointer.png,1600,560,73,0.983,0
1716,DAPR-3345--Spatial_Audio_II/Asset_Pipeline__Asset_Tracking_Task_Tracking_and_Source_Control/Pull_Work_Commit_Push.png,1600,640,36,0.997,0
1717,DAPR-3345--Spatial_Audio_II/Asset_Pipeline__Asset_Tracking_Task_Tracking_and_Source_Control/Team_Room_Banner.jpg,1942,809,470,0.165,0
1718,DAPR-3345--Spatial_Audio_II/Asset_Pipeline__Asset_Tracking_Task_Tracking_and_Source_Control/Team_Room_Banner_Alt.jpg,1942,809,469,0.139,0
1719,DAPR-3345--Spatial_Audio_II/Course_Orientation/Credit_Hour_Rule.png,1600,900,425,0.961,0
1720,DAPR-3345--Spatial_Audio_II/Course_Orientation/Prerequisite_Path.png,1600,500,61,0.983,0
1721,DAPR-3345--Spatial_Audio_II/Course_Orientation/Sennheiser_HD_280_Pro.png,1200,1411,431,0.941,0
1722,DAPR-3345--Spatial_Audio_II/Course_Orientation/Term_Schedule.png,1600,720,85,0.939,0
1723,DAPR-3345--Spatial_Audio_II/Dolby_Certification__Dolby_Learning_Portal_Certification_Track/Atmos_Essentials_Listener_Dome.png,1600,600,10,1.0,0
1724,DAPR-3345--Spatial_Audio_II/Dolby_Certification__Dolby_Learning_Portal_Certification_Track/Atmos_Room_Banner.jpg,1942,809,340,0.33,0
1725,DAPR-3345--Spatial_Audio_II/Dolby_Certification__Dolby_Learning_Portal_Certification_Track/Certification_Hours.png,1600,640,72,0.989,0
1726,DAPR-3345--Spatial_Audio_II/Dolby_Certification__Dolby_Learning_Portal_Certification_Track/Control_Room_After_the_Session.png,1600,600,10,1.0,0
1727,DAPR-3345--Spatial_Audio_II/Dolby_Certification__Dolby_Learning_Portal_Certification_Track/Faders_Rising_to_the_Ceiling.png,1600,600,10,1.0,0
1728,DAPR-3345--Spatial_Audio_II/Dolby_Certification__Dolby_Learning_Portal_Certification_Track/Games_Height_Layer_Living_Room.png,1600,600,10,1.0,0
1729,DAPR-3345--Spatial_Audio_II/Dolby_Certification__Dolby_Learning_Portal_Certification_Track/Home_Studio_Finished_Master.png,1600,600,10,1.0,0
1730,DAPR-3345--Spatial_Audio_II/Dolby_Certification__Dolby_Learning_Portal_Certification_Track/Home_Studio_First_Session.png,1600,600,10,1.0,0
1731,DAPR-3345--Spatial_Audio_II/Dolby_Certification__Dolby_Learning_Portal_Certification_Track/Home_Studio_Objects_in_Motion.png,1600,600,10,1.0,0
1732,DAPR-3345--Spatial_Audio_II/Dolby_Certification__Dolby_Learning_Portal_Certification_Track/Learning_Path_Stepping_Stones.png,1600,600,10,1.0,0
1733,DAPR-3345--Spatial_Audio_II/Dolby_Certification__Dolby_Learning_Portal_Certification_Track/Mix_Room_Calibration.png,1600,600,10,1.0,0
1734,DAPR-3345--Spatial_Audio_II/Dolby_Certification__Dolby_Learning_Portal_Certification_Track/Self_Paced_Study_Desk.png,1600,600,10,1.0,0
1735,DAPR-3345--Spatial_Audio_II/Dolby_Certification__Dolby_Learning_Portal_Certification_Track/Studio_Control_Room_Beds_and_Objects.png,1600,600,10,1.0,0
1736,DAPR-3345--Spatial_Audio_II/FMOD__Implementation_in_FMOD_Studio/Distance_Minimum_and_Maximum.jpg,1536,1024,228,0.597,1
1737,DAPR-3345--Spatial_Audio_II/FMOD__Implementation_in_FMOD_Studio/FMOD_Bank_Build_Flow.png,1600,560,72,0.974,0
1738,DAPR-3345--Spatial_Audio_II/FMOD__Implementation_in_FMOD_Studio/FMOD_Bus_Structure.png,1600,640,56,0.988,0
1739,DAPR-3345--Spatial_Audio_II/FMOD__Implementation_in_FMOD_Studio/FMOD_Timeline_vs_Parameter_Sheet.png,1600,560,64,0.961,0
1740,DAPR-3345--Spatial_Audio_II/FMOD__Implementation_in_FMOD_Studio/Implementation_Desk_Banner.jpg,1942,809,262,0.417,0
1741,DAPR-3345--Spatial_Audio_II/FMOD__Implementation_in_FMOD_Studio/Kart_Engine_Parameter.png,1600,600,10,1.0,0
1742,DAPR-3345--Spatial_Audio_II/FMOD__Implementation_in_FMOD_Studio/Parameter_Mapping.png,1600,540,52,0.992,0
1743,DAPR-3345--Spatial_Audio_II/FMOD__Implementation_in_FMOD_Studio/Recording_the_Proof.png,1600,600,10,1.0,0
1744,DAPR-3345--Spatial_Audio_II/FMOD__Implementation_in_FMOD_Studio/Two_Paths_Choice.png,1600,600,10,1.0,0
1745,DAPR-3345--Spatial_Audio_II/FMOD__Implementation_in_FMOD_Studio/Workstation_Setup_Unboxing.png,1600,600,10,1.0,0
1746,DAPR-3345--Spatial_Audio_II/Final_Project__Interactive_Audio_Implementation_and_Final_Exam/Final_Project_Milestones.png,1600,480,43,0.992,0
1747,DAPR-3345--Spatial_Audio_II/Final_Project__Interactive_Audio_Implementation_and_Final_Exam/Player_at_Monitor_in_Lamplit_Room.jpg,1600,667,197,0.217,0
1748,DAPR-3345--Spatial_Audio_II/Final_Project__Interactive_Audio_Implementation_and_Final_Exam/Proposal_Planning_Table.png,1600,600,10,1.0,0
1749,DAPR-3345--Spatial_Audio_II/Final_Project__Interactive_Audio_Implementation_and_Final_Exam/Study_Guide_Banner.jpg,1942,809,520,0.14,0
1750,DAPR-3345--Spatial_Audio_II/Final_Project__Interactive_Audio_Implementation_and_Final_Exam/Study_Guide_Banner_Alt.jpg,1942,809,589,0.104,0
1751,DAPR-3345--Spatial_Audio_II/Implementation__Level_Implementation_and_Engine_Scripting/Audio_Script_Lifecycle.png,1600,540,65,0.982,0
1752,DAPR-3345--Spatial_Audio_II/Implementation__Level_Implementation_and_Engine_Scripting/Code_Driving_Sound.png,1600,600,10,1.0,0
1753,DAPR-3345--Spatial_Audio_II/Implementation__Level_Implementation_and_Engine_Scripting/Emitter_Trigger_Zone.jpg,1536,1024,260,0.366,0
1754,DAPR-3345--Spatial_Audio_II/Implementation__Level_Implementation_and_Engine_Scripting/Emitter_Trigger_Zone_Alt.jpg,1536,1024,266,0.394,0
1755,DAPR-3345--Spatial_Audio_II/Implementation__Level_Implementation_and_Engine_Scripting/Greybox_Object_Gizmo.png,1600,600,10,1.0,0
1756,DAPR-3345--Spatial_Audio_II/Implementation__Level_Implementation_and_Engine_Scripting/Level_Greybox_with_Emitters.png,1600,600,10,1.0,0
1757,DAPR-3345--Spatial_Audio_II/Implementation__Level_Implementation_and_Engine_Scripting/Listener_Placement.jpg,1536,1024,211,0.345,0
1758,DAPR-3345--Spatial_Audio_II/Implementation__Level_Implementation_and_Engine_Scripting/Listener_Placement_Alt.jpg,1536,1024,259,0.507,0
1759,DAPR-3345--Spatial_Audio_II/Implementation__Level_Implementation_and_Engine_Scripting/Silent_Sound_Sequence.png,1600,660,85,0.981,0
1760,DAPR-3345--Spatial_Audio_II/Instructor_Use_Only_(Hidden)/Uvu_Digital_Media_Logo.png,800,151,23,0.981,0
1761,DAPR-3345--Spatial_Audio_II/Interactive_Audio__Foundations_of_Interactive_Spatial_Audio/Cone_of_Confusion.jpg,1536,1024,154,0.355,0
1762,DAPR-3345--Spatial_Audio_II/Interactive_Audio__Foundations_of_Interactive_Spatial_Audio/Cone_of_Confusion_Alt.jpg,1536,1024,138,0.554,0
1763,DAPR-3345--Spatial_Audio_II/Interactive_Audio__Foundations_of_Interactive_Spatial_Audio/Linear_versus_Branching.jpg,1536,1024,200,0.471,0
1764,DAPR-3345--Spatial_Audio_II/Interactive_Audio__Foundations_of_Interactive_Spatial_Audio/Linear_versus_Branching_Alt.jpg,1536,1024,218,0.565,0
1765,DAPR-3345--Spatial_Audio_II/Interactive_Audio__Foundations_of_Interactive_Spatial_Audio/Obstruction_versus_Occlusion.jpg,1536,1024,199,0.534,0
1766,DAPR-3345--Spatial_Audio_II/Interactive_Audio__Foundations_of_Interactive_Spatial_Audio/Obstruction_versus_Occlusion_Alt.jpg,1536,1024,226,0.44,0
1767,DAPR-3345--Spatial_Audio_II/Interactive_Audio__Foundations_of_Interactive_Spatial_Audio/Rooms_and_Portals.jpg,1536,1024,226,0.439,1
1768,DAPR-3345--Spatial_Audio_II/Interactive_Audio__Foundations_of_Interactive_Spatial_Audio/Signal_Chain_Handoff.jpg,1536,1024,253,0.187,0
1769,DAPR-3345--Spatial_Audio_II/Interactive_Audio__Foundations_of_Interactive_Spatial_Audio/Signal_Chain_Handoff_Alt.jpg,1536,1024,334,0.336,0
1770,DAPR-3345--Spatial_Audio_II/Interactive_Audio__Foundations_of_Interactive_Spatial_Audio/Workstation_Banner.jpg,1942,809,268,0.439,0
1771,DAPR-3345--Spatial_Audio_II/Interactive_Audio__Foundations_of_Interactive_Spatial_Audio/Workstation_Banner_Alt.jpg,1942,809,281,0.444,0
1772,DAPR-3345--Spatial_Audio_II/Interactive_Mix__The_Immersive_Interactive_Mix/Bus_Decisions.png,1600,680,60,0.991,0
1773,DAPR-3345--Spatial_Audio_II/Interactive_Mix__The_Immersive_Interactive_Mix/Controller_Position_Banner.jpg,1942,809,276,0.475,0
1774,DAPR-3345--Spatial_Audio_II/Interactive_Mix__The_Immersive_Interactive_Mix/Controller_Position_Banner_Alt.jpg,1942,809,295,0.474,0
1775,DAPR-3345--Spatial_Audio_II/Interactive_Mix__The_Immersive_Interactive_Mix/Ducking_Envelope.png,1600,600,38,0.995,0
1776,DAPR-3345--Spatial_Audio_II/Interactive_Mix__The_Immersive_Interactive_Mix/Enter_Fast_Leave_Slow.png,1600,540,54,0.991,0
1777,DAPR-3345--Spatial_Audio_II/Interactive_Mix__The_Immersive_Interactive_Mix/Loudness_Targets.png,1600,500,37,0.993,0
1778,DAPR-3345--Spatial_Audio_II/Spatial_Recording__Orchestral_Recording_and_Spatial_Mix/Angled_Stage_View_with_Boom_Array.jpg,1600,667,295,0.252,0
1779,DAPR-3345--Spatial_Audio_II/Spatial_Recording__Orchestral_Recording_and_Spatial_Mix/Bed_and_Objects_7_1_2.png,1600,700,71,0.987,0
1780,DAPR-3345--Spatial_Audio_II/Spatial_Recording__Orchestral_Recording_and_Spatial_Mix/Compact_Selected_Clips.jpg,961,463,130,0.801,0
1781,DAPR-3345--Spatial_Audio_II/Spatial_Recording__Orchestral_Recording_and_Spatial_Mix/Concert_Hall_Immersive_Dome.png,1600,600,10,1.0,0
1782,DAPR-3345--Spatial_Audio_II/Spatial_Recording__Orchestral_Recording_and_Spatial_Mix/Concert_Hall_Stereo_Image.png,1600,600,10,1.0,0
1783,DAPR-3345--Spatial_Audio_II/Spatial_Recording__Orchestral_Recording_and_Spatial_Mix/Empty_Hall_Afterward.png,1600,600,10,1.0,0
1784,DAPR-3345--Spatial_Audio_II/Variation__Nonrepetitive_Design_Strategies/Layered_Recombination.jpg,1536,1024,227,0.432,0
1785,DAPR-3345--Spatial_Audio_II/Variation__Nonrepetitive_Design_Strategies/Layered_Recombination_Alt.jpg,1536,1024,346,0.301,0
1786,DAPR-3345--Spatial_Audio_II/Variation__Nonrepetitive_Design_Strategies/Randomization_Dimensions_Banner.jpg,1942,809,214,0.596,0
1787,DAPR-3345--Spatial_Audio_II/Variation__Nonrepetitive_Design_Strategies/Start_Point_Randomization.png,1600,520,108,0.973,0
1788,DAPR-3345--Spatial_Audio_II/Variation__Nonrepetitive_Design_Strategies/Variation_by_Frequency.png,1600,600,53,0.989,0
1789,DAPR-3345--Spatial_Audio_II/Voice_Budget__Sound_Prioritization_and_Voice_Budgets/Crowded_Scene_Banner.jpg,1942,809,436,0.293,0
1790,DAPR-3345--Spatial_Audio_II/Voice_Budget__Sound_Prioritization_and_Voice_Budgets/Crowded_Scene_Banner_Alt.jpg,1942,809,364,0.306,0
1791,DAPR-3345--Spatial_Audio_II/Voice_Budget__Sound_Prioritization_and_Voice_Budgets/Memory_Processor_Tradeoff.png,1600,660,65,0.986,0
1792,DAPR-3345--Spatial_Audio_II/Voice_Budget__Sound_Prioritization_and_Voice_Budgets/Model_City_Priority_Spotlights.png,1600,600,10,1.0,0
1793,DAPR-3345--Spatial_Audio_II/Voice_Budget__Sound_Prioritization_and_Voice_Budgets/Virtual_Voices.jpg,1536,1024,239,0.337,0
1794,DAPR-3345--Spatial_Audio_II/Voice_Budget__Sound_Prioritization_and_Voice_Budgets/Virtual_Voices_Alt.jpg,1536,1024,318,0.451,0
1795,DAPR-3345--Spatial_Audio_II/Voice_Budget__Sound_Prioritization_and_Voice_Budgets/Voice_Budget_Allocation.png,1600,480,35,0.988,0
1796,DAPR-3345--Spatial_Audio_II/Wwise__Implementation_and_Certification_in_Wwise/Compress_Many_into_Few.png,1600,600,10,1.0,0
1797,DAPR-3345--Spatial_Audio_II/Wwise__Implementation_and_Certification_in_Wwise/Middleware_Desk_Banner.jpg,1942,809,275,0.37,0
1798,DAPR-3345--Spatial_Audio_II/Wwise__Implementation_and_Certification_in_Wwise/Music_Segments_on_Rails.png,1600,600,10,1.0,0
1799,DAPR-3345--Spatial_Audio_II/Wwise__Implementation_and_Certification_in_Wwise/Nested_Containers.png,1600,600,10,1.0,0
1800,DAPR-3345--Spatial_Audio_II/Wwise__Implementation_and_Certification_in_Wwise/Rooms_and_Portals_Alt.jpg,1536,1024,185,0.411,0
1801,DAPR-3345--Spatial_Audio_II/Wwise__Implementation_and_Certification_in_Wwise/Submission_Archive_Box.png,1600,600,10,1.0,0
1802,DAPR-3345--Spatial_Audio_II/Wwise__Implementation_and_Certification_in_Wwise/Wwise_Three_Hierarchies.png,1600,640,69,0.986,0
1803,DAPR-3345--Spatial_Audio_II/_unused/Final_Project/Player_at_Monitor_in_Dark_Room.jpg,1942,809,160,0.689,0
1804,DAPR-3345--Spatial_Audio_II/_unused/Spatial_Recording/Frontal_Stage_View_with_Microphone_Tree.jpg,1942,809,346,0.36,0
